text,lemma,pos,tag,morph,nearest,similarity,precedes
parte,parte,NOUN,S,Gender=Fem|Number=Sing,gran,0.6284207701683044,NO
tempo,tempo,NOUN,S,Gender=Masc|Number=Sing,lasso,0.6874811053276062,NO
anno,anno,NOUN,S,Gender=Masc|Number=Sing,mese,0.746475875377655,NO
modo,modo,NOUN,S,Gender=Masc|Number=Sing,maniera,0.6689660549163818,NO
vita,vita,NOUN,S,Gender=Fem|Number=Sing,quotidianità,0.6628544330596924,NO
casa,casa,NOUN,S,Gender=Fem|Number=Sing,abitazione,0.6752430200576782,NO
volta,volta,NOUN,S,Gender=Fem|Number=Sing,prima,0.7549093961715698,NO
mondo,mondo,NOUN,S,Gender=Masc|Number=Sing,continente,0.6482898592948914,NO
film,film,NOUN,S,Gender=Masc,lungometraggio,0.7358296513557434,NO
caso,caso,NOUN,S,Gender=Masc|Number=Sing,questo,0.6453240513801575,NO
lavoro,lavoro,NOUN,S,Gender=Masc|Number=Sing,lavorativo,0.6025575995445251,NO
serie,serie,NOUN,S,Gender=Fem,televisiva,0.5601380467414856,NO
nome,nome,NOUN,S,Gender=Masc|Number=Sing,cognome,0.6966883540153503,NO
fine,fine,NOUN,S,Gender=Fem|Number=Sing,inizio,0.6658462882041931,NO
maggio,maggio,NOUN,S,Gender=Masc|Number=Sing,marzo,0.9234462976455688,NO
giorno,giorno,NOUN,S,Gender=Masc|Number=Sing,mese,0.6780027151107788,NO
storia,storia,NOUN,S,Gender=Fem|Number=Sing,storica,0.6591857671737671,NO
numero,numero,NOUN,S,Gender=Masc|Number=Sing,esiguo,0.5803369879722595,NO
punto,punto,NOUN,S,Gender=Masc|Number=Sing,vista,0.6560428142547607,NO
base,base,NOUN,S,Gender=Fem|Number=Sing,sulla,0.6147251129150391,NO
posto,posto,NOUN,S,Gender=Masc|Number=Sing,terzo,0.5930598974227905,NO
marzo,marzo,NOUN,S,Gender=Masc|Number=Sing,febbraio,0.9783260226249695,NO
settembre,settembre,NOUN,S,Gender=Masc|Number=Sing,ottobre,0.965943455696106,NO
gruppo,gruppo,NOUN,S,Gender=Masc|Number=Sing,gruppetto,0.7012093663215637,NO
momento,momento,NOUN,S,Gender=Masc|Number=Sing,quel,0.6434153914451599,NO
aprile,aprile,NOUN,S,Gender=Masc|Number=Sing,marzo,0.9728773832321167,YES
famiglia,famiglia,NOUN,S,Gender=Fem|Number=Sing,famigliare,0.6205845475196838,NO
sistema,sistema,NOUN,S,Gender=Masc|Number=Sing,meccanismo,0.7077982425689697,NO
giugno,giugno,NOUN,S,Gender=Masc|Number=Sing,luglio,0.968877911567688,NO
gennaio,gennaio,NOUN,S,Gender=Masc|Number=Sing,febbraio,0.9583643078804016,NO
ottobre,ottobre,NOUN,S,Gender=Masc|Number=Sing,novembre,0.9760345816612244,NO
stagione,stagione,NOUN,S,Gender=Fem|Number=Sing,primavera,0.6539064645767212,NO
dicembre,dicembre,NOUN,S,Gender=Masc|Number=Sing,novembre,0.9570050835609436,NO
grazie,grazie,NOUN,S,,ringrazio,0.5343784689903259,NO
centro,centro,NOUN,S,Gender=Masc|Number=Sing,storico,0.6407065987586975,NO
servizio,servizio,NOUN,S,Gender=Masc|Number=Sing,servizi,0.5525572299957275,NO
luglio,luglio,NOUN,S,Gender=Masc|Number=Sing,giugno,0.9688778519630432,YES
novembre,novembre,NOUN,S,Gender=Masc|Number=Sing,ottobre,0.9760345220565796,YES
febbraio,febbraio,NOUN,S,Gender=Masc|Number=Sing,marzo,0.9783259630203247,YES
esempio,esempio,NOUN,S,Gender=Masc|Number=Sing,es.,0.6814642548561096,NO
ricerca,ricerca,NOUN,S,Gender=Fem|Number=Sing,sperimentazione,0.6362247467041016,NO
piano,piano,NOUN,B,Gender=Masc|Number=Sing,piani,0.6169511079788208,NO
uso,uso,NOUN,S,Gender=Masc|Number=Sing,utilizzo,0.8577773571014404,NO
periodo,periodo,NOUN,S,Gender=Masc|Number=Sing,lasso,0.6664190292358398,NO
secolo,secolo,NOUN,S,Gender=Masc|Number=Sing,millennio,0.7211664319038391,NO
agosto,agosto,NOUN,S,Gender=Masc|Number=Sing,luglio,0.9553330540657043,YES
tipo,tipo,NOUN,S,Gender=Masc|Number=Sing,genere,0.6726912260055542,NO
pagina,pagina,NOUN,S,Gender=Fem|Number=Sing,pagine,0.6783246994018555,NO
uomo,uomo,NOUN,S,Gender=Masc|Number=Sing,donna,0.6629462242126465,NO
titolo,titolo,NOUN,S,Gender=Masc|Number=Sing,sottotitolo,0.6097219586372375,NO
progetto,progetto,NOUN,S,Gender=Masc|Number=Sing,programma,0.6449972987174988,NO
guerra,guerra,NOUN,S,Gender=Fem|Number=Sing,guerre,0.6356596946716309,NO
livello,livello,NOUN,S,Gender=Masc|Number=Sing,livelli,0.6365059614181519,NO
forma,forma,NOUN,S,Gender=Fem|Number=Sing,dimensione,0.5811893343925476,NO
http,http,NOUN,S,,https,0.817719042301178,NO
gioco,gioco,NOUN,S,Gender=Masc|Number=Sing,videogioco,0.677927553653717,NO
opera,opera,NOUN,S,Gender=Fem|Number=Sing,compiuta,0.5918923020362854,NO
foto,foto,NOUN,S,Gender=Fem,fotografie,0.781371533870697,NO
album,album,NOUN,S,Gender=Masc,disco,0.6726669669151306,NO
legge,legge,NOUN,S,Gender=Fem|Number=Sing,norma,0.6686541438102722,NO
acqua,acqua,NOUN,S,Gender=Fem|Number=Sing,potabile,0.6925430297851562,NO
euro,euro,NOUN,S,Gender=Masc,euri,0.7777860164642334,NO
articolo,articolo,NOUN,S,Gender=Masc|Number=Sing,paragrafo,0.6463586091995239,NO
libro,libro,NOUN,S,Gender=Masc|Number=Sing,romanzo,0.7850711941719055,NO
versione,versione,NOUN,S,Gender=Fem|Number=Sing,versioni,0.6846172213554382,NO
causa,causa,NOUN,S,Gender=Fem|Number=Sing,causata,0.6230016350746155,NO
m,m,NOUN,X,Gender=Masc,m.,0.7006354331970215,NO
grado,grado,NOUN,S,Gender=Masc|Number=Sing,capace,0.6479836702346802,NO
campo,campo,NOUN,S,Gender=Masc|Number=Sing,campi,0.6550353169441223,NO
inizio,inizio,NOUN,S,Gender=Masc|Number=Sing,inizi,0.6989730000495911,NO
squadra,squadra,NOUN,S,Gender=Fem|Number=Sing,compagine,0.7214656472206116,NO
struttura,struttura,NOUN,S,Gender=Fem|Number=Sing,organizzativa,0.585793673992157,NO
successo,successo,NOUN,S,Gender=Masc|Number=Sing,riscosso,0.6772645115852356,NO
termine,termine,NOUN,S,Gender=Masc|Number=Sing,vocabolo,0.5770761370658875,NO
linea,linea,NOUN,S,Gender=Fem|Number=Sing,linee,0.5767713785171509,NO
territorio,territorio,NOUN,S,Gender=Masc|Number=Sing,territoriale,0.7175469994544983,NO
problema,problema,NOUN,S,Gender=Masc|Number=Sing,inconveniente,0.6827915906906128,NO
luogo,luogo,NOUN,S,Gender=Masc|Number=Sing,momento,0.5525949597358704,YES
persona,persona,NOUN,S,Gender=Fem|Number=Sing,donna,0.5810675621032715,NO
studio,studio,NOUN,S,Gender=Masc|Number=Sing,studi,0.6018034219741821,NO
ruolo,ruolo,NOUN,S,Gender=Masc|Number=Sing,ruoli,0.6560640931129456,NO
genere,genere,NOUN,S,Gender=Masc|Number=Sing,tipo,0.6726913452148438,YES
cucina,cucina,NOUN,S,Gender=Fem|Number=Sing,gastronomia,0.6436905860900879,NO
strada,strada,NOUN,S,Gender=Fem|Number=Sing,stradina,0.6603885293006897,NO
terra,terra,NOUN,S,Gender=Fem|Number=Sing,suolo,0.562235951423645,NO
programma,programma,NOUN,S,Gender=Masc|Number=Sing,programmi,0.6578049063682556,NO
paese,paese,NOUN,S,Gender=Masc|Number=Sing,paesino,0.6682729721069336,NO
provincia,provincia,NOUN,S,Gender=Fem|Number=Sing,regione,0.6452468633651733,NO
sede,sede,NOUN,S,Gender=Fem|Number=Sing,sedi,0.6018816828727722,NO
prezzo,prezzo,NOUN,S,Gender=Masc|Number=Sing,costo,0.7161644697189331,NO
amore,amore,NOUN,S,Gender=Masc|Number=Sing,sentimento,0.6749745011329651,NO
figlio,figlio,NOUN,S,Gender=Masc|Number=Sing,padre,0.8587051033973694,NO
area,area,NOUN,S,Gender=Fem|Number=Sing,zona,0.6483762860298157,NO
mare,mare,NOUN,S,Gender=Masc|Number=Sing,oceano,0.645458459854126,NO
senso,senso,NOUN,S,Gender=Masc|Number=Sing,significato,0.6026570796966553,NO
scuola,scuola,NOUN,S,Gender=Fem|Number=Sing,scolastica,0.6788038015365601,NO
padre,padre,NOUN,S,Gender=Masc|Number=Sing,figlio,0.8587051033973694,YES
corpo,corpo,NOUN,S,Gender=Masc|Number=Sing,viso,0.5920358300209045,NO
cura,cura,NOUN,S,Gender=Fem|Number=Sing,curata,0.607020914554596,NO
ordine,ordine,NOUN,S,Gender=Masc|Number=Sing,cronologico,0.5849242806434631,NO
chiesa,chiesa,NOUN,S,Gender=Fem|Number=Sing,chiesetta,0.769792914390564,NO
sviluppo,sviluppo,NOUN,S,Gender=Masc|Number=Sing,crescita,0.6050366759300232,NO
presidente,presidente,NOUN,S,Gender=Masc|Number=Sing,vicepresidente,0.863442063331604,NO
rete,rete,NOUN,S,Gender=Fem|Number=Sing,reti,0.6415461897850037,NO
diritto,diritto,NOUN,S,Gender=Masc|Number=Sing,diritti,0.6208521127700806,NO
azienda,azienda,NOUN,S,Gender=Fem|Number=Sing,ditta,0.6394707560539246,NO
mano,mano,NOUN,S,Gender=Fem|Number=Sing,mani,0.6381494998931885,NO
auto,auto,NOUN,V,Gender=Fem,automobile,0.7363795638084412,NO
musica,musica,NOUN,S,Gender=Fem|Number=Sing,musicale,0.6808194518089294,NO
stile,stile,NOUN,S,Gender=Masc|Number=Sing,sobrio,0.6229714751243591,NO
web,web,NOUN,S,Gender=Masc,sito,0.7531372904777527,NO
viaggio,viaggio,NOUN,S,Gender=Masc|Number=Sing,viaggi,0.6962720155715942,NO
donna,donna,NOUN,S,Gender=Fem|Number=Sing,ragazza,0.7294330596923828,NO
occasione,occasione,NOUN,S,Gender=Fem|Number=Sing,occasioni,0.6333146691322327,NO
notte,notte,NOUN,S,Gender=Fem|Number=Sing,nottata,0.6846342086791992,NO
mese,mese,NOUN,S,Gender=Masc|Number=Sing,anno,0.746475875377655,YES
governo,governo,NOUN,S,Gender=Masc|Number=Sing,parlamento,0.6842935681343079,NO
controllo,controllo,NOUN,S,Gender=Masc|Number=Sing,monitoraggio,0.6512697339057922,NO
richiesta,richiesta,NOUN,S,Gender=Fem|Number=Sing,domanda,0.638918399810791,NO
fronte,fronte,NOUN,S,Number=Sing,davanti,0.7144584059715271,NO
idea,idea,NOUN,S,Gender=Fem|Number=Sing,intuizione,0.6503202319145203,NO
gestione,gestione,NOUN,S,Gender=Fem|Number=Sing,pianificazione,0.6408083438873291,NO
settimana,settimana,NOUN,S,Gender=Fem|Number=Sing,mese,0.6976125240325928,YES
settore,settore,NOUN,S,Gender=Masc|Number=Sing,comparto,0.6833187341690063,NO
utilizzo,utilizzo,NOUN,S,Gender=Masc|Number=Sing,uso,0.8577774167060852,YES
testo,testo,NOUN,S,Gender=Masc|Number=Sing,documento,0.6292660236358643,NO
spazio,spazio,NOUN,S,Gender=Masc|Number=Sing,spazi,0.6002078652381897,NO
specie,specie,NOUN,S,Gender=Fem,sottospecie,0.6561864614486694,NO
bagno,bagno,NOUN,S,Gender=Masc|Number=Sing,doccia,0.7115084528923035,NO
blog,blog,NOUN,S,,post,0.6753433346748352,NO
valore,valore,NOUN,S,Gender=Masc|Number=Sing,intrinseco,0.6764400601387024,NO
conto,conto,NOUN,S,Gender=Masc|Number=Sing,conti,0.5682401657104492,NO
autore,autore,NOUN,S,Gender=Masc|Number=Sing,autrice,0.6562761664390564,NO
regione,regione,NOUN,S,Gender=Fem|Number=Sing,provincia,0.6452468633651733,YES
mezzo,mezzo,NOUN,S,Gender=Masc|Number=Sing,milione,0.5494267344474792,NO
cuore,cuore,NOUN,S,Gender=Masc|Number=Sing,cuori,0.5843660831451416,NO
lingua,lingua,NOUN,S,Gender=Fem|Number=Sing,straniera,0.6789973974227905,NO
luce,luce,NOUN,S,Gender=Fem|Number=Sing,luminosità,0.604314386844635,NO
discussione,discussione,NOUN,S,Gender=Fem|Number=Sing,discussioni,0.6548753976821899,NO
accesso,accesso,NOUN,S,Gender=Masc|Number=Sing,accedere,0.6482402086257935,NO
re,re,NOUN,S,Gender=Masc,monarca,0.46967652440071106,NO
forza,forza,NOUN,S,Gender=Fem|Number=Sing,debolezza,0.6388009190559387,NO
calcio,calcio,NOUN,S,Gender=Masc|Number=Sing,calcistico,0.6541914343833923,NO
modello,modello,NOUN,S,Gender=Masc|Number=Sing,prototipo,0.6150215864181519,NO
appartamento,appartamento,NOUN,S,Gender=Masc|Number=Sing,monolocale,0.7678626179695129,NO
set,set,NOUN,I,Gender=Masc,ott,0.5357019901275635,NO
riferimento,riferimento,NOUN,S,Gender=Masc|Number=Sing,riferimenti,0.5936796069145203,NO
bisogno,bisogno,NOUN,S,Gender=Masc|Number=Sing,necessita,0.691139280796051,NO
rapporto,rapporto,NOUN,S,Gender=Masc|Number=Sing,legame,0.7199372053146362,NO
bar,bar,NOUN,S,Gender=Masc,pub,0.6571494340896606,NO
classe,classe,NOUN,S,Gender=Fem|Number=Sing,classi,0.6200084090232849,NO
ingresso,ingresso,NOUN,S,Gender=Masc|Number=Sing,ingressi,0.685370683670044,NO
madre,madre,NOUN,S,Gender=Fem|Number=Sing,figlia,0.8203895092010498,NO
fase,fase,NOUN,S,Gender=Fem|Number=Sing,fasi,0.6379387378692627,NO
colore,colore,NOUN,S,Gender=Masc|Number=Sing,bianco,0.6462513208389282,NO
processo,processo,NOUN,S,Gender=Masc|Number=Sing,processi,0.7275864481925964,NO
quest,quest,NOUN,S,Gender=Fem,quest,0.7917272448539734,NO
natura,natura,NOUN,S,Gender=Fem|Number=Sing,bellezza,0.5762605667114258,NO
risultato,risultato,NOUN,S,Gender=Masc|Number=Sing,esito,0.6666633486747742,NO
categoria,categoria,NOUN,S,Gender=Fem|Number=Sing,categorie,0.6716084480285645,NO
immagine,immagine,NOUN,S,Gender=Fem|Number=Sing,raffigurazione,0.5980021357536316,NO
interesse,interesse,NOUN,S,Gender=Masc|Number=Sing,disinteresse,0.5835644006729126,NO
incontro,incontro,NOUN,S,Gender=Masc|Number=Sing,appuntamento,0.6249880790710449,NO
potere,potere,NOUN,S,Gender=Masc|Number=Sing,poteri,0.5949779748916626,NO
origine,origine,NOUN,S,Gender=Fem|Number=Sing,provenienza,0.6608166098594666,NO
carriera,carriera,NOUN,S,Gender=Fem|Number=Sing,carriere,0.6575914025306702,NO
risposta,risposta,NOUN,S,Gender=Fem|Number=Sing,domanda,0.6721355319023132,NO
ambiente,ambiente,NOUN,S,Gender=Masc|Number=Sing,ecosistema,0.6421957612037659,NO
cm,cm,NOUN,S,,cm.,0.7245761752128601,NO
gara,gara,NOUN,S,Gender=Fem|Number=Sing,gare,0.690532922744751,NO
soggiorno,soggiorno,NOUN,S,Gender=Masc|Number=Sing,soggiorni,0.6129583716392517,NO
oro,oro,NOUN,S,Gender=Masc|Number=Sing,argento,0.8733903169631958,NO
capo,capo,NOUN,S,Gender=Masc|Number=Sing,comandante,0.5848356485366821,NO
moglie,moglie,NOUN,S,Gender=Fem|Number=Sing,figlia,0.813615620136261,NO
codice,codice,NOUN,S,Gender=Masc|Number=Sing,codici,0.6633086204528809,NO
accordo,accordo,NOUN,S,Gender=Masc|Number=Sing,daccordo,0.6482715606689453,NO
tema,tema,NOUN,S,Gender=Masc|Number=Sing,argomento,0.6842430233955383,NO
sinistra,sinistra,NOUN,S,Gender=Fem|Number=Sing,destra,0.9518430233001709,NO
ecc,ecc,NOUN,S,,etc,0.9155318737030029,NO
aria,aria,NOUN,S,Gender=Fem|Number=Sing,acqua,0.5937427878379822,YES
episodio,episodio,NOUN,S,Gender=Masc|Number=Sing,episodi,0.6423242688179016,NO
indirizzo,indirizzo,NOUN,S,Gender=Masc|Number=Sing,indirizzi,0.6062795519828796,NO
resto,resto,NOUN,S,Gender=Masc|Number=Sing,tutto,0.7425366044044495,NO
stampa,stampa,NOUN,S,Gender=Fem|Number=Sing,stampata,0.612739622592926,NO
oggetto,oggetto,NOUN,S,Gender=Masc|Number=Sing,soggetto,0.5485605597496033,NO
campagna,campagna,NOUN,S,Gender=Fem|Number=Sing,campagne,0.707748532295227,NO
ritorno,ritorno,NOUN,S,Gender=Masc|Number=Sing,rientro,0.7019984126091003,NO
energia,energia,NOUN,S,Gender=Fem|Number=Sing,elettricità,0.7356948852539062,NO
evento,evento,NOUN,S,Gender=Masc|Number=Sing,avvenimento,0.7792636156082153,NO
vittoria,vittoria,NOUN,S,Gender=Fem|Number=Sing,sconfitta,0.7754644155502319,NO
fondo,fondo,NOUN,S,Gender=Masc|Number=Sing,profondo,0.5071590542793274,NO
protagonista,protagonista,NOUN,S,Number=Sing,co-protagonista,0.7131192684173584,NO
cookie,cookie,NOUN,S,Gender=Masc|Number=Plur,cookies,0.8525853157043457,NO
amico,amico,NOUN,S,Gender=Masc|Number=Sing,compagno,0.6976155638694763,NO
recensione,recensione,NOUN,S,Gender=Fem|Number=Sing,recensito,0.56336909532547,NO
atto,atto,NOUN,S,Gender=Masc|Number=Sing,costitutivo,0.5375354290008545,NO
personaggio,personaggio,NOUN,S,Gender=Masc|Number=Sing,personaggi,0.6747460961341858,NO
aiuto,aiuto,NOUN,S,Gender=Masc|Number=Sing,ausilio,0.6181930899620056,NO
questione,questione,NOUN,S,Gender=Fem|Number=Sing,faccenda,0.7348571419715881,NO
isola,isola,NOUN,S,Gender=Fem|Number=Sing,arcipelago,0.670400857925415,NO
battaglia,battaglia,NOUN,S,Gender=Fem|Number=Sing,battaglie,0.6783488392829895,NO
maniera,maniera,NOUN,S,Gender=Fem|Number=Sing,modo,0.6689661145210266,YES
rischio,rischio,NOUN,S,Gender=Masc|Number=Sing,pericolo,0.7546047568321228,NO
intervento,intervento,NOUN,S,Gender=Masc|Number=Sing,interventi,0.691631019115448,NO
carta,carta,NOUN,S,Gender=Fem|Number=Sing,carte,0.6299629807472229,NO
scopo,scopo,NOUN,S,Gender=Masc|Number=Sing,intento,0.6874353885650635,NO
sera,sera,NOUN,S,Gender=Fem|Number=Sing,mattina,0.8385569453239441,NO
uscita,uscita,NOUN,S,Gender=Fem|Number=Sing,entrata,0.7056010961532593,NO
destra,destra,NOUN,S,Gender=Fem|Number=Sing,sinistra,0.9518429040908813,YES
materiale,materiale,NOUN,S,Gender=Masc|Number=Sing,materiali,0.6459648013114929,NO
analisi,analisi,NOUN,S,Gender=Fem,indagine,0.6756009459495544,NO
motore,motore,NOUN,S,Gender=Masc|Number=Sing,propulsore,0.7383484840393066,NO
aspetto,aspetto,NOUN,S,Gender=Masc|Number=Sing,atteggiamento,0.5844990611076355,NO
lug,lug,NOUN,S,Gender=Masc,apr,0.9222877025604248,NO
mm,mm,NOUN,S,,cm,0.7223148345947266,YES
giro,giro,NOUN,S,Gender=Masc|Number=Sing,girando,0.6170595288276672,NO
crisi,crisi,NOUN,S,Gender=Fem,recessione,0.7419331669807434,NO
trattamento,trattamento,NOUN,S,Gender=Masc|Number=Sing,trattamenti,0.6621653437614441,NO
parola,parola,NOUN,S,Gender=Fem|Number=Sing,frase,0.7170886397361755,NO
motivo,motivo,NOUN,S,Gender=Masc|Number=Sing,questo,0.6317068934440613,NO
software,software,NOUN,S,Gender=Masc,hardware,0.6863819360733032,NO
romanzo,romanzo,NOUN,S,Gender=Masc|Number=Sing,libro,0.7850712537765503,YES
arrivo,arrivo,NOUN,S,Gender=Masc|Number=Sing,partenza,0.6476491093635559,NO
movimento,movimento,NOUN,S,Gender=Masc|Number=Sing,movimenti,0.690918505191803,NO
piazza,piazza,NOUN,S,Gender=Fem|Number=Sing,piazzetta,0.7441225051879883,NO
mq,mq,NOUN,S,,m2,0.7189294695854187,NO
commento,commento,NOUN,S,Gender=Masc|Number=Sing,post,0.6282883286476135,NO
effetto,effetto,NOUN,S,Gender=Masc|Number=Sing,impatto,0.6444175839424133,NO
club,club,NOUN,S,Gender=Masc,circoli,0.513573169708252,NO
distanza,distanza,NOUN,S,Gender=Fem|Number=Sing,distante,0.6290373802185059,NO
olio,olio,NOUN,S,Gender=Masc|Number=Sing,oliva,0.7617202997207642,NO
attore,attore,NOUN,S,Gender=Masc|Number=Sing,attrice,0.7114965319633484,NO
bambino,bambino,NOUN,S,Gender=Masc|Number=Sing,bimbo,0.8727877736091614,NO
obiettivo,obiettivo,NOUN,S,Gender=Masc|Number=Sing,obbiettivo,0.9357939958572388,NO
favore,favore,NOUN,S,Gender=Masc|Number=Sing,sfavore,0.7049927711486816,NO
legno,legno,NOUN,S,Gender=Masc|Number=Sing,metallo,0.6902215480804443,NO
fratello,fratello,NOUN,S,Gender=Masc|Number=Sing,cugino,0.8182010054588318,NO
consiglio,consiglio,NOUN,S,Gender=Masc|Number=Sing,consiglierei,0.6604804992675781,NO
turno,turno,NOUN,S,Gender=Masc|Number=Sing,turni,0.5767582058906555,NO
pratica,pratica,NOUN,S,Gender=Fem|Number=Sing,teorica,0.6733736991882324,NO
nord,nord,NOUN,S,Gender=Masc|Number=Sing,sud,0.9588430523872375,NO
gente,gente,NOUN,S,Gender=Fem|Number=Sing,tantissima,0.5885798931121826,NO
fuoco,fuoco,NOUN,S,Gender=Masc|Number=Sing,fiamme,0.5935103893280029,NO
canzone,canzone,NOUN,S,Gender=Fem|Number=Sing,brano,0.7312990427017212,NO
macchina,macchina,NOUN,S,Gender=Fem|Number=Sing,macchinetta,0.6706348657608032,NO
superficie,superficie,NOUN,S,Gender=Fem|Number=Sing,densità,0.5853000283241272,NO
procedura,procedura,NOUN,S,Gender=Fem|Number=Sing,procedure,0.6711840033531189,NO
capitale,capitale,NOUN,S,Gender=Fem|Number=Sing,capitali,0.6067429780960083,NO
disco,disco,NOUN,S,Gender=Masc|Number=Sing,dischi,0.7215886116027832,NO
contenuto,contenuto,NOUN,S,Gender=Masc|Number=Sing,contenuti,0.6766836643218994,NO
sud,sud,NOUN,S,Gender=Masc|Number=Sing,nord,0.9588430523872375,YES
passo,passo,NOUN,S,Gender=Masc|Number=Sing,avanti,0.6596149802207947,NO
ragione,ragione,NOUN,S,Gender=Fem|Number=Sing,torto,0.6516506671905518,NO
standard,standard,NOUN,S,Gender=Masc,qualitativi,0.6241359710693359,NO
direttore,direttore,NOUN,S,Gender=Masc|Number=Sing,vicedirettore,0.7867990136146545,NO
acquisto,acquisto,NOUN,S,Gender=Masc|Number=Sing,acquistare,0.63899827003479,NO
esterno,esterno,NOUN,S,Gender=Masc|Number=Sing,interno,0.7790979743003845,NO
esercito,esercito,NOUN,S,Gender=Masc|Number=Sing,eserciti,0.6558761596679688,NO
giocatore,giocatore,NOUN,S,Gender=Masc|Number=Sing,calciatore,0.7021960616111755,NO
attacco,attacco,NOUN,S,Gender=Masc|Number=Sing,assalto,0.6856337189674377,NO
peso,peso,NOUN,S,Gender=Masc|Number=Sing,pesare,0.6287400126457214,NO
memoria,memoria,NOUN,S,Gender=Fem|Number=Sing,memorizzazione,0.5847563743591309,NO
salute,salute,NOUN,S,Gender=Fem|Number=Sing,benessere,0.6291056275367737,NO
supporto,supporto,NOUN,S,Gender=Masc|Number=Sing,sostegno,0.7044588327407837,NO
domenica,domenica,NOUN,S,Gender=Fem|Number=Sing,sabato,0.8911085724830627,NO
pelle,pelle,NOUN,S,Gender=Fem|Number=Sing,epidermide,0.5934063792228699,NO
materia,materia,NOUN,S,Gender=Fem|Number=Sing,legislazione,0.6198093891143799,NO
internet,internet,NOUN,S,,web,0.7288121581077576,YES
strumento,strumento,NOUN,S,Gender=Masc|Number=Sing,strumenti,0.6151518821716309,NO
edificio,edificio,NOUN,S,Gender=Masc|Number=Sing,palazzo,0.6821518540382385,NO
crescita,crescita,NOUN,S,Gender=Fem|Number=Sing,diminuzione,0.6115830540657043,NO
band,band,NOUN,SW,Gender=Fem,rock,0.6597387790679932,NO
pagamento,pagamento,NOUN,S,Gender=Masc|Number=Sing,pagamenti,0.598556399345398,NO
visita,visita,NOUN,S,Gender=Fem|Number=Sing,visitare,0.6294910907745361,NO
regista,regista,NOUN,S,Gender=Masc|Number=Sing,sceneggiatore,0.7909333109855652,NO
contatto,contatto,NOUN,S,Gender=Masc|Number=Sing,contatti,0.5949169397354126,NO
computer,computer,NOUN,S,Gender=Masc,notebook,0.6358780264854431,NO
vescovo,vescovo,NOUN,S,Gender=Masc|Number=Sing,arcivescovo,0.8457280397415161,NO
apertura,apertura,NOUN,S,Gender=Fem|Number=Sing,chiusura,0.78214031457901,NO
messaggio,messaggio,NOUN,S,Gender=Masc|Number=Sing,messaggi,0.6630530953407288,NO
email,email,NOUN,S,Gender=Fem,mail,0.8090283870697021,NO
scrittore,scrittore,NOUN,S,Gender=Masc|Number=Sing,romanziere,0.8356412649154663,NO
costo,costo,NOUN,S,Gender=Masc|Number=Sing,prezzo,0.7161645293235779,YES
membro,membro,NOUN,S,Gender=Masc|Number=Sing,membri,0.6564586162567139,NO
passaggio,passaggio,NOUN,S,Gender=Masc|Number=Sing,transito,0.6520773768424988,NO
importanza,importanza,NOUN,S,Gender=Fem|Number=Sing,rilevanza,0.730946958065033,NO
parco,parco,NOUN,S,Gender=Masc|Number=Sing,giardino,0.6152137517929077,NO
cambio,cambio,NOUN,S,Gender=Masc|Number=Sing,cambi,0.6406714916229248,NO
matrimonio,matrimonio,NOUN,S,Gender=Masc|Number=Sing,fidanzamento,0.7226153612136841,NO
fonte,fonte,NOUN,S,Gender=Fem|Number=Sing,fonti,0.6071093678474426,NO
marito,marito,NOUN,S,Gender=Masc|Number=Sing,suocero,0.7722115516662598,NO
medico,medico,NOUN,S,Gender=Masc|Number=Sing,ginecologo,0.7230664491653442,NO
festa,festa,NOUN,S,Gender=Fem|Number=Sing,celebrazione,0.6947545409202576,NO
scheda,scheda,NOUN,S,Gender=Fem|Number=Sing,schede,0.6040473580360413,NO
allenatore,allenatore,NOUN,S,Gender=Masc|Number=Sing,allenatori,0.7089160084724426,NO
impegno,impegno,NOUN,S,Gender=Masc|Number=Sing,profuso,0.6826865077018738,NO
trasporto,trasporto,NOUN,S,Gender=Masc|Number=Sing,trasporti,0.6795666217803955,NO
economia,economia,NOUN,S,Gender=Fem|Number=Sing,finanza,0.6743208765983582,NO
lettera,lettera,NOUN,S,Gender=Fem|Number=Sing,missiva,0.6893536448478699,NO
merito,merito,NOUN,S,Gender=Masc|Number=Sing,riguardo,0.6975467205047607,NO
piacere,piacere,NOUN,S,Gender=Masc|Number=Sing,dispiacere,0.6721276044845581,NO
carattere,carattere,NOUN,S,Gender=Masc|Number=Sing,temperamento,0.6645508408546448,NO
castello,castello,NOUN,S,Gender=Masc|Number=Sing,castelli,0.6514527201652527,NO
impianto,impianto,NOUN,S,Gender=Masc|Number=Sing,impianti,0.6671111583709717,NO
compagnia,compagnia,NOUN,S,Gender=Fem|Number=Sing,compagnie,0.5846595168113708,NO
ufficio,ufficio,NOUN,S,Gender=Masc|Number=Sing,uffici,0.6532537341117859,NO
terreno,terreno,NOUN,S,Gender=Masc|Number=Sing,appezzamento,0.6440802216529846,NO
pensiero,pensiero,NOUN,S,Gender=Masc|Number=Sing,ragionamento,0.5918566584587097,NO
giudizio,giudizio,NOUN,S,Gender=Masc|Number=Sing,giudizi,0.6446676850318909,NO
paura,paura,NOUN,S,Gender=Fem|Number=Sing,timore,0.770628809928894,NO
consenso,consenso,NOUN,S,Gender=Masc|Number=Sing,assenso,0.6413939595222473,NO
ragazzo,ragazzo,NOUN,S,Gender=Masc|Number=Sing,ragazzino,0.8473215699195862,NO
lettura,lettura,NOUN,S,Gender=Fem|Number=Sing,rilettura,0.7008057832717896,NO
utilizza,utilizza,NOUN,S,Gender=Fem|Number=Sing,usa,0.8178732991218567,NO
voto,voto,NOUN,S,Gender=Masc|Number=Sing,scrutinio,0.6241122484207153,NO
sangue,sangue,NOUN,S,Gender=Masc|Number=Sing,sanguigno,0.5617579221725464,NO
sabato,sabato,NOUN,S,Gender=Masc|Number=Sing,venerdì,0.9133983254432678,NO
danno,danno,NOUN,S,Gender=Masc|Number=Sing,daranno,0.620322585105896,NO
carico,carico,NOUN,S,Gender=Masc|Number=Sing,carichi,0.6120889186859131,NO
polizia,polizia,NOUN,S,Gender=Fem|Number=Sing,poliziotti,0.6972307562828064,NO
segno,segno,NOUN,S,Gender=Masc|Number=Sing,segni,0.59345942735672,NO
argomento,argomento,NOUN,S,Gender=Masc|Number=Sing,argomenti,0.6946146488189697,NO
teatro,teatro,NOUN,S,Gender=Masc|Number=Sing,teatrale,0.7092918753623962,NO
volume,volume,NOUN,S,Gender=Masc|Number=Sing,volumi,0.6153824925422668,NO
elemento,elemento,NOUN,S,Gender=Masc|Number=Sing,fattore,0.6542162895202637,NO
artista,artista,NOUN,S,Number=Sing,pittore,0.7553010582923889,NO
gol,gol,NOUN,S,Gender=Masc,goal,0.8758571147918701,NO
porno,porno,NOUN,S,Gender=Masc|Number=Sing,xxx,0.5807820558547974,NO
trading,trading,NOUN,S,,binarie,0.7663479447364807,NO
contesto,contesto,NOUN,S,Gender=Masc|Number=Sing,scenario,0.6226757168769836,NO
forum,forum,NOUN,S,Gender=Masc,topic,0.7048296332359314,NO
leader,leader,NOUN,S,,leaders,0.6499843001365662,NO
vacanza,vacanza,NOUN,S,Gender=Fem|Number=Sing,vacanze,0.7476011514663696,NO
notizia,notizia,NOUN,S,Gender=Fem|Number=Sing,notizie,0.5960755348205566,NO
metodo,metodo,NOUN,S,Gender=Masc|Number=Sing,approccio,0.6842018365859985,NO
volo,volo,NOUN,S,Gender=Masc|Number=Sing,aereo,0.7139847278594971,NO
documento,documento,NOUN,S,Gender=Masc|Number=Sing,testo,0.629266083240509,YES
passione,passione,NOUN,S,Gender=Fem|Number=Sing,dedizione,0.6852261424064636,NO
design,design,NOUN,S,Gender=Masc|Number=Plur,designer,0.6289575695991516,NO
visione,visione,NOUN,S,Gender=Fem|Number=Sing,prospettiva,0.6847752928733826,NO
telefono,telefono,NOUN,S,Gender=Masc|Number=Sing,cellulare,0.7045058608055115,NO
test,test,NOUN,S,Gender=Masc,testing,0.6359062194824219,NO
riguardo,riguardo,NOUN,B,Gender=Masc|Number=Sing,proposito,0.7040384411811829,NO
onda,onda,NOUN,S,Gender=Fem|Number=Sing,puntata,0.5188711285591125,NO
aumento,aumento,NOUN,S,Gender=Masc|Number=Sing,incremento,0.8970564007759094,NO
fascia,fascia,NOUN,S,Gender=Fem|Number=Sing,fasce,0.6244787573814392,NO
stanza,stanza,NOUN,S,Gender=Fem|Number=Sing,camera,0.7212142944335938,NO
cielo,cielo,NOUN,S,Gender=Masc|Number=Sing,cieli,0.6471329927444458,NO
comma,comma,NOUN,S,Gender=Masc|Number=Sing,commi,0.7737944722175598,NO
ministro,ministro,NOUN,S,Gender=Masc|Number=Sing,sottosegretario,0.7799938321113586,NO
sport,sport,NOUN,S,Gender=Masc,sportivi,0.6320187449455261,NO
chiave,chiave,NOUN,S,Gender=Fem|Number=Sing,chiavi,0.6383303999900818,NO
app,app,NOUN,V,Gender=Fem|Number=Plur,android,0.6215237975120544,NO
partner,partner,NOUN,S,,partners,0.6982395052909851,NO
quest,quest,NOUN,PD,Gender=Fem,quest',0.7917272448539734,YES
cittadino,cittadino,NOUN,S,Gender=Masc|Number=Sing,turista,0.5670223832130432,NO
frattempo,frattempo,NOUN,S,Gender=Masc|Number=Sing,intanto,0.7605565786361694,NO
argento,argento,NOUN,S,Gender=Masc|Number=Sing,oro,0.8733903169631958,YES
frase,frase,NOUN,S,Gender=Fem|Number=Sing,parola,0.7170887589454651,YES
profilo,profilo,NOUN,S,Gender=Masc|Number=Sing,profili,0.6390377283096313,NO
decreto,decreto,NOUN,S,Gender=Masc|Number=Sing,provvedimento,0.7430411577224731,NO
dubbio,dubbio,NOUN,S,Gender=Masc|Number=Sing,dubbi,0.6448887586593628,NO
copia,copia,NOUN,S,Gender=Fem|Number=Sing,fotocopia,0.6970494389533997,NO
est,est,NOUN,SW,,ovest,0.8432062864303589,NO
mattina,mattina,NOUN,S,Gender=Fem|Number=Sing,sera,0.8385568857192993,YES
quartiere,quartiere,NOUN,S,Gender=Masc|Number=Sing,quartieri,0.7177969217300415,NO
annuncio,annuncio,NOUN,S,Gender=Masc|Number=Sing,annunciare,0.5202345848083496,NO
sindaco,sindaco,NOUN,S,Gender=Masc|Number=Sing,vicesindaco,0.8597127795219421,NO
decisione,decisione,NOUN,S,Gender=Fem|Number=Sing,scelta,0.6589581966400146,NO
spettacolo,spettacolo,NOUN,S,Gender=Masc|Number=Sing,spettacoli,0.6792079210281372,NO
pp,pp,NOUN,S,Gender=Fem|Number=Plur,pagg,0.8359699249267578,NO
anch,anch,NOUN,S,Gender=Fem,anch,0.7919439673423767,NO
e-mail,e-mail,NOUN,S,,email,0.787330150604248,YES
paio,paio,NOUN,S,Gender=Masc|Number=Sing,decina,0.7389848828315735,NO
regno,regno,NOUN,S,Gender=Masc|Number=Sing,reame,0.716640830039978,NO
canale,canale,NOUN,S,Gender=Masc|Number=Sing,canali,0.7107260823249817,NO
vino,vino,NOUN,S,Gender=Masc|Number=Sing,vini,0.6834631562232971,NO
batteria,batteria,NOUN,SP,,batterie,0.6950106024742126,NO
giornalista,giornalista,NOUN,S,Number=Sing,cronista,0.7847495079040527,NO
ipotesi,ipotesi,NOUN,S,Gender=Fem,eventualità,0.6825553178787231,NO
trasmissione,trasmissione,NOUN,S,Gender=Fem|Number=Sing,trasmissioni,0.6697367429733276,NO
aeroporto,aeroporto,NOUN,S,Gender=Masc|Number=Sing,aeroporti,0.6410033106803894,NO
sostegno,sostegno,NOUN,S,Gender=Masc|Number=Sing,supporto,0.7044588327407837,YES
quota,quota,NOUN,S,Gender=Fem|Number=Sing,percentuale,0.6260532140731812,NO
pietra,pietra,NOUN,S,Gender=Fem|Number=Sing,roccia,0.6771235466003418,NO
papa,papa,NOUN,S,Gender=Masc|Number=Sing,pontefice,0.8513444066047668,NO
errore,errore,NOUN,S,Gender=Masc|Number=Sing,errori,0.6586469411849976,NO
massa,massa,NOUN,S,Gender=Fem|Number=Sing,masse,0.594348132610321,NO
cliente,cliente,NOUN,S,Number=Sing,clienti,0.6785032153129578,NO
aggiornamento,aggiornamento,NOUN,S,Gender=Masc|Number=Sing,update,0.6288884878158569,NO
clic,clic,NOUN,S,,click,0.6616795063018799,NO
titolare,titolare,NOUN,S,Number=Sing,titolari,0.6810775995254517,NO
venerdì,venerdì,NOUN,S,Gender=Masc,giovedì,0.9557198286056519,NO
missione,missione,NOUN,S,Gender=Fem|Number=Sing,missioni,0.6935802102088928,NO
malattia,malattia,NOUN,S,Gender=Fem|Number=Sing,patologia,0.7707622647285461,NO
maggioranza,maggioranza,NOUN,S,Gender=Fem|Number=Sing,minoranza,0.8041162490844727,NO
cottura,cottura,NOUN,S,Gender=Fem|Number=Sing,cuocere,0.5901039838790894,NO
serata,serata,NOUN,S,Gender=Fem|Number=Sing,sera,0.6995112299919128,YES
principio,principio,NOUN,S,Gender=Masc|Number=Sing,criterio,0.6616649031639099,NO
villaggio,villaggio,NOUN,S,Gender=Masc|Number=Sing,villaggi,0.6932928562164307,NO
montagna,montagna,NOUN,S,Gender=Fem|Number=Sing,montagne,0.7011263966560364,NO
marchio,marchio,NOUN,S,Gender=Masc|Number=Sing,brand,0.6978529095649719,NO
sogno,sogno,NOUN,S,Gender=Masc|Number=Sing,sognato,0.6995861530303955,NO
pittore,pittore,NOUN,S,Gender=Masc|Number=Sing,artista,0.7553011775016785,YES
piatto,piatto,NOUN,S,Gender=Masc|Number=Sing,piattino,0.6689828634262085,NO
temperatura,temperatura,NOUN,S,Gender=Fem|Number=Sing,temperature,0.7404422760009766,NO
mamma,mamma,NOUN,S,Gender=Fem|Number=Sing,madre,0.7619439363479614,YES
campione,campione,NOUN,S,Gender=Masc|Number=Sing,campioni,0.7290805578231812,NO
moda,moda,NOUN,S,Gender=Fem|Number=Sing,fashion,0.6449998021125793,NO
mancanza,mancanza,NOUN,S,Gender=Fem|Number=Sing,carenza,0.8165233135223389,NO
gas,gas,NOUN,S,Gender=Masc,metano,0.6742135882377625,NO
lago,lago,NOUN,S,Gender=Masc|Number=Sing,laghetto,0.6661942005157471,NO
nave,nave,NOUN,S,Gender=Fem|Number=Sing,imbarcazione,0.7419078350067139,NO
tentativo,tentativo,NOUN,S,Gender=Masc|Number=Sing,tentato,0.759075403213501,NO
forno,forno,NOUN,S,Gender=Masc|Number=Sing,teglia,0.6199608445167542,NO
esercizio,esercizio,NOUN,S,Gender=Masc|Number=Sing,esercizi,0.5318262577056885,NO
quadro,quadro,NOUN,S,Gender=Masc|Number=Sing,dipinto,0.6090409755706787,NO
spiaggia,spiaggia,NOUN,S,Gender=Fem|Number=Sing,spiagge,0.6879289746284485,NO
discorso,discorso,NOUN,S,Gender=Masc|Number=Sing,ragionamento,0.696364164352417,NO
fiducia,fiducia,NOUN,S,Gender=Fem|Number=Sing,sfiducia,0.6509695053100586,NO
negozio,negozio,NOUN,S,Gender=Masc|Number=Sing,negozi,0.621949315071106,NO
confronto,confronto,NOUN,S,Gender=Masc|Number=Sing,dialogo,0.6877994537353516,NO
anima,anima,NOUN,A,Gender=Fem|Number=Sing,essenza,0.6305761933326721,NO
contributo,contributo,NOUN,S,Gender=Masc|Number=Sing,apporto,0.7084950804710388,NO
colpo,colpo,NOUN,S,Gender=Masc|Number=Sing,colpi,0.6421507000923157,NO
lunedì,lunedì,NOUN,S,Gender=Masc,venerdì,0.9370845556259155,YES
appuntamento,appuntamento,NOUN,S,Gender=Masc|Number=Sing,appuntamenti,0.6836445331573486,NO
chiusura,chiusura,NOUN,S,Gender=Fem|Number=Sing,apertura,0.7821404337882996,YES
tour,tour,NOUN,S,Gender=Masc,tournée,0.6463661789894104,NO
estero,estero,NOUN,S,Gender=Masc|Number=Sing,estere,0.594692051410675,NO
spirito,spirito,NOUN,S,Gender=Masc|Number=Sing,fervore,0.622632622718811,NO
sfida,sfida,NOUN,S,Gender=Fem|Number=Sing,sfidare,0.618601381778717,NO
pressione,pressione,NOUN,S,Gender=Fem|Number=Sing,pressioni,0.6318106055259705,NO
commercio,commercio,NOUN,S,Gender=Masc|Number=Sing,mercato,0.5885587334632874,NO
divisione,divisione,NOUN,S,Gender=Fem|Number=Sing,divisioni,0.6784561276435852,NO
fortuna,fortuna,NOUN,S,Gender=Fem|Number=Sing,sfortuna,0.7779732346534729,NO
sorella,sorella,NOUN,S,Gender=Fem|Number=Sing,figlia,0.8377877473831177,NO
ospedale,ospedale,NOUN,S,Gender=Masc|Number=Sing,ospedaliero,0.6997601389884949,NO
maglia,maglia,NOUN,S,Gender=Fem|Number=Sing,casacca,0.7385662794113159,NO
limite,limite,NOUN,S,Gender=Masc|Number=Sing,massimo,0.6648373007774353,NO
sesso,sesso,NOUN,S,Gender=Masc|Number=Sing,sessuale,0.6234158873558044,NO
regime,regime,NOUN,S,Gender=Masc|Number=Sing,regimi,0.614799439907074,NO
fenomeno,fenomeno,NOUN,S,Gender=Masc|Number=Sing,fenomeni,0.6658041477203369,NO
smartphone,smartphone,NOUN,S,Gender=Fem|Number=Sing,tablet,0.82561856508255,NO
carne,carne,NOUN,S,Gender=Fem|Number=Sing,carni,0.6863390207290649,NO
schermo,schermo,NOUN,S,Gender=Masc|Number=Sing,display,0.6421350240707397,NO
occhio,occhio,NOUN,S,Gender=Masc|Number=Sing,sguardo,0.6053571701049805,NO
record,record,NOUN,S,Gender=Masc,primato,0.6491251587867737,NO
info,info,NOUN,S,Gender=Masc|Number=Sing,informazioni,0.6045708656311035,NO
onore,onore,NOUN,S,Gender=Masc|Number=Sing,onorare,0.629533588886261,NO
sconfitta,sconfitta,NOUN,S,Gender=Fem|Number=Sing,vittoria,0.7754644751548767,YES
letteratura,letteratura,NOUN,S,Gender=Fem|Number=Sing,narrativa,0.7236992120742798,NO
esame,esame,NOUN,S,Gender=Masc|Number=Sing,esami,0.6516709327697754,NO
dimensione,dimensione,NOUN,S,Gender=Fem|Number=Sing,grandezza,0.6695273518562317,NO
comportamento,comportamento,NOUN,S,Gender=Masc|Number=Sing,atteggiamento,0.7190783619880676,NO
vantaggio,vantaggio,NOUN,S,Gender=Masc|Number=Sing,svantaggio,0.7788388729095459,NO
cibo,cibo,NOUN,S,Gender=Masc|Number=Sing,alimento,0.6489623188972473,NO
pezzo,pezzo,NOUN,S,Gender=Masc|Number=Sing,pezzetto,0.7105484008789062,NO
blocco,blocco,NOUN,S,Gender=Masc|Number=Sing,blocchi,0.6266550421714783,NO
compito,compito,NOUN,S,Gender=Masc|Number=Sing,arduo,0.6803485155105591,NO
proposito,proposito,NOUN,S,Gender=Masc|Number=Sing,riguardo,0.7040384411811829,YES
kg,kg,NOUN,S,Gender=Masc,chilogrammi,0.6366577744483948,NO
ciclo,ciclo,NOUN,S,Gender=Masc|Number=Sing,cicli,0.6945803165435791,NO
dolore,dolore,NOUN,S,Gender=Masc|Number=Sing,sofferenza,0.683293342590332,NO
consegna,consegna,NOUN,S,Gender=Fem|Number=Sing,riconsegna,0.7085626125335693,NO
linguaggio,linguaggio,NOUN,S,Gender=Masc|Number=Sing,linguaggi,0.708870530128479,NO
simbolo,simbolo,NOUN,S,Gender=Masc|Number=Sing,emblema,0.780878484249115,NO
disegno,disegno,NOUN,S,Gender=Masc|Number=Sing,disegni,0.6443360447883606,NO
carrello,carrello,NOUN,S,Gender=Masc|Number=Sing,carrelli,0.5659933090209961,NO
radio,radio,NOUN,S,Gender=Fem,radiofonica,0.6603690981864929,NO
opinione,opinione,NOUN,S,Gender=Fem|Number=Sing,opinioni,0.614265501499176,NO
diffusione,diffusione,NOUN,S,Gender=Fem|Number=Sing,divulgazione,0.7209923267364502,NO
piscina,piscina,NOUN,S,Gender=Fem|Number=Sing,piscine,0.7238698601722717,NO
pena,pena,NOUN,S,Gender=Fem|Number=Sing,condanna,0.5823962092399597,NO
espressione,espressione,NOUN,S,Gender=Fem|Number=Sing,espressioni,0.652589738368988,NO
ristorante,ristorante,NOUN,S,Gender=Masc|Number=Sing,pizzeria,0.6848337650299072,NO
fianco,fianco,NOUN,S,Gender=Masc|Number=Sing,accanto,0.7208103537559509,NO
vento,vento,NOUN,S,Gender=Masc|Number=Sing,soffia,0.6266804933547974,NO
piattaforma,piattaforma,NOUN,S,Gender=Fem|Number=Sing,piattaforme,0.6472240686416626,NO
giustizia,giustizia,NOUN,S,Gender=Fem|Number=Sing,ingiustizia,0.6076259613037109,NO
mail,mail,NOUN,S,Gender=Masc|Number=Sing,email,0.8090284466743469,YES
denaro,denaro,NOUN,S,Gender=Masc|Number=Sing,danaro,0.8889403939247131,NO
traffico,traffico,NOUN,S,Gender=Masc|Number=Sing,flusso,0.5831535458564758,NO
pianta,pianta,NOUN,S,Gender=Fem|Number=Sing,piantina,0.6693589687347412,NO
zucchero,zucchero,NOUN,S,Gender=Masc|Number=Sing,semolato,0.7366397976875305,NO
match,match,NOUN,S,Gender=Masc,derby,0.6698349118232727,NO
produttore,produttore,NOUN,S,Gender=Masc|Number=Sing,produttrice,0.6567497849464417,NO
pomeriggio,pomeriggio,NOUN,S,Gender=Masc|Number=Sing,sabato,0.7747055292129517,YES
poesia,poesia,NOUN,V,Gender=Fem|Number=Sing,poetica,0.7860038876533508,NO
caffè,caffè,NOUN,S,Gender=Masc,caffé,0.9126868844032288,NO
alloggio,alloggio,NOUN,S,Gender=Masc|Number=Sing,appartamento,0.6149988770484924,YES
conflitto,conflitto,NOUN,S,Gender=Masc|Number=Sing,conflitti,0.7177692651748657,NO
punteggio,punteggio,NOUN,S,Gender=Masc|Number=Sing,punteggi,0.6759089827537537,NO
gamma,gamma,NOUN,S,Gender=Fem|Number=Sing,vasta,0.6251748204231262,NO
imperatore,imperatore,NOUN,S,Gender=Masc|Number=Sing,imperatrice,0.6940288543701172,NO
intervista,intervista,NOUN,S,Gender=Fem|Number=Sing,intervistato,0.7473953366279602,NO
rock,rock,NOUN,S,Gender=Masc,punk,0.7947186827659607,NO
pranzo,pranzo,NOUN,S,Gender=Masc|Number=Sing,cena,0.7328882217407227,NO
speranza,speranza,NOUN,S,Gender=Fem|Number=Sing,speranze,0.6637334227561951,NO
stadio,stadio,NOUN,S,Gender=Masc|Number=Sing,stadi,0.6651539206504822,NO
principe,principe,NOUN,S,Gender=Masc|Number=Sing,principessa,0.6564133763313293,NO
bilancio,bilancio,NOUN,S,Gender=Masc|Number=Sing,rendiconto,0.7004087567329407,NO
garanzia,garanzia,NOUN,S,Gender=Fem|Number=Sing,garanzie,0.6086556315422058,NO
perdita,perdita,NOUN,S,Gender=Fem|Number=Sing,diminuzione,0.6721653342247009,NO
patrimonio,patrimonio,NOUN,S,Gender=Masc|Number=Sing,patrimoni,0.6694455742835999,NO
dettaglio,dettaglio,NOUN,S,Gender=Masc|Number=Sing,dettagli,0.6438837647438049,NO
vicenda,vicenda,NOUN,S,Gender=Fem|Number=Sing,faccenda,0.6958205699920654,NO
privacy,privacy,NOUN,V,,riservatezza,0.7318572402000427,NO
dominio,dominio,NOUN,S,Gender=Masc|Number=Sing,domini,0.6849822402000427,NO
treno,treno,NOUN,S,Gender=Masc|Number=Sing,treni,0.7035662531852722,NO
incidente,incidente,NOUN,S,Gender=Masc|Number=Sing,incidenti,0.6639265418052673,NO
pilota,pilota,NOUN,S,Gender=Masc|Number=Sing,piloti,0.639519214630127,NO
proprietario,proprietario,NOUN,S,Gender=Masc|Number=Sing,proprietaria,0.6930586099624634,NO
poeta,poeta,NOUN,S,Gender=Masc|Number=Sing,scrittore,0.7252634167671204,YES
spesa,spesa,NOUN,S,Gender=Fem|Number=Sing,spese,0.5647278428077698,NO
religione,religione,NOUN,S,Gender=Fem|Number=Sing,religiosa,0.717843234539032,NO
norma,norma,NOUN,S,Gender=Fem|Number=Sing,legge,0.668654203414917,YES
pm,pm,NOUN,S,Gender=Masc,am,0.7675392031669617,NO
filosofia,filosofia,NOUN,S,Gender=Fem|Number=Sing,concezione,0.6725791692733765,NO
primavera,primavera,NOUN,S,Gender=Fem|Number=Sing,autunno,0.797792375087738,NO
possesso,possesso,NOUN,S,Gender=Masc|Number=Sing,possedere,0.670137345790863,NO
pesce,pesce,NOUN,S,Gender=Masc|Number=Sing,tonno,0.704939067363739,NO
firma,firma,NOUN,S,Gender=Fem|Number=Sing,firmare,0.7225620150566101,NO
capoluogo,capoluogo,NOUN,S,Gender=Masc|Number=Sing,capoluoghi,0.6551525592803955,NO
svolta,svolta,NOUN,S,Gender=Fem|Number=Sing,svolto,0.6279208064079285,NO
confine,confine,NOUN,S,Gender=Masc|Number=Sing,confini,0.6731168031692505,NO
news,news,NOUN,S,,notizie,0.6741356253623962,NO
capitolo,capitolo,NOUN,S,Gender=Masc|Number=Sing,paragrafo,0.6626821160316467,NO
inverno,inverno,NOUN,S,Gender=Masc|Number=Sing,autunno,0.7985783219337463,NO
minuto,minuto,NOUN,V,Gender=Masc|Number=Sing,mezzora,0.6311779618263245,NO
account,account,NOUN,S,,username,0.5272271037101746,NO
ferro,ferro,NOUN,S,Gender=Masc|Number=Sing,metallo,0.6451101303100586,NO
connessione,connessione,NOUN,S,Gender=Fem|Number=Sing,connessioni,0.6677731871604919,NO
frutto,frutto,NOUN,S,Gender=Masc|Number=Sing,frutti,0.592062771320343,NO
cavallo,cavallo,NOUN,S,Gender=Masc|Number=Sing,cavalli,0.6425125002861023,NO
riconoscimento,riconoscimento,NOUN,S,Gender=Masc|Number=Sing,riconoscimenti,0.608928382396698,NO
der,der,NOUN,B,,und,0.6323294043540955,NO
fisico,fisico,NOUN,S,Gender=Masc|Number=Sing,psichico,0.653560996055603,NO
impatto,impatto,NOUN,S,Gender=Masc|Number=Sing,impatti,0.6486677527427673,NO
museo,museo,NOUN,S,Gender=Masc|Number=Sing,museale,0.7081750631332397,NO
scrittura,scrittura,NOUN,S,Gender=Fem|Number=Sing,lettura,0.6930138468742371,YES
racconti,racconti,NOUN,S,Gender=Masc|Number=Plur,romanzi,0.7110885977745056,NO
contea,contea,NOUN,S,Gender=Fem|Number=Sing,contee,0.6660802364349365,NO
parcheggio,parcheggio,NOUN,S,Gender=Masc|Number=Sing,parcheggi,0.7164134979248047,NO
recupero,recupero,NOUN,S,Gender=Masc|Number=Sing,riutilizzo,0.6515709757804871,NO
till,till,NOUN,S,Gender=Masc|Number=Plur,text,0.585159957408905,NO
tennis,tennis,NOUN,S,Gender=Masc|Number=Sing,golf,0.6500071883201599,NO
regolamento,regolamento,NOUN,S,Gender=Masc|Number=Sing,regolamenti,0.6973986625671387,NO
doccia,doccia,NOUN,S,Gender=Fem|Number=Sing,bagno,0.7115084528923035,YES
stella,stella,NOUN,S,Gender=Fem|Number=Sing,stellina,0.6829874515533447,NO
maestro,maestro,NOUN,S,Gender=Masc|Number=Sing,allievo,0.704700767993927,NO
colpa,colpa,NOUN,S,Gender=Fem|Number=Sing,colpe,0.6101185083389282,NO
cambiamento,cambiamento,NOUN,S,Gender=Masc|Number=Sing,mutamento,0.8322994709014893,NO
acciaio,acciaio,NOUN,S,Gender=Masc|Number=Sing,alluminio,0.7574948072433472,NO
collegamento,collegamento,NOUN,S,Gender=Masc|Number=Sing,collegamenti,0.7063051462173462,NO
ritiro,ritiro,NOUN,S,Gender=Masc|Number=Sing,ritiri,0.5657691955566406,NO
ovest,ovest,NOUN,S,Gender=Masc|Number=Sing,sud-ovest,0.8485832810401917,NO
cognome,cognome,NOUN,S,Gender=Masc|Number=Sing,nome,0.6966884136199951,YES
pane,pane,NOUN,S,Gender=Masc|Number=Sing,salame,0.6267322301864624,NO
avviso,avviso,NOUN,S,Gender=Masc|Number=Sing,parere,0.6102980375289917,NO
clima,clima,NOUN,S,Gender=Masc|Number=Sing,climatico,0.5837132930755615,NO
traccia,traccia,NOUN,S,Gender=Fem|Number=Sing,tracce,0.6765288710594177,NO
cortometraggio,cortometraggio,NOUN,S,Gender=Masc|Number=Sing,lungometraggio,0.7720304727554321,NO
avvocato,avvocato,NOUN,S,Gender=Masc|Number=Sing,avvocati,0.6972634196281433,NO
giovedì,giovedì,NOUN,S,Gender=Masc,mercoledì,0.9726625680923462,NO
w,w,NOUN,S,Gender=Masc,z,0.6524096131324768,NO
funzionamento,funzionamento,NOUN,S,Gender=Masc|Number=Sing,sistema,0.6233683824539185,YES
atmosfera,atmosfera,NOUN,S,Gender=Fem|Number=Sing,ambientazione,0.6354066133499146,NO
desiderio,desiderio,NOUN,S,Gender=Masc|Number=Sing,sentimento,0.649462878704071,NO
was,was,NOUN,E,,were,0.7095206379890442,NO
architetto,architetto,NOUN,S,Gender=Masc|Number=Sing,progettista,0.7396968007087708,NO
benessere,benessere,NOUN,S,Gender=Masc|Number=Sing,wellness,0.6568067073822021,NO
latino,latino,NOUN,S,Gender=Masc|Number=Sing,latina,0.699209988117218,NO
tavola,tavola,NOUN,V_PC,Gender=Fem|Number=Plur,rotonda,0.5749031901359558,NO
lancio,lancio,NOUN,S,Gender=Masc|Number=Sing,lanci,0.6659245491027832,NO
strategia,strategia,NOUN,S,Gender=Fem|Number=Sing,tattica,0.7040109038352966,NO
avventura,avventura,NOUN,S,Gender=Fem|Number=Sing,avventurosa,0.7142193913459778,NO
modulo,modulo,NOUN,S,Gender=Masc|Number=Sing,moduli,0.6594144105911255,NO
equilibrio,equilibrio,NOUN,S,Gender=Masc|Number=Sing,armonia,0.6314669251441956,NO
mandato,mandato,NOUN,S,Gender=Masc|Number=Sing,mandati,0.7487195730209351,NO
martedì,martedì,NOUN,S,Gender=Masc,mercoledì,0.9701089262962341,NO
caduta,caduta,NOUN,S,Gender=Fem|Number=Sing,caduto,0.6701059341430664,NO
nemico,nemico,NOUN,S,Gender=Masc|Number=Sing,nemici,0.6970845460891724,NO
marketing,marketing,NOUN,S,Gender=Masc,advertising,0.6857068538665771,NO
monte,monte,NOUN,S,Gender=Masc|Number=Sing,valle,0.5742861032485962,NO
orario,orario,NOUN,S,Gender=Masc|Number=Sing,orari,0.6859480142593384,NO
verifica,verifica,NOUN,S,Gender=Fem|Number=Sing,verificata,0.6575714349746704,NO
mercoledì,mercoledì,NOUN,S,Gender=Masc,giovedì,0.972662627696991,YES
sguardo,sguardo,NOUN,S,Gender=Masc|Number=Sing,sguardi,0.6342032551765442,NO
silenzio,silenzio,NOUN,S,Gender=Masc|Number=Sing,silenzi,0.6277321577072144,NO
lettore,lettore,NOUN,S,Gender=Masc|Number=Sing,lettori,0.6091944575309753,NO
infanzia,infanzia,NOUN,S,Gender=Fem|Number=Sing,adolescenza,0.7447382807731628,NO
vincitore,vincitore,NOUN,S,Gender=Masc|Number=Sing,vincitrice,0.712623119354248,NO
pericolo,pericolo,NOUN,S,Gender=Masc|Number=Sing,rischio,0.754604697227478,YES
scontro,scontro,NOUN,S,Gender=Masc|Number=Sing,duello,0.6636018753051758,NO
giudice,giudice,NOUN,A,Gender=Masc|Number=Sing,tribunale,0.7216158509254456,NO
agente,agente,NOUN,S,Number=Sing,agenti,0.6890653967857361,NO
tessuto,tessuto,NOUN,S,Gender=Masc|Number=Sing,tessuti,0.6458754539489746,NO
televisione,televisione,NOUN,S,Gender=Fem|Number=Sing,televisiva,0.6909471154212952,NO
fuga,fuga,NOUN,S,Gender=Fem|Number=Sing,fuggire,0.6296647191047668,NO
bronzo,bronzo,NOUN,S,Gender=Masc|Number=Sing,argento,0.733815610408783,YES
sacco,sacco,NOUN,S,Gender=Masc|Number=Sing,mucchio,0.6610015034675598,NO
your,your,NOUN,X,,our,0.7702276706695557,NO
vetro,vetro,NOUN,S,Gender=Masc|Number=Sing,cristallo,0.7311763763427734,NO
comandante,comandante,NOUN,S,Number=Sing,colonnello,0.7401241064071655,NO
approccio,approccio,NOUN,S,Gender=Masc|Number=Sing,atteggiamento,0.7039750814437866,NO
filo,filo,NOUN,S,Gender=Masc|Number=Sing,fili,0.6273782849311829,NO
pista,pista,NOUN,S,Gender=Fem|Number=Sing,piste,0.6542669534683228,NO
regalo,regalo,NOUN,S,Gender=Masc|Number=Sing,regalino,0.7507163882255554,NO
browser,browser,NOUN,S,Gender=Masc,firefox,0.6000542640686035,NO
coda,coda,NOUN,V,Gender=Fem|Number=Sing,testa,0.5792491436004639,NO
taglio,taglio,NOUN,S,Gender=Masc|Number=Sing,tagli,0.7060760259628296,NO
medaglia,medaglia,NOUN,S,Gender=Fem|Number=Sing,medaglie,0.7143508195877075,NO
posteriore,posteriore,NOUN,S,Gender=Masc|Number=Sing,anteriore,0.9216142892837524,NO
sostanza,sostanza,NOUN,S,Gender=Fem|Number=Sing,essenza,0.5794200301170349,NO
girone,girone,NOUN,S,Gender=Fem|Number=Sing,gironi,0.7264150381088257,NO
compositore,compositore,NOUN,S,Gender=Masc|Number=Sing,musicista,0.8233289122581482,NO
cerimonia,cerimonia,NOUN,S,Gender=Fem|Number=Sing,celebrazione,0.6854894757270813,NO
amicizia,amicizia,NOUN,S,Gender=Fem|Number=Sing,reciproca,0.665137529373169,NO
laboratorio,laboratorio,NOUN,S,Gender=Masc|Number=Sing,laboratori,0.7358537316322327,NO
obbligo,obbligo,NOUN,S,Gender=Masc|Number=Sing,divieto,0.6367688775062561,NO
calore,calore,NOUN,S,Gender=Masc|Number=Sing,caldo,0.59738689661026,NO
fan,fan,NOUN,S,,fans,0.8784551024436951,NO
balcone,balcone,NOUN,S,Gender=Masc|Number=Sing,terrazzo,0.8491278886795044,NO
fotografia,fotografia,NOUN,SP,Gender=Fem|Number=Sing,fotografica,0.7185320258140564,NO
frutta,frutta,NOUN,S,Gender=Fem|Number=Sing,verdura,0.763468325138092,NO
crema,crema,NOUN,S,Gender=Fem|Number=Sing,mousse,0.768815815448761,NO
trasferimento,trasferimento,NOUN,S,Gender=Masc|Number=Sing,trasferimenti,0.6432126760482788,NO
logo,logo,NOUN,S,Gender=Masc|Number=Sing,loghi,0.7368319630622864,NO
neve,neve,NOUN,S,Gender=Fem|Number=Sing,nevicata,0.6654765605926514,NO
box,box,NOUN,S,Gender=Masc,garage,0.6161350011825562,NO
compagno,compagno,NOUN,S,Gender=Masc|Number=Sing,compagna,0.7481094002723694,NO
rilievo,rilievo,NOUN,S,Gender=Masc|Number=Sing,rilevanza,0.6329684853553772,NO
suggerimento,suggerimento,NOUN,S,Gender=Masc|Number=Sing,suggerimenti,0.6422665119171143,NO
banda,banda,NOUN,S,Gender=Fem|Number=Sing,bande,0.6211629509925842,NO
muro,muro,NOUN,S,Gender=Masc|Number=Sing,muri,0.6801052093505859,NO
orbita,orbita,NOUN,S,Gender=Fem|Number=Sing,orbite,0.6108642220497131,NO
riscaldamento,riscaldamento,NOUN,S,Gender=Masc|Number=Sing,raffreddamento,0.626847505569458,NO
pulizia,pulizia,NOUN,S,Gender=Fem|Number=Sing,pulizie,0.6484640836715698,NO
segretario,segretario,NOUN,S,Gender=Masc|Number=Sing,vicepresidente,0.7230058908462524,NO
conclusione,conclusione,NOUN,S,Gender=Fem|Number=Sing,concludere,0.6960484385490417,NO
professore,professore,NOUN,S,Gender=Masc|Number=Sing,docente,0.7512418031692505,NO
parete,parete,NOUN,S,Gender=Fem|Number=Sing,pareti,0.6666868329048157,NO
carcere,carcere,NOUN,S,Gender=Masc|Number=Sing,prigione,0.7816354632377625,NO
segnale,segnale,NOUN,S,Gender=Masc|Number=Sing,segnali,0.688684344291687,NO
sconto,sconto,NOUN,S,Gender=Masc|Number=Sing,sconti,0.6771314740180969,NO
normativa,normativa,NOUN,S,Gender=Fem|Number=Sing,legislazione,0.8175719380378723,NO
coraggio,coraggio,NOUN,S,Gender=Masc|Number=Sing,tenacia,0.6705012917518616,NO
gioia,gioia,NOUN,S,Gender=Fem|Number=Sing,felicità,0.7418563961982727,NO
canto,canto,NOUN,S,Gender=Masc|Number=Sing,cigno,0.5599234700202942,NO
commissione,commissione,NOUN,S,Gender=Fem|Number=Sing,commissioni,0.6797442436218262,NO
paziente,paziente,NOUN,S,Number=Sing,pazienti,0.685267448425293,NO
formula,formula,NOUN,V,Gender=Fem|Number=Sing,formulazione,0.6726042032241821,NO
ghiaccio,ghiaccio,NOUN,S,Gender=Masc|Number=Sing,ghiacciato,0.7268836498260498,NO
borsa,borsa,NOUN,S,Gender=Fem|Number=Sing,borse,0.7306725978851318,NO
traduttore,traduttore,NOUN,S,Gender=Masc|Number=Sing,traduttrice,0.6892756223678589,NO
es,es,NOUN,S,,es.,0.5555886626243591,NO
performance,performance,NOUN,S,Gender=Fem,prestazioni,0.615485429763794,NO
tensione,tensione,NOUN,S,Gender=Fem|Number=Sing,tensioni,0.6728261113166809,NO
organo,organo,NOUN,S,Gender=Masc|Number=Sing,organi,0.6551847457885742,NO
somma,somma,NOUN,S,Gender=Fem|Number=Sing,cifra,0.698815107345581,NO
dialogo,dialogo,NOUN,S,Gender=Masc|Number=Sing,confronto,0.687799334526062,YES
giornale,giornale,NOUN,S,Gender=Masc|Number=Sing,quotidiano,0.7354432344436646,NO
autonomia,autonomia,NOUN,S,Gender=Fem|Number=Sing,indipendenza,0.6978609561920166,NO
ciao,ciao,NOUN,S,Gender=Masc|Number=Sing,bacioni,0.6300142407417297,NO
shift,shift,NOUN,S,,byte,0.41180717945098877,NO
und,und,NOUN,PE,,mit,0.6954739689826965,NO
circuito,circuito,NOUN,S,Gender=Masc|Number=Sing,circuiti,0.704785168170929,NO
autobus,autobus,NOUN,S,Gender=Masc,bus,0.7026509046554565,NO
democrazia,democrazia,NOUN,S,Gender=Fem|Number=Sing,democratica,0.7662673592567444,NO
robot,robot,NOUN,S,Gender=Masc|Number=Sing,cyborg,0.5997597575187683,NO
pioggia,pioggia,NOUN,S,Gender=Fem|Number=Sing,piove,0.6408316493034363,NO
risparmio,risparmio,NOUN,S,Gender=Masc|Number=Sing,risparmi,0.6155258417129517,NO
sci,sci,NOUN,S,Gender=Masc,snowboard,0.7109462022781372,NO
vittima,vittima,NOUN,S,Gender=Fem|Number=Sing,vittime,0.6475201845169067,NO
esperto,esperto,NOUN,S,Gender=Masc|Number=Sing,esperta,0.7064988017082214,NO
contrasto,contrasto,NOUN,S,Gender=Masc|Number=Sing,contrasta,0.6036220192909241,NO
estensione,estensione,NOUN,S,Gender=Fem|Number=Sing,estensioni,0.6146595478057861,NO
viso,viso,NOUN,S,Gender=Masc|Number=Sing,volto,0.6553467512130737,NO
inserimento,inserimento,NOUN,S,Gender=Masc|Number=Sing,reinserimento,0.6724289059638977,NO
veicolo,veicolo,NOUN,V,Gender=Masc|Number=Sing,veicoli,0.6496531367301941,NO
calendario,calendario,NOUN,S,Gender=Masc|Number=Sing,calendari,0.7519837617874146,NO
omicidio,omicidio,NOUN,S,Gender=Masc|Number=Sing,assassinio,0.8325580358505249,NO
vigore,vigore,NOUN,S,Gender=Masc|Number=Sing,vigente,0.5513337850570679,NO
console,console,NOUN,S,Gender=Fem,consolle,0.6287777423858643,NO
abbigliamento,abbigliamento,NOUN,S,Gender=Masc|Number=Sing,vestiario,0.7397595643997192,NO
sfondo,sfondo,NOUN,A,Gender=Masc|Number=Sing,scenario,0.5849184989929199,NO
debutto,debutto,NOUN,S,Gender=Masc|Number=Sing,esordio,0.8125947117805481,NO
destino,destino,NOUN,S,Gender=Masc|Number=Sing,fato,0.7447004914283752,NO
dipinto,dipinto,NOUN,S,Gender=Masc|Number=Sing,dipinta,0.7066340446472168,NO
indagine,indagine,NOUN,S,Gender=Fem|Number=Sing,inchiesta,0.8085265755653381,NO
espansione,espansione,NOUN,S,Gender=Fem|Number=Sing,espansioni,0.618414580821991,NO
dibattito,dibattito,NOUN,S,Gender=Masc|Number=Sing,dibattiti,0.6934255361557007,NO
borgo,borgo,NOUN,S,Gender=Masc|Number=Sing,paesino,0.6838573813438416,NO
ospite,ospite,NOUN,S,Number=Sing,ospitato,0.5449026226997375,NO
croce,croce,NOUN,S,Gender=Fem|Number=Sing,croci,0.5971207618713379,NO
amministratore,amministratore,NOUN,S,Gender=Masc|Number=Sing,delegato,0.6310837268829346,NO
nn,nn,NOUN,S,Gender=Masc|Number=Plur,ke,0.7648809552192688,NO
editore,editore,NOUN,S,Gender=Masc|Number=Sing,editrice,0.7070914506912231,NO
braccio,braccio,NOUN,S,Gender=Masc|Number=Sing,polso,0.610322117805481,NO
cantina,cantina,NOUN,S,Gender=Fem|Number=Sing,cantine,0.7138075232505798,NO
suolo,suolo,NOUN,S,Gender=Masc|Number=Sing,terreno,0.6281483769416809,YES
debito,debito,NOUN,S,Gender=Masc|Number=Sing,indebitamento,0.6944767236709595,NO
condotta,condotta,NOUN,S,Gender=Fem|Number=Sing,condotto,0.6830340027809143,NO
fatica,fatica,NOUN,S,Gender=Fem|Number=Sing,stanchezza,0.6169958710670471,NO
investimento,investimento,NOUN,S,Gender=Masc|Number=Sing,investimenti,0.6784995198249817,NO
nipote,nipote,NOUN,S,Number=Sing,cugino,0.8014695048332214,NO
ombra,ombra,NOUN,S,Gender=Fem|Number=Sing,ombre,0.5969667434692383,NO
copertina,copertina,NOUN,S,Gender=Fem|Number=Sing,copertine,0.7001957893371582,NO
fondatore,fondatore,NOUN,S,Gender=Masc|Number=Sing,cofondatore,0.830592930316925,NO
tempio,tempio,NOUN,S,Gender=Masc|Number=Sing,santuario,0.6900992393493652,NO
sonora,sonora,NOUN,S,Gender=Fem|Number=Sing,sonore,0.6624522805213928,NO
piede,piede,NOUN,V,Gender=Masc|Number=Sing,tallone,0.5851638317108154,NO
catalogo,catalogo,NOUN,S,Gender=Masc|Number=Sing,cataloghi,0.6944467425346375,NO
panorama,panorama,NOUN,S,Gender=Masc|Number=Sing,scenario,0.6169293522834778,NO
ricorso,ricorso,NOUN,S,Gender=Masc|Number=Sing,ricorrere,0.6771711111068726,NO
miglioramento,miglioramento,NOUN,S,Gender=Masc|Number=Sing,peggioramento,0.7417987585067749,NO
ascensore,ascensore,NOUN,S,Gender=Masc|Number=Sing,ascensori,0.6657700538635254,NO
critico,critico,NOUN,S,Gender=Masc|Number=Sing,analitico,0.6172335147857666,NO
tetto,tetto,NOUN,S,Gender=Masc|Number=Sing,tetti,0.6636669039726257,NO
cervello,cervello,NOUN,S,Gender=Masc|Number=Sing,neuroni,0.6544541716575623,NO
largo,largo,NOUN,S,Gender=Masc|Number=Sing,lungo,0.5852741599082947,NO
cestista,cestista,NOUN,S,Number=Sing,pallavolista,0.6617364287376404,NO
plastica,plastica,NOUN,S,Gender=Fem|Number=Sing,metallo,0.6739456057548523,NO
nucleo,nucleo,NOUN,A,Gender=Masc|Number=Sing,nuclei,0.6083630919456482,NO
tela,tela,NOUN,S,Gender=Fem|Number=Sing,dipinto,0.6309831738471985,YES
sapore,sapore,NOUN,S,Gender=Masc|Number=Sing,gusto,0.7546689510345459,NO
esordio,esordio,NOUN,S,Gender=Masc|Number=Sing,debutto,0.8125947713851929,YES
riflessione,riflessione,NOUN,S,Gender=Fem|Number=Sing,riflessioni,0.6548558473587036,NO
insegnante,insegnante,NOUN,S,Number=Sing,docente,0.7758561968803406,NO
appello,appello,NOUN,S,Gender=Masc|Number=Sing,appelli,0.671565592288971,NO
insegnamento,insegnamento,NOUN,S,Gender=Masc|Number=Sing,insegnamenti,0.6940519213676453,NO
matematica,matematica,NOUN,S,Gender=Fem|Number=Sing,aritmetica,0.717022180557251,NO
salone,salone,NOUN,S,Gender=Fem|Number=Sing,saloni,0.6910214424133301,NO
database,database,NOUN,S,Gender=Fem|Number=Sing,archivio,0.5507521033287048,NO
combattimento,combattimento,NOUN,B,Gender=Masc|Number=Sing,combattimenti,0.7184478044509888,NO
consigliere,consigliere,NOUN,V,Gender=Masc|Number=Sing,consigliera,0.6779550313949585,NO
password,password,NOUN,S,,username,0.6253101229667664,NO
virtù,virtù,NOUN,S,Gender=Fem,doti,0.5862228274345398,NO
dieta,dieta,NOUN,S,Gender=Fem|Number=Sing,diete,0.6984336376190186,NO
legame,legame,NOUN,S,Gender=Masc|Number=Sing,rapporto,0.7199371457099915,YES
pittura,pittura,NOUN,S,Gender=Fem|Number=Sing,pittorica,0.7296799421310425,NO
precisione,precisione,NOUN,S,Gender=Fem|Number=Sing,accuratezza,0.7398310899734497,NO
rilevanza,rilevanza,NOUN,S,Gender=Fem|Number=Sing,importanza,0.730946958065033,YES
calcolo,calcolo,NOUN,S,Gender=Masc|Number=Sing,computo,0.6501256227493286,NO
more,more,NOUN,S,Gender=Masc|Number=Sing,less,0.6312605142593384,NO
ritardo,ritardo,NOUN,S,Gender=Masc|Number=Sing,ritardi,0.7102101445198059,NO
omaggio,omaggio,NOUN,S,Gender=Masc|Number=Sing,omaggi,0.6387576460838318,NO
censimento,censimento,NOUN,S,Gender=Masc|Number=Sing,catasto,0.45622554421424866,NO
impero,impero,NOUN,S,Gender=Masc|Number=Sing,imperiale,0.6367639303207397,NO
staff,staff,NOUN,S,Gender=Masc|Number=Sing,team,0.6590701341629028,NO
biblioteca,biblioteca,NOUN,S,Gender=Fem|Number=Sing,biblioteche,0.6846194267272949,NO
agricoltura,agricoltura,NOUN,S,Gender=Fem|Number=Sing,agricola,0.7084275484085083,NO
professionista,professionista,NOUN,S,Number=Sing,dilettante,0.666292130947113,NO
fantasia,fantasia,NOUN,S,Gender=Fem|Number=Sing,immaginazione,0.7849465012550354,NO
scolastico,scolastico,NOUN,S,Gender=Masc|Number=Sing,scolastica,0.6721315383911133,NO
pulsante,pulsante,NOUN,S,Gender=Masc|Number=Sing,tasto,0.8151670098304749,NO
paesaggio,paesaggio,NOUN,S,Gender=Masc|Number=Sing,paesaggi,0.704289436340332,NO
option,option,NOUN,S,Gender=Fem,options,0.7669315934181213,NO
garage,garage,NOUN,S,Number=Sing,autorimessa,0.6471909880638123,NO
alluminio,alluminio,NOUN,S,Gender=Masc|Number=Sing,acciaio,0.7574947476387024,YES
cover,cover,NOUN,S,,canzone,0.5616718530654907,YES
low,low,NOUN,S,Gender=Masc|Number=Sing,high,0.7120165824890137,NO
atteggiamento,atteggiamento,NOUN,S,Gender=Masc|Number=Sing,comportamento,0.7190783023834229,YES
tiro,tiro,NOUN,S,Gender=Masc|Number=Sing,tiri,0.6996333003044128,NO
signore,signore,NOUN,S,Gender=Masc|Number=Sing,signori,0.6325036287307739,NO
avvio,avvio,NOUN,S,Gender=Masc|Number=Sing,inizio,0.6641334891319275,YES
terrazza,terrazza,NOUN,S,Gender=Fem|Number=Sing,terrazzo,0.7794275879859924,NO
flusso,flusso,NOUN,S,Gender=Masc|Number=Sing,flussi,0.7296199202537537,NO
efficacia,efficacia,NOUN,S,Gender=Fem|Number=Sing,efficienza,0.6998977065086365,NO
streaming,streaming,NOUN,S,,live,0.5253138542175293,NO
comfort,comfort,NOUN,S,,confort,0.8938285708427429,NO
binario,binario,NOUN,S,Gender=Masc|Number=Sing,binari,0.7988830208778381,NO
polvere,polvere,NOUN,S,Gender=Fem|Number=Sing,polveri,0.6519119739532471,NO
curato,curato,NOUN,S,Gender=Masc|Number=Sing,curata,0.75437331199646,NO
musicista,musicista,NOUN,S,Gender=Fem|Number=Sing,compositore,0.8233289122581482,YES
testimonianza,testimonianza,NOUN,S,Gender=Fem|Number=Sing,testimonia,0.7010367512702942,NO
relax,relax,NOUN,S,Number=Sing,rilassante,0.6448802947998047,NO
meteo,meteo,NOUN,S,Gender=Masc|Number=Sing,meteorologiche,0.7205743789672852,NO
procedimento,procedimento,NOUN,S,Gender=Masc|Number=Sing,procedimenti,0.7115820646286011,NO
schema,schema,NOUN,S,Gender=Masc|Number=Sing,schemi,0.6145569682121277,NO
vasca,vasca,NOUN,S,Gender=Fem|Number=Sing,doccia,0.6987224221229553,YES
luna,luna,NOUN,S,Gender=Fem|Number=Sing,lunare,0.6154772639274597,NO
diametro,diametro,NOUN,S,Gender=Masc|Number=Sing,circonferenza,0.5809252262115479,NO
mattino,mattino,NOUN,S,Gender=Masc|Number=Sing,mattina,0.7835132479667664,YES
riposo,riposo,NOUN,S,Gender=Masc|Number=Sing,riposare,0.5995604395866394,NO
cima,cima,NOUN,S,Gender=Fem|Number=Sing,sommità,0.7356444597244263,NO
compleanno,compleanno,NOUN,S,Gender=Masc|Number=Sing,anniversario,0.702854573726654,NO
stima,stima,NOUN,S,Gender=Fem|Number=Sing,stimare,0.6149083971977234,NO
professione,professione,NOUN,S,Gender=Fem|Number=Sing,mestiere,0.6517452597618103,NO
lusso,lusso,NOUN,S,Gender=Masc|Number=Sing,lussuoso,0.6316149234771729,NO
tabella,tabella,NOUN,S,Gender=Fem|Number=Sing,tabelle,0.7298513650894165,NO
anticipo,anticipo,NOUN,S,Gender=Masc|Number=Sing,anticipatamente,0.6431675553321838,NO
metallo,metallo,NOUN,S,Gender=Masc|Number=Sing,alluminio,0.7514602541923523,YES
miniatura,miniatura,NOUN,S,Gender=Fem|Number=Sing,miniature,0.5659353733062744,NO
com,com,NOUN,S,Gender=Masc,com',0.6356046795845032,NO
enciclopedia,enciclopedia,NOUN,S,Gender=Fem|Number=Sing,wikipedia,0.7148867249488831,NO
imprenditore,imprenditore,NOUN,S,Gender=Masc|Number=Sing,imprenditrice,0.6539621949195862,NO
arredamento,arredamento,NOUN,S,Gender=Masc|Number=Sing,arredo,0.8478690981864929,NO
virus,virus,NOUN,S,Gender=Masc,malware,0.7479933500289917,NO
riso,riso,NOUN,S,Gender=Masc|Number=Sing,farro,0.6102129220962524,NO
revisione,revisione,NOUN,S,Gender=Fem|Number=Sing,revisioni,0.6789237260818481,NO
bandiera,bandiera,NOUN,S,Gender=Fem|Number=Sing,bandiere,0.723420262336731,NO
prospettiva,prospettiva,NOUN,S,Gender=Fem|Number=Sing,visione,0.6847753524780273,YES
invio,invio,NOUN,S,Gender=Masc|Number=Sing,inoltro,0.6999226808547974,NO
rappresentante,rappresentante,NOUN,S,Number=Sing,rappresentanti,0.7049984335899353,NO
pacchetto,pacchetto,NOUN,S,Gender=Masc|Number=Sing,pacchetti,0.7404716610908508,NO
extra,extra,NOUN,S,Gender=Masc,aggiuntivi,0.5206840634346008,NO
provvedimento,provvedimento,NOUN,S,Gender=Masc|Number=Sing,decreto,0.7430411577224731,YES
terrazzo,terrazzo,NOUN,S,Gender=Masc|Number=Sing,terrazzino,0.8661177754402161,NO
intento,intento,NOUN,S,Gender=Masc|Number=Sing,obiettivo,0.7086165547370911,YES
magia,magia,NOUN,S,Gender=Fem|Number=Sing,magica,0.7564449906349182,NO
pensione,pensione,NOUN,S,Gender=Fem|Number=Sing,pensionamento,0.6532371044158936,NO
monumento,monumento,NOUN,S,Gender=Masc|Number=Sing,monumentale,0.673794686794281,NO
partecipò,partecipò,NOUN,S,Gender=Masc|Number=Sing,partecipava,0.7557535171508789,NO
guardia,guardia,NOUN,S,Gender=Fem|Number=Sing,guardie,0.6171355247497559,NO
up,up,NOUN,RI,Gender=Masc,to,0.5238485932350159,NO
fama,fama,NOUN,S,Gender=Fem|Number=Sing,notorietà,0.7917578220367432,NO
fusione,fusione,NOUN,S,Gender=Fem|Number=Sing,scissione,0.655914306640625,NO
acido,acido,NOUN,S,Gender=Masc|Number=Sing,acidi,0.6492306590080261,NO
menu,menu,NOUN,S,Gender=Masc,menù,0.9481640458106995,NO
fornitura,fornitura,NOUN,S,Gender=Fem|Number=Sing,forniture,0.6384031772613525,NO
terremoto,terremoto,NOUN,S,Gender=Masc|Number=Sing,sisma,0.9276490211486816,NO
assessore,assessore,NOUN,S,Gender=Masc|Number=Sing,assessorato,0.7499122023582458,NO
moneta,moneta,NOUN,S,Gender=Fem|Number=Sing,monetaria,0.7054957747459412,NO
appoggio,appoggio,NOUN,S,Gender=Masc|Number=Sing,sostegno,0.6720855832099915,YES
weekend,weekend,NOUN,S,Gender=Masc,week-end,0.9156845808029175,NO
download,download,NOUN,S,Gender=Fem,upload,0.6198265552520752,NO
importo,importo,NOUN,S,Gender=Masc|Number=Sing,ammontare,0.8043219447135925,NO
gay,gay,NOUN,S,Gender=Masc,omosessuali,0.8207166790962219,NO
restauro,restauro,NOUN,V,Gender=Masc|Number=Sing,restauri,0.8175436854362488,NO
ministero,ministero,NOUN,S,Gender=Masc|Number=Sing,ministro,0.7243895530700684,YES
ente,ente,NOUN,S,Gender=Masc|Number=Sing,organismo,0.5849539637565613,NO
metro,metro,NOUN,S,Gender=Masc|Number=Sing,centimetro,0.6183121204376221,NO
dovere,dovere,NOUN,S,Gender=Masc|Number=Sing,doveroso,0.6041896939277649,NO
finanziamento,finanziamento,NOUN,S,Gender=Masc|Number=Sing,finanziamenti,0.7567103505134583,NO
preghiera,preghiera,NOUN,S,Gender=Fem|Number=Sing,preghiere,0.7557409405708313,NO
ritmo,ritmo,NOUN,S,Gender=Masc|Number=Sing,ritmi,0.671930193901062,NO
don,don,NOUN,S,Gender=Masc,monsignor,0.7068841457366943,NO
sceneggiatura,sceneggiatura,NOUN,S,Gender=Fem|Number=Sing,sceneggiature,0.7320137619972229,NO
studente,studente,NOUN,S,Gender=Masc|Number=Sing,studentessa,0.6820768117904663,NO
videogioco,videogioco,NOUN,S,Gender=Masc|Number=Sing,videogame,0.8301754593849182,NO
divertimento,divertimento,NOUN,S,Gender=Masc|Number=Sing,divertimenti,0.6700567603111267,NO
collo,collo,NOUN,S,Gender=Masc|Number=Sing,petto,0.6592005491256714,NO
tariffa,tariffa,NOUN,S,Gender=Fem|Number=Sing,tariffe,0.5427374243736267,NO
sigla,sigla,NOUN,S,Gender=Fem|Number=Sing,sigle,0.6416012048721313,NO
el,el,NOUN,SP,,er,0.551097571849823,NO
flotta,flotta,NOUN,V,Gender=Fem|Number=Sing,flotte,0.7368202805519104,NO
amante,amante,NOUN,S,Number=Sing,appassionato,0.6601787209510803,NO
fattore,fattore,NOUN,S,Gender=Masc|Number=Sing,elemento,0.6542163491249084,YES
mistero,mistero,NOUN,S,Gender=Masc|Number=Sing,misteri,0.7210361361503601,NO
cittadinanza,cittadinanza,NOUN,S,Gender=Fem|Number=Sing,cittadini,0.5847007632255554,NO
soccorso,soccorso,NOUN,S,Gender=Masc|Number=Sing,soccorsi,0.7197688221931458,NO
saggio,saggio,NOUN,S,Gender=Masc|Number=Sing,libro,0.6746295094490051,YES
interfaccia,interfaccia,NOUN,S,Gender=Fem|Number=Sing,interfacce,0.6837177276611328,NO
can,can,NOUN,S,Gender=Masc,will,0.7072583436965942,NO
anello,anello,NOUN,S,Gender=Masc|Number=Sing,anelli,0.7083805799484253,NO
abuso,abuso,NOUN,S,Gender=Masc|Number=Sing,abusi,0.598074197769165,NO
fallimento,fallimento,NOUN,S,Gender=Masc|Number=Sing,insuccesso,0.7300201654434204,NO
virtuale,virtuale,NOUN,S,Gender=Fem|Number=Sing,virtuali,0.6918140053749084,NO
ingegnere,ingegnere,NOUN,S,Gender=Masc|Number=Sing,architetto,0.7361953854560852,YES
pro,pro,NOUN,SW,,capite,0.5362960696220398,NO
razza,razza,NOUN,S,Gender=Fem|Number=Sing,razze,0.6565674543380737,NO
documentario,documentario,NOUN,S,Gender=Masc|Number=Sing,documentari,0.7008740901947021,NO
ala,ala,NOUN,S,Gender=Fem|Number=Sing,ali,0.5349169969558716,NO
governatore,governatore,NOUN,S,Gender=Masc|Number=Sing,governatori,0.6854471564292908,NO
cast,cast,NOUN,S,Gender=Masc,film,0.5717407464981079,YES
denuncia,denuncia,NOUN,S,Gender=Fem|Number=Sing,denunciare,0.6953346133232117,NO
intesa,intesa,NOUN,S,Gender=Fem|Number=Sing,accordo,0.6358937621116638,YES
referendum,referendum,NOUN,S,Gender=Masc,plebiscito,0.6723097562789917,NO
straordinario,straordinario,NOUN,S,Gender=Masc|Number=Sing,eccezionale,0.7166777849197388,NO
individuo,individuo,NOUN,S,Gender=Masc|Number=Sing,uomo,0.6441176533699036,YES
gesto,gesto,NOUN,S,Gender=Masc|Number=Sing,atteggiamento,0.5407646894454956,YES
cifra,cifra,NOUN,S,Gender=Fem|Number=Sing,somma,0.6988150477409363,YES
foresta,foresta,NOUN,S,Gender=Fem|Number=Sing,foreste,0.675735354423523,NO
svolgimento,svolgimento,NOUN,S,Gender=Masc|Number=Sing,svolgersi,0.72400963306427,NO
coro,coro,NOUN,S,Gender=Masc|Number=Sing,corale,0.6118776798248291,NO
arresto,arresto,NOUN,S,Gender=Masc|Number=Sing,arrestato,0.6070337295532227,NO
conversione,conversione,NOUN,S,Gender=Fem|Number=Sing,conversioni,0.6557920575141907,NO
fermo,fermo,NOUN,S,Gender=Masc|Number=Sing,fermi,0.7102658748626709,NO
vicinanza,vicinanza,NOUN,S,Gender=Fem|Number=Sing,vicina,0.6317375302314758,NO
sforzo,sforzo,NOUN,S,Gender=Masc|Number=Sing,impegno,0.672598659992218,YES
magazzino,magazzino,NOUN,S,Gender=Masc|Number=Sing,magazzini,0.6815269589424133,NO
monitoraggio,monitoraggio,NOUN,S,Gender=Masc|Number=Sing,rilevamento,0.6713961362838745,NO
gravidanza,gravidanza,NOUN,S,Gender=Fem|Number=Sing,gravidanze,0.6932610273361206,NO
zio,zio,NOUN,S,Gender=Masc|Number=Sing,nonno,0.8054743409156799,NO
pavimento,pavimento,NOUN,S,Gender=Masc|Number=Sing,soffitto,0.6906735301017761,NO
copyright,copyright,NOUN,S,Gender=Masc,copy,0.48948904871940613,NO
out,out,NOUN,S,,off,0.5252577662467957,NO
fisso,fisso,NOUN,B,Gender=Masc|Number=Sing,fissi,0.6357381939888,NO
biglietto,biglietto,NOUN,S,Gender=Masc|Number=Sing,biglietti,0.7711701989173889,NO
cazzo,cazzo,NOUN,A,Gender=Masc|Number=Sing,culo,0.7400162816047668,NO
invasione,invasione,NOUN,S,Gender=Fem|Number=Sing,incursione,0.6578336954116821,NO
fumo,fumo,NOUN,S,Gender=Masc|Number=Sing,fumi,0.6285102963447571,NO
salto,salto,NOUN,S,Gender=Masc|Number=Sing,balzo,0.7036163210868835,NO
operatore,operatore,NOUN,S,Gender=Masc|Number=Sing,gestore,0.5919343829154968,NO
inchiesta,inchiesta,NOUN,S,Gender=Fem|Number=Sing,indagine,0.8085265159606934,YES
danza,danza,NOUN,S,Gender=Fem|Number=Sing,coreografia,0.6905785202980042,NO
ditta,ditta,NOUN,S,Gender=Fem|Number=Sing,azienda,0.6394707560539246,YES
style,style,NOUN,S,Gender=Masc|Number=Sing,life,0.528369128704071,NO
reato,reato,NOUN,S,Gender=Masc|Number=Sing,reati,0.7327643632888794,NO
milione,milione,NOUN,S,Gender=Masc|Number=Sing,miliardo,0.8455305099487305,NO
talento,talento,NOUN,S,Gender=Masc|Number=Sing,talenti,0.706467866897583,NO
tag,tag,NOUN,SW,,tags,0.6017276048660278,NO
spada,spada,NOUN,S,Gender=Fem|Number=Sing,sciabola,0.6471744775772095,NO
battuta,battuta,NOUN,S,Gender=Fem|Number=Sing,battute,0.6477166414260864,NO
bacio,bacio,NOUN,S,Gender=Masc|Number=Sing,abbraccio,0.7398927807807922,NO
impressione,impressione,NOUN,S,Gender=Fem|Number=Sing,sensazione,0.7417755126953125,NO
tastiera,tastiera,NOUN,SP,Gender=Fem|Number=Sing,tastiere,0.7203773260116577,NO
apprendimento,apprendimento,NOUN,S,Gender=Masc|Number=Sing,insegnamento,0.6323674917221069,YES
bus,bus,NOUN,S,Gender=Masc,pullman,0.7300463914871216,NO
ali,ali,NOUN,S,Gender=Masc|Number=Plur,piume,0.6607168316841125,NO
sacerdote,sacerdote,NOUN,S,Gender=Masc|Number=Sing,prete,0.7838159799575806,NO
cronaca,cronaca,NOUN,CS,Gender=Fem|Number=Sing,cronache,0.6083655953407288,NO
convento,convento,NOUN,S,Gender=Masc|Number=Sing,monastero,0.8006516098976135,NO
trailer,trailer,NOUN,S,Gender=Masc|Number=Sing,teaser,0.7578767538070679,NO
pausa,pausa,NOUN,V_PC,Gender=Fem|Number=Sing,pause,0.6414315700531006,NO
eroe,eroe,NOUN,S,Gender=Masc|Number=Sing,eroico,0.6979861259460449,NO
will,will,NOUN,S,Gender=Masc,would,0.8345889449119568,NO
newsletter,newsletter,NOUN,S,,mailing,0.5692443251609802,NO
salita,salita,NOUN,V,Gender=Fem|Number=Sing,discesa,0.8146543502807617,NO
spessore,spessore,NOUN,S,Gender=Masc|Number=Sing,diametro,0.5512968301773071,YES
riunione,riunione,NOUN,S,Gender=Fem|Number=Sing,assemblea,0.7327463030815125,NO
profumo,profumo,NOUN,S,Gender=Masc|Number=Sing,odore,0.771986186504364,NO
gatto,gatto,NOUN,S,Gender=Masc|Number=Sing,cane,0.8115319609642029,NO
marmo,marmo,NOUN,S,Gender=Masc|Number=Sing,granito,0.8055578470230103,NO
cimitero,cimitero,NOUN,S,Gender=Masc|Number=Sing,cimiteri,0.6645275354385376,NO
concessione,concessione,NOUN,S,Gender=Fem|Number=Sing,concessioni,0.6958509087562561,NO
specchio,specchio,NOUN,S,Gender=Masc|Number=Sing,specchi,0.6672602295875549,NO
palco,palco,NOUN,S,Gender=Masc|Number=Sing,palcoscenico,0.7215511798858643,NO
fretta,fretta,NOUN,S,Gender=Fem|Number=Sing,velocemente,0.6980473399162292,NO
calo,calo,NOUN,S,Gender=Masc|Number=Sing,aumento,0.7809569239616394,YES
assemblea,assemblea,NOUN,V,Gender=Fem|Number=Sing,riunione,0.7327463030815125,YES
paragrafo,paragrafo,NOUN,S,Gender=Masc|Number=Sing,paragrafi,0.7402044534683228,NO
incremento,incremento,NOUN,S,Gender=Masc|Number=Sing,aumento,0.8970564007759094,YES
discesa,discesa,NOUN,S,Gender=Fem|Number=Sing,salita,0.8146544694900513,YES
seno,seno,NOUN,S,Gender=Masc|Number=Sing,mammella,0.5822915434837341,NO
servita,servita,NOUN,S,Gender=Fem|Number=Sing,servito,0.673696756362915,NO
metal,metal,NOUN,S,,rock,0.7383089661598206,YES
anniversario,anniversario,NOUN,S,Gender=Masc|Number=Sing,centenario,0.722338080406189,NO
orientamento,orientamento,NOUN,S,Gender=Masc|Number=Sing,allineamento,0.6016185879707336,NO
es,es,NOUN,S,,esempio,0.6814643144607544,YES
reparto,reparto,NOUN,S,Gender=Masc|Number=Sing,reparti,0.6950836777687073,NO
sospensione,sospensione,NOUN,S,Gender=Fem|Number=Sing,interruzione,0.6792332530021667,NO
montaggio,montaggio,NOUN,S,Gender=Masc|Number=Sing,smontaggio,0.6863692998886108,NO
rifugio,rifugio,NOUN,S,Gender=Masc|Number=Sing,rifugi,0.6304277777671814,NO
birra,birra,NOUN,S,Gender=Fem|Number=Sing,birre,0.7435459494590759,NO
comprensione,comprensione,NOUN,S,Gender=Fem|Number=Sing,conoscenza,0.6679936051368713,NO
protocollo,protocollo,NOUN,S,Gender=Masc|Number=Sing,protocolli,0.7023935317993164,NO
papà,papà,NOUN,S,Gender=Masc,mamma,0.756300687789917,YES
incendio,incendio,NOUN,S,Gender=Masc|Number=Sing,incendi,0.713193953037262,NO
chitarrista,chitarrista,NOUN,V,Gender=Masc,tastierista,0.8218732476234436,NO
sessione,sessione,NOUN,S,Gender=Fem|Number=Sing,sessioni,0.7202035784721375,NO
adoro,adoro,NOUN,S,Gender=Masc|Number=Sing,amo,0.8075889945030212,NO
rumore,rumore,NOUN,S,Gender=Masc|Number=Sing,rumori,0.7381964921951294,NO
stress,stress,NOUN,S,Gender=Masc,stressante,0.6476907134056091,NO
mantenimento,mantenimento,NOUN,S,Gender=Masc|Number=Sing,rafforzamento,0.6442039608955383,NO
on,on,NOUN,S,Gender=Masc,online,0.8102158904075623,NO
fiore,fiore,NOUN,S,Gender=Masc|Number=Sing,fiori,0.6839534640312195,NO
scenario,scenario,NOUN,S,Gender=Masc|Number=Sing,scenari,0.7222232818603516,NO
pi,pi,NOUN,S,,gi,0.6563289165496826,NO
ruota,ruota,NOUN,S,Gender=Fem|Number=Sing,ruotano,0.6188849806785583,NO
assistente,assistente,NOUN,PQ,Number=Sing,assistenti,0.6202979683876038,NO
dinastia,dinastia,NOUN,S,Gender=Fem|Number=Sing,dinastie,0.6620690226554871,NO
jazz,jazz,NOUN,S,Gender=Masc,blues,0.7380148768424988,NO
droga,droga,NOUN,S,Gender=Fem|Number=Sing,cocaina,0.8437193036079407,NO
status,status,NOUN,S,Gender=Masc,riconoscimento,0.536003589630127,YES
libreria,libreria,NOUN,S,Gender=Fem|Number=Sing,librerie,0.7148138284683228,NO
allarme,allarme,NOUN,S,Gender=Masc|Number=Sing,allarmi,0.7291542291641235,NO
tesoro,tesoro,NOUN,S,Gender=Masc|Number=Sing,tesori,0.6003796458244324,NO
assedio,assedio,NOUN,S,Gender=Masc|Number=Sing,assediata,0.618645429611206,NO
sabbia,sabbia,NOUN,S,Gender=Fem|Number=Sing,ghiaia,0.7136441469192505,NO
maschio,maschio,NOUN,S,Gender=Masc|Number=Sing,femmina,0.7936713695526123,NO
tono,tono,NOUN,S,Gender=Masc|Number=Sing,toni,0.6298232674598694,NO
strato,strato,NOUN,S,Gender=Masc|Number=Sing,strati,0.6774286031723022,NO
petrolio,petrolio,NOUN,S,Gender=Masc|Number=Sing,greggio,0.7814168930053711,NO
mito,mito,NOUN,S,Gender=Masc|Number=Sing,leggendario,0.6071790456771851,NO
budget,budget,NOUN,S,Gender=Masc,costo,0.5486010313034058,YES
fascino,fascino,NOUN,S,Gender=Masc|Number=Sing,appeal,0.6051701307296753,NO
falso,falso,NOUN,S,Gender=Masc|Number=Sing,finto,0.6382691264152527,NO
condivisione,condivisione,NOUN,S,Gender=Fem|Number=Sing,condivisa,0.635107159614563,NO
commissario,commissario,NOUN,S,Gender=Masc|Number=Sing,ispettore,0.697736382484436,NO
limone,limone,NOUN,S,Gender=Masc|Number=Sing,limoni,0.7026143670082092,NO
andamento,andamento,NOUN,S,Gender=Masc|Number=Sing,esito,0.5972291827201843,NO
muto,muto,NOUN,S,Gender=Masc|Number=Sing,muti,0.524992048740387,NO
tutt,tutt,NOUN,S,Gender=Fem|Number=Sing,tutt,0.8086868524551392,NO
vapore,vapore,NOUN,S,Gender=Masc|Number=Sing,vapori,0.6027930974960327,NO
decennio,decennio,NOUN,S,Gender=Masc|Number=Sing,ventennio,0.7897448539733887,NO
deputato,deputato,NOUN,S,Gender=Masc|Number=Sing,senatore,0.7504844665527344,NO
penisola,penisola,NOUN,S,Gender=Fem|Number=Sing,regione,0.5887341499328613,YES
difensore,difensore,NOUN,S,Gender=Masc|Number=Sing,centrocampista,0.7402414083480835,NO
rigore,rigore,NOUN,S,Gender=Masc|Number=Sing,rigori,0.5808210372924805,NO
entusiasmo,entusiasmo,NOUN,S,Gender=Masc|Number=Sing,fervore,0.6918941736221313,NO
open,open,NOUN,S,Gender=Masc,closed,0.6069974899291992,NO
tragedia,tragedia,NOUN,S,Gender=Fem|Number=Sing,tragica,0.7297564148902893,NO
opposto,opposto,NOUN,S,Gender=Masc|Number=Sing,opposta,0.732779860496521,NO
secco,secco,NOUN,S,Gender=Masc|Number=Sing,umido,0.6261995434761047,NO
camino,camino,NOUN,S,Gender=Masc|Number=Sing,caminetto,0.8995519876480103,NO
successione,successione,NOUN,S,Gender=Fem|Number=Sing,successioni,0.6782346963882446,NO
tocco,tocco,NOUN,S,Gender=Masc|Number=Sing,gusto,0.5737053751945496,NO
equipaggio,equipaggio,NOUN,S,Gender=Masc|Number=Sing,equipaggi,0.6928846836090088,NO
marca,marca,NOUN,S,Gender=Fem|Number=Sing,marche,0.5775919556617737,NO
scuro,scuro,NOUN,S,Gender=Masc|Number=Sing,marrone,0.7380816340446472,NO
margine,margine,NOUN,S,Gender=Masc|Number=Sing,margini,0.6642619967460632,NO
fumetto,fumetto,NOUN,S,Gender=Masc|Number=Sing,fumetti,0.8228772282600403,NO
maschera,maschera,NOUN,S,Gender=Fem|Number=Sing,maschere,0.7388807535171509,NO
ripostiglio,ripostiglio,NOUN,S,Gender=Masc|Number=Sing,ripostigli,0.7961375117301941,NO
convegno,convegno,NOUN,S,Gender=Masc|Number=Sing,seminario,0.7551671266555786,NO
padrone,padrone,NOUN,S,Gender=Masc|Number=Sing,padrona,0.6974304914474487,NO
sfera,sfera,NOUN,S,Gender=Fem|Number=Sing,sfere,0.6442419290542603,NO
cemento,cemento,NOUN,S,Gender=Masc|Number=Sing,calcestruzzo,0.7283734083175659,NO
uovo,uovo,NOUN,S,Gender=Masc|Number=Sing,tuorlo,0.7214856743812561,NO
shopping,shopping,NOUN,S,,shop,0.5547807216644287,NO
rientro,rientro,NOUN,S,Gender=Masc|Number=Sing,ritorno,0.7019983530044556,YES
ballo,ballo,NOUN,S,Gender=Masc|Number=Sing,danza,0.6357604265213013,YES
cornice,cornice,NOUN,S,Gender=Fem|Number=Sing,suggestiva,0.5997546315193176,NO
addio,addio,NOUN,S,Gender=Masc|Number=Sing,arrivederci,0.5718383193016052,NO
sentiero,sentiero,NOUN,S,Gender=Masc|Number=Sing,sentieri,0.633834183216095,NO
buio,buio,NOUN,S,Gender=Masc|Number=Sing,oscurità,0.6832144260406494,NO
criterio,criterio,NOUN,S,Gender=Masc|Number=Sing,criteri,0.6890454292297363,NO
rappresentanza,rappresentanza,NOUN,S,Gender=Fem|Number=Sing,rappresentanze,0.6506703495979309,NO
dimora,dimora,NOUN,S,Gender=Fem|Number=Sing,residenza,0.644290030002594,NO
apos,apos,NOUN,S,Gender=Masc|Number=Sing,amp,0.4932222068309784,NO
sentimento,sentimento,NOUN,S,Gender=Masc|Number=Sing,risentimento,0.6807839870452881,NO
sosta,sosta,NOUN,S,Number=Sing,sostare,0.6650731563568115,NO
protetto,protetto,NOUN,S,Gender=Masc|Number=Sing,protetti,0.6993275880813599,NO
mostro,mostro,NOUN,S,Gender=Masc|Number=Sing,mostri,0.5754305720329285,NO
man,man,NOUN,S,,mano,0.547008216381073,YES
foglio,foglio,NOUN,S,Gender=Masc|Number=Sing,fogli,0.7506263852119446,NO
formaggio,formaggio,NOUN,S,Gender=Masc|Number=Sing,formaggi,0.7689806818962097,NO
sceneggiatore,sceneggiatore,NOUN,S,Gender=Masc|Number=Sing,regista,0.7909332513809204,YES
naso,naso,NOUN,S,Gender=Masc|Number=Sing,muso,0.5762337446212769,NO
talk,talk,NOUN,S,,show,0.5797953605651855,NO
premier,premier,NOUN,S,,ministro,0.6480344533920288,YES
scultore,scultore,NOUN,S,Gender=Masc|Number=Sing,pittore,0.7396426200866699,YES
portoghese,portoghese,NOUN,S,Number=Sing,brasiliano,0.7282319068908691,NO
costume,costume,NOUN,S,Gender=Masc|Number=Sing,costumi,0.6628301739692688,NO
vendetta,vendetta,NOUN,S,Gender=Fem|Number=Sing,vendicarsi,0.6155796647071838,NO
nodo,nodo,NOUN,S,Gender=Masc|Number=Sing,nodi,0.6292274594306946,NO
confusione,confusione,NOUN,S,Gender=Fem|Number=Sing,caos,0.6326812505722046,NO
menù,menù,NOUN,S,Gender=Masc,menu,0.9481641054153442,YES
orologio,orologio,NOUN,S,Gender=Masc|Number=Sing,orologi,0.7253780961036682,NO
infortunio,infortunio,NOUN,S,Gender=Masc|Number=Sing,infortunato,0.7166742086410522,NO
nonno,nonno,NOUN,S,Gender=Masc|Number=Sing,zio,0.8054744005203247,YES
liceo,liceo,NOUN,S,Gender=Masc|Number=Sing,ginnasio,0.7115390300750732,NO
mafia,mafia,NOUN,S,Gender=Fem|Number=Sing,camorra,0.7498967051506042,NO
bit,bit,NOUN,SYM,,pixel,0.5232443809509277,NO
oceano,oceano,NOUN,S,Gender=Masc|Number=Sing,mare,0.6454584002494812,YES
compone,compone,NOUN,V,Gender=Fem|Number=Sing,consta,0.7213701605796814,NO
scarica,scarica,NOUN,S,Gender=Fem|Number=Sing,scaricare,0.6417945027351379,NO
gomma,gomma,NOUN,S,Gender=Fem|Number=Sing,plastica,0.6556881666183472,YES
coordinamento,coordinamento,NOUN,S,Gender=Masc|Number=Sing,coordinatore,0.6346115469932556,NO
marcatore,marcatore,NOUN,S,Gender=Masc|Number=Sing,marcatori,0.5813911557197571,NO
clinica,clinica,NOUN,S,Gender=Fem|Number=Sing,psichiatrica,0.6938909888267517,NO
noleggio,noleggio,NOUN,S,Gender=Masc|Number=Sing,noleggiare,0.7004749178886414,NO
spot,spot,NOUN,S,Gender=Masc,slogan,0.638019859790802,NO
riga,riga,NOUN,S,Gender=Masc,righe,0.6263406276702881,NO
rabbia,rabbia,NOUN,S,Gender=Fem|Number=Sing,collera,0.7361469268798828,NO
telaio,telaio,NOUN,S,Gender=Masc|Number=Sing,telai,0.7201440930366516,NO
prigione,prigione,NOUN,S,Gender=Fem|Number=Sing,carcere,0.7816354632377625,YES
esplosione,esplosione,NOUN,S,Gender=Fem|Number=Sing,esplosioni,0.6634148955345154,NO
football,football,NOUN,S,,baseball,0.6927821040153503,NO
tè,tè,NOUN,S,Gender=Masc,caffè,0.541454017162323,YES
pallacanestro,pallacanestro,NOUN,S,Gender=Fem,basket,0.7735163569450378,NO
approfondimento,approfondimento,NOUN,S,Gender=Masc|Number=Sing,approfondimenti,0.7300121784210205,NO
cloud,cloud,NOUN,S,Gender=Masc|Number=Sing,storage,0.6467610597610474,NO
benzina,benzina,NOUN,S,Gender=Fem|Number=Sing,gasolio,0.7741851210594177,NO
adattamento,adattamento,NOUN,S,Gender=Masc|Number=Sing,adattamenti,0.7036370038986206,NO
insediamento,insediamento,NOUN,S,Gender=Masc|Number=Sing,insediamenti,0.6723385453224182,NO
finanza,finanza,NOUN,S,Gender=Fem|Number=Sing,economia,0.6743208169937134,YES
promessa,promessa,NOUN,S,Gender=Fem|Number=Sing,promesso,0.7026461958885193,NO
one,one,NOUN,S,Gender=Fem|Number=Sing,two,0.627075731754303,NO
palazzina,palazzina,NOUN,S,Gender=Fem|Number=Sing,villetta,0.6440794467926025,NO
ansia,ansia,NOUN,V,Gender=Fem|Number=Sing,angoscia,0.7331163883209229,NO
ordinamento,ordinamento,NOUN,S,Gender=Masc|Number=Sing,ordinamenti,0.6530390977859497,NO
colonnello,colonnello,NOUN,S,Gender=Masc|Number=Sing,comandante,0.7401241064071655,YES
report,report,NOUN,S,Gender=Masc,resoconto,0.5807688236236572,NO
aggettivoarticoloavverbiocongiunzionenome,aggettivoarticoloavverbiocongiunzionenome,NOUN,S,Gender=Fem|Number=Sing,propriopreposizionepronomepunteggiaturasostantivoverbo,0.6689756512641907,NO
senatore,senatore,NOUN,S,Gender=Masc|Number=Sing,deputato,0.7504844665527344,YES
inferno,inferno,NOUN,S,Gender=Masc|Number=Sing,infernale,0.6267253160476685,NO
dramma,dramma,NOUN,S,Gender=Masc|Number=Sing,drammatico,0.7660902142524719,NO
login,login,NOUN,S,Gender=Fem,account,0.46798625588417053,YES
farmaco,farmaco,NOUN,S,Gender=Masc|Number=Sing,medicinale,0.7428199648857117,NO
retro,retro,NOUN,S,Gender=Masc|Number=Sing,posteriore,0.5856953263282776,YES
emissione,emissione,NOUN,S,Gender=Fem|Number=Sing,emissioni,0.6590856313705444,NO
esperimento,esperimento,NOUN,S,Gender=Masc|Number=Sing,esperimenti,0.6927481293678284,NO
avvicina,avvicina,NOUN,S,Gender=Fem|Number=Sing,avvicinano,0.7635647654533386,NO
vertice,vertice,NOUN,S,Gender=Fem|Number=Plur,vertici,0.6782450079917908,NO
srl,srl,NOUN,S,Number=Sing,s.r.l.,0.8885167241096497,NO
traguardo,traguardo,NOUN,S,Gender=Masc|Number=Sing,traguardi,0.656760573387146,NO
roba,roba,NOUN,S,Gender=Fem|Number=Sing,fuffa,0.6147239208221436,NO
cotone,cotone,NOUN,S,Gender=Masc|Number=Sing,poliestere,0.7368375062942505,NO
boss,boss,NOUN,S,Gender=Masc,clan,0.6357160806655884,NO
conduttore,conduttore,NOUN,S,Gender=Masc|Number=Sing,conduttori,0.6769756078720093,NO
socio,socio,NOUN,S,Gender=Masc|Number=Sing,socia,0.607589840888977,NO
privatoda,privatoda,NOUN,S,Gender=Fem|Number=Sing,privato,0.43430715799331665,NO
venditore,venditore,NOUN,S,Gender=Masc|Number=Sing,compratore,0.7133979797363281,NO
attentato,attentato,NOUN,S,Gender=Masc|Number=Sing,attentati,0.7545589208602905,NO
pistola,pistola,NOUN,S,Gender=Fem|Number=Sing,fucile,0.7498201131820679,NO
coppa,coppa,NOUN,S,Gender=Fem|Number=Sing,coppe,0.7108173370361328,NO
coinvolgimento,coinvolgimento,NOUN,S,Gender=Masc|Number=Sing,coinvolgere,0.6022437810897827,NO
collabora,collabora,NOUN,S,Gender=Fem|Number=Sing,collaborando,0.7915449142456055,NO
comparsa,comparsa,NOUN,S,Gender=Fem|Number=Sing,apparizione,0.7368593811988831,NO
attento,attento,NOUN,S,Gender=Masc|Number=Sing,attenta,0.7693490386009216,NO
end,end,NOUN,S,Gender=Masc,back,0.5198054313659668,NO
istante,istante,NOUN,B,Gender=Masc|Number=Sing,attimo,0.7354311943054199,NO
continente,continente,NOUN,S,Gender=Masc|Number=Sing,mondo,0.6482898592948914,YES
femmina,femmina,NOUN,S,Gender=Fem|Number=Sing,maschio,0.7936713695526123,YES
manovra,manovra,NOUN,S,Gender=Fem|Number=Sing,manovre,0.6352700591087341,NO
artiglieria,artiglieria,NOUN,S,Gender=Fem|Number=Sing,fanteria,0.7228689789772034,NO
assalto,assalto,NOUN,S,Gender=Masc|Number=Sing,attacco,0.6856338381767273,YES
pizza,pizza,NOUN,S,Gender=Fem|Number=Sing,pizze,0.7276039123535156,NO
diploma,diploma,NOUN,S,Gender=Masc|Number=Sing,laurea,0.6644460558891296,NO
stop,stop,NOUN,S,Gender=Masc,motion,0.5010282397270203,NO
parlamento,parlamento,NOUN,S,Gender=Masc|Number=Sing,governo,0.6842935681343079,YES
podio,podio,NOUN,S,Gender=Masc|Number=Sing,podi,0.5774219036102295,NO
adesione,adesione,NOUN,S,Gender=Fem|Number=Sing,aderire,0.6583078503608704,NO
frontale,frontale,NOUN,S,Gender=Masc|Number=Sing,posteriore,0.7176017761230469,YES
wireless,wireless,NOUN,S,Gender=Masc,wi-fi,0.6986339688301086,NO
miele,miele,NOUN,S,Gender=Masc|Number=Sing,latte,0.5764939188957214,NO
strage,strage,NOUN,S,Gender=Fem|Number=Sing,stragi,0.66879802942276,NO
scorta,scorta,NOUN,S,Gender=Fem|Number=Sing,scorte,0.5811633467674255,NO
pareggio,pareggio,NOUN,S,Gender=Masc|Number=Sing,pareggiare,0.6654742956161499,NO
odore,odore,NOUN,S,Gender=Masc|Number=Sing,profumo,0.7719862461090088,YES
esclusione,esclusione,NOUN,S,Gender=Fem|Number=Sing,inclusione,0.6381128430366516,NO
depressione,depressione,NOUN,S,Gender=Fem|Number=Sing,crisi,0.6334357261657715,YES
rimborso,rimborso,NOUN,S,Gender=Masc|Number=Sing,rimborsi,0.6499618291854858,NO
disimpegno,disimpegno,NOUN,S,Gender=Masc|Number=Sing,ripostiglio,0.6406925320625305,YES
tubo,tubo,NOUN,S,Gender=Masc|Number=Sing,tubi,0.7044883966445923,NO
com,com,NOUN,S,Gender=Masc,dov',0.6381747722625732,NO
divieto,divieto,NOUN,S,Gender=Masc|Number=Sing,vietato,0.6727283596992493,NO
santuario,santuario,NOUN,S,Gender=Masc|Number=Sing,tempio,0.69009929895401,YES
atleta,atleta,NOUN,B,Number=Sing,nuotatore,0.653861939907074,NO
successore,successore,NOUN,S,Gender=Masc|Number=Sing,predecessore,0.7229133248329163,NO
arabo,arabo,NOUN,S,Gender=Masc|Number=Sing,araba,0.6770778894424438,NO
previsione,previsione,NOUN,S,Gender=Fem|Number=Sing,previsioni,0.6603086590766907,NO
pannello,pannello,NOUN,S,Gender=Masc|Number=Sing,pannelli,0.6895027160644531,NO
torrente,torrente,NOUN,S,Gender=Masc|Number=Sing,fiume,0.7342371344566345,NO
filtro,filtro,NOUN,S,Gender=Masc|Number=Sing,filtraggio,0.7137091159820557,NO
riva,riva,NOUN,S,Gender=Fem|Number=Sing,sponda,0.7303577065467834,NO
spostamento,spostamento,NOUN,S,Gender=Masc|Number=Sing,spostamenti,0.6385517716407776,NO
scarico,scarico,NOUN,S,Gender=Masc|Number=Sing,scarichi,0.6630872488021851,NO
immaginario,immaginario,NOUN,S,Gender=Masc|Number=Sing,collettivo,0.6097741723060608,NO
domicilio,domicilio,NOUN,S,Gender=Masc|Number=Sing,domiciliare,0.48153677582740784,NO
stampo,stampo,NOUN,S,Gender=Masc|Number=Sing,stampi,0.5837845802307129,NO
armadio,armadio,NOUN,S,Gender=Masc|Number=Sing,armadi,0.7504293918609619,NO
matematico,matematico,NOUN,S,Gender=Masc|Number=Sing,matematici,0.6869938373565674,NO
tenente,tenente,NOUN,S,Gender=Masc|Number=Sing,colonnello,0.7372302412986755,YES
pepe,pepe,NOUN,S,Gender=Masc|Number=Sing,peperoncino,0.6603434681892395,NO
laser,laser,NOUN,S,Gender=Masc,infrarossi,0.527304470539093,NO
sondaggio,sondaggio,NOUN,S,Gender=Masc|Number=Sing,sondaggi,0.6976805329322815,NO
disagio,disagio,NOUN,S,Gender=Masc|Number=Sing,malessere,0.7716044783592224,NO
marchese,marchese,NOUN,S,Gender=Masc|Number=Sing,conte,0.7646970152854919,NO
violino,violino,NOUN,S,Gender=Masc|Number=Sing,violoncello,0.8507717847824097,NO
autostrada,autostrada,NOUN,S,Gender=Fem|Number=Sing,superstrada,0.7770681381225586,NO
avanguardia,avanguardia,NOUN,S,Gender=Fem|Number=Sing,tecnologicamente,0.5895224213600159,NO
cerchio,cerchio,NOUN,S,Gender=Masc|Number=Sing,triangolo,0.6427768468856812,NO
sponsor,sponsor,NOUN,S,Gender=Masc,sponsorizzazione,0.6325492858886719,NO
clan,clan,NOUN,S,Gender=Masc,boss,0.6357161402702332,YES
valuta,valuta,NOUN,S,Gender=Fem|Number=Sing,moneta,0.5804674029350281,YES
matrice,matrice,NOUN,S,Gender=Fem|Number=Sing,matrici,0.6058735847473145,NO
scultura,scultura,NOUN,S,Gender=Fem|Number=Sing,pittura,0.6991458535194397,YES
candidatura,candidatura,NOUN,S,Gender=Fem|Number=Sing,candidature,0.71747225522995,NO
prototipo,prototipo,NOUN,S,Gender=Masc|Number=Sing,prototipi,0.6970323324203491,NO
scandalo,scandalo,NOUN,S,Gender=Masc|Number=Sing,scandali,0.656208336353302,NO
asilo,asilo,NOUN,S,Gender=Masc|Number=Sing,nido,0.5965672731399536,NO
leva,leva,NOUN,S,Gender=Fem|Number=Sing,leve,0.5409225821495056,NO
mestiere,mestiere,NOUN,S,Gender=Masc|Number=Sing,professione,0.6517452001571655,YES
meraviglia,meraviglia,NOUN,S,Gender=Fem|Number=Sing,meravigliosa,0.6523909568786621,NO
abbazia,abbazia,NOUN,S,Gender=Fem|Number=Sing,abbaziale,0.7594283819198608,NO
trucco,trucco,NOUN,S,Gender=Masc|Number=Sing,make-up,0.7762723565101624,NO
nastro,nastro,NOUN,S,Gender=Masc|Number=Sing,nastri,0.7054099440574646,NO
psicologia,psicologia,NOUN,S,Gender=Fem|Number=Sing,sociologia,0.7334284782409668,NO
petto,petto,NOUN,S,Gender=Masc|Number=Sing,torace,0.6817952394485474,NO
duo,duo,NOUN,S,,trio,0.8542482852935791,NO
contenitore,contenitore,NOUN,S,Gender=Masc|Number=Sing,recipiente,0.7452840805053711,NO
calma,calma,NOUN,S,Gender=Fem|Number=Sing,serenità,0.6871345043182373,NO
misto,misto,NOUN,B,Gender=Masc|Number=Sing,miscuglio,0.5771567225456238,NO
capolavoro,capolavoro,NOUN,S,Gender=Masc|Number=Sing,capolavori,0.6711262464523315,NO
succo,succo,NOUN,S,Gender=Masc|Number=Sing,limone,0.6102235913276672,YES
armonia,armonia,NOUN,S,Gender=Fem|Number=Sing,sintonia,0.6757959127426147,NO
tradimento,tradimento,NOUN,S,Gender=Masc|Number=Sing,tradito,0.6276476979255676,NO
caps,caps,NOUN,S,Gender=Fem|Number=Sing,goals,0.5289390683174133,NO
2ª,2ª,NOUN,SW,Gender=Masc,1ª,0.9495231509208679,NO
cantautore,cantautore,NOUN,S,Gender=Masc|Number=Sing,cantante,0.7773644924163818,NO
spunto,spunto,NOUN,S,Gender=Masc|Number=Sing,spunti,0.6670591831207275,NO
salotto,salotto,NOUN,S,Gender=Masc|Number=Sing,salottino,0.7712302207946777,NO
angelo,angelo,NOUN,S,Gender=Masc|Number=Sing,arcangelo,0.6966672539710999,NO
rame,rame,NOUN,S,Gender=Masc|Number=Sing,metallo,0.6960024237632751,YES
sopratutto,sopratutto,NOUN,S,Gender=Masc|Number=Sing,soprattutto,0.8265421986579895,NO
leggo,leggo,NOUN,S,Gender=Masc|Number=Plur,scrivo,0.7940818667411804,NO
addestramento,addestramento,NOUN,S,Gender=Masc|Number=Sing,addestrare,0.6286225914955139,NO
cucchiaio,cucchiaio,NOUN,S,Gender=Masc|Number=Sing,cucchiaino,0.8189338445663452,NO
diavolo,diavolo,NOUN,V,Gender=Masc|Number=Sing,demonio,0.699110746383667,NO
gloria,gloria,NOUN,S,Gender=Fem|Number=Sing,gloriosa,0.5906386971473694,NO
gola,gola,NOUN,S,Gender=Fem|Number=Sing,bocca,0.5976418852806091,NO
prestigio,prestigio,NOUN,S,Gender=Masc|Number=Sing,fama,0.5978240370750427,YES
forex,forex,NOUN,S,Gender=Fem|Number=Plur,trading,0.748336911201477,YES
eleganza,eleganza,NOUN,S,Gender=Fem|Number=Sing,raffinatezza,0.8144587874412537,NO
stabilimento,stabilimento,NOUN,S,Gender=Masc|Number=Sing,stabilimenti,0.7644630670547485,NO
prenota,prenota,NOUN,S,Gender=Fem|Number=Sing,prenotare,0.6337670087814331,NO
sindrome,sindrome,NOUN,S,Gender=Fem|Number=Sing,sindromi,0.6645095348358154,NO
salsa,salsa,NOUN,S,Gender=Fem|Number=Sing,zuppa,0.6185089945793152,NO
suite,suite,NOUN,S,Gender=Fem,camera,0.5167696475982666,NO
soldato,soldato,NOUN,S,Gender=Masc|Number=Sing,soldati,0.6734314560890198,NO
genio,genio,NOUN,S,Gender=Masc|Number=Sing,genialità,0.6143234372138977,NO
frigorifero,frigorifero,NOUN,S,Gender=Masc|Number=Sing,frigo,0.8977174162864685,NO
isolamento,isolamento,NOUN,S,Gender=Masc|Number=Sing,coibentazione,0.5426429510116577,NO
bimbo,bimbo,NOUN,S,Gender=Masc|Number=Sing,bambino,0.8727877736091614,YES
card,card,NOUN,SP,,cardinal,0.5018243193626404,NO
disastro,disastro,NOUN,E,Gender=Masc|Number=Sing,disastroso,0.7241191267967224,NO
propaganda,propaganda,NOUN,S,Gender=Fem|Number=Sing,disinformazione,0.6584135293960571,NO
suddiviso,suddiviso,NOUN,S,Gender=Masc|Number=Sing,diviso,0.8511176109313965,NO
vigilanza,vigilanza,NOUN,S,Gender=Fem|Number=Sing,sorveglianza,0.7163063883781433,NO
tramonto,tramonto,NOUN,S,Gender=Masc|Number=Sing,crepuscolo,0.7263219952583313,NO
calibro,calibro,NOUN,S,Gender=Masc|Number=Sing,spessore,0.5095269083976746,YES
aglio,aglio,NOUN,S,Gender=Masc|Number=Sing,origano,0.5367794036865234,NO
cattura,cattura,NOUN,S,Gender=Fem|Number=Sing,catturare,0.7080004811286926,NO
vs,vs,NOUN,S,,vs,0.5730162858963013,NO
under,under,NOUN,E,,over,0.6240970492362976,NO
ossigeno,ossigeno,NOUN,S,Gender=Masc|Number=Sing,azoto,0.6895977854728699,NO
spalla,spalla,NOUN,S,Gender=Fem|Number=Sing,schiena,0.6620517373085022,NO
suicidio,suicidio,NOUN,S,Gender=Masc|Number=Sing,suicidarsi,0.7014899849891663,NO
etica,etica,NOUN,S,Gender=Fem|Number=Sing,moralità,0.7060194611549377,NO
inquinamento,inquinamento,NOUN,S,Gender=Masc|Number=Sing,smog,0.6531813740730286,NO
canna,canna,NOUN,S,Gender=Fem|Number=Sing,canne,0.6622306108474731,NO
affidamento,affidamento,NOUN,S,Gender=Masc|Number=Sing,affido,0.5843871831893921,NO
cabina,cabina,NOUN,S,Gender=Fem|Number=Sing,cabine,0.6865832805633545,NO
cessione,cessione,NOUN,S,Gender=Fem|Number=Sing,cessioni,0.6573512554168701,NO
bellissime,bellissime,NOUN,S,Gender=Fem|Number=Plur,splendide,0.8963223695755005,NO
cartone,cartone,NOUN,S,Gender=Masc|Number=Sing,cartoni,0.728298008441925,NO
s.l.m,s.l.m,NOUN,S,Gender=Masc|Number=Sing,altitudine,0.6114993691444397,NO
sfruttamento,sfruttamento,NOUN,S,Gender=Masc|Number=Sing,sviluppo,0.5514785647392273,YES
esilio,esilio,NOUN,S,Gender=Masc|Number=Sing,esule,0.7288014888763428,NO
carbonio,carbonio,NOUN,S,Gender=Masc|Number=Sing,titanio,0.6458123326301575,NO
straniero,straniero,NOUN,S,Gender=Masc|Number=Sing,immigrato,0.6427555084228516,NO
minoranza,minoranza,NOUN,S,Gender=Fem|Number=Sing,maggioranza,0.8041161894798279,YES
circolo,circolo,NOUN,S,Gender=Masc|Number=Sing,circoli,0.6440674662590027,NO
fax,fax,NOUN,S,Gender=Masc,telefono,0.5343184471130371,YES
arbitro,arbitro,NOUN,S,Gender=Masc|Number=Sing,arbitri,0.7178080081939697,NO
sciopero,sciopero,NOUN,S,Gender=Masc|Number=Sing,scioperi,0.7319369316101074,NO
room,room,NOUN,A,Gender=Masc|Number=Plur,rooms,0.7293692827224731,NO
centrocampista,centrocampista,NOUN,S,Number=Sing,attaccante,0.8033286929130554,NO
respiro,respiro,NOUN,S,Gender=Masc|Number=Sing,fiato,0.6125741004943848,NO
caos,caos,NOUN,S,Gender=Masc,disordine,0.715033233165741,NO
corde,corde,NOUN,V,Gender=Fem|Number=Sing,corda,0.6747071146965027,NO
cortesia,cortesia,NOUN,S,Gender=Fem|Number=Sing,gentilezza,0.7819965481758118,NO
play,play,NOUN,S,Gender=Masc,playoff,0.905622124671936,NO
custodia,custodia,NOUN,S,Gender=Fem|Number=Sing,custodie,0.5880107283592224,NO
completamento,completamento,NOUN,S,Gender=Masc|Number=Sing,avanzamento,0.6116508841514587,NO
suddivisione,suddivisione,NOUN,S,Gender=Fem|Number=Sing,ripartizione,0.7302099466323853,NO
food,food,NOUN,S,,fashion,0.5994210243225098,NO
crollo,crollo,NOUN,S,Gender=Masc|Number=Sing,tracollo,0.7074985504150391,NO
perielio,perielio,NOUN,B,Gender=Masc|Number=Sing,afelio,0.6051691770553589,NO
dottore,dottore,NOUN,S,Gender=Masc|Number=Sing,medico,0.6928595304489136,YES
retta,retta,NOUN,S,Gender=Fem|Number=Sing,rette,0.6505240797996521,NO
introdotta,introdotta,NOUN,S,Gender=Fem|Number=Sing,introdotto,0.7893150448799133,NO
condominio,condominio,NOUN,S,Gender=Masc|Number=Sing,condominiale,0.7975402474403381,NO
frontiera,frontiera,NOUN,S,Gender=Fem|Number=Sing,frontiere,0.6847536563873291,NO
polemica,polemica,NOUN,S,Gender=Fem|Number=Sing,diatriba,0.7531643509864807,NO
arredo,arredo,NOUN,S,Gender=Masc|Number=Sing,arredamento,0.8478692173957825,YES
big,big,NOUN,S,,colossi,0.536449670791626,NO
avvento,avvento,NOUN,S,Gender=Masc|Number=Sing,inizio,0.53496915102005,YES
lavoratore,lavoratore,NOUN,S,Gender=Masc|Number=Sing,datore,0.7263675928115845,NO
pdf,pdf,NOUN,S,Gender=Masc|Number=Sing,.pdf,0.7599033713340759,NO
pallone,pallone,NOUN,S,Gender=Masc|Number=Sing,palloni,0.7211997509002686,NO
crimine,crimine,NOUN,S,Gender=Masc|Number=Sing,delitto,0.7181716561317444,NO
rugby,rugby,NOUN,S,Gender=Masc,cricket,0.6813035011291504,NO
tumore,tumore,NOUN,S,Gender=Masc|Number=Sing,cancro,0.8877304196357727,NO
greci,greci,NOUN,S,Gender=Masc|Number=Sing,latini,0.67075514793396,NO
gestore,gestore,NOUN,S,Gender=Masc|Number=Sing,gestori,0.6815518736839294,NO
desktop,desktop,NOUN,S,Gender=Masc,notebook,0.6590937376022339,NO
soffitto,soffitto,NOUN,S,Gender=Masc|Number=Sing,pavimento,0.6906735897064209,YES
farmacia,farmacia,NOUN,S,Gender=Fem|Number=Sing,farmacie,0.6792576909065247,NO
pero,pero,NOUN,S,Gender=Masc|Number=Sing,perche,0.8389344811439514,NO
progresso,progresso,NOUN,S,Gender=Masc|Number=Sing,progredire,0.6238085031509399,NO
difetto,difetto,NOUN,S,Gender=Masc|Number=Sing,difetti,0.6813092231750488,NO
satellite,satellite,NOUN,S,Gender=Masc|Number=Sing,satelliti,0.7242481708526611,NO
tardo,tardo,NOUN,B,Gender=Masc|Number=Sing,tarda,0.6435878872871399,NO
mt,mt,NOUN,S,Gender=Masc|Number=Sing,mt.,0.7288910150527954,NO
merce,merce,NOUN,S,Gender=Fem|Number=Sing,merci,0.639585018157959,NO
timore,timore,NOUN,S,Gender=Masc|Number=Sing,paura,0.7706287503242493,YES
fibra,fibra,NOUN,S,Gender=Fem|Number=Sing,fibre,0.6620326638221741,NO
colonia,colonia,NOUN,S,Gender=Fem|Number=Sing,colonie,0.685832679271698,NO
beneficio,beneficio,NOUN,S,Gender=Masc|Number=Sing,vantaggio,0.6625396609306335,YES
fotocamera,fotocamera,NOUN,S,Gender=Fem|Number=Sing,fotocamere,0.7398050427436829,NO
radice,radice,NOUN,S,Gender=Fem|Number=Sing,radici,0.5806736350059509,NO
derby,derby,NOUN,S,Gender=Masc|Number=Plur,match,0.6698349714279175,YES
youtube,youtube,NOUN,S,Gender=Masc,video,0.5659061074256897,NO
interiore,interiore,NOUN,S,Gender=Masc|Number=Sing,esteriore,0.7328037619590759,NO
declino,declino,NOUN,S,Gender=Masc|Number=Sing,tracollo,0.6633428335189819,NO
ginocchio,ginocchio,NOUN,S,Gender=Masc|Number=Sing,ginocchia,0.6750810146331787,NO
ricambio,ricambio,NOUN,V,Gender=Masc|Number=Sing,ricambi,0.6892988085746765,NO
musical,musical,NOUN,S,Gender=Masc,teatrale,0.5671873092651367,NO
nido,nido,NOUN,S,Gender=Masc|Number=Sing,nidi,0.7361893653869629,NO
giornalistica,giornalistica,NOUN,A,Gender=Fem|Number=Sing,testata,0.6029287576675415,NO
camion,camion,NOUN,S,Gender=Masc,furgone,0.7418079972267151,NO
consulente,consulente,NOUN,S,Number=Sing,esperto,0.6835823655128479,YES
scudo,scudo,NOUN,S,Gender=Masc|Number=Sing,stemma,0.5690467357635498,NO
scoppio,scoppio,NOUN,S,Gender=Masc|Number=Sing,scoppiare,0.6498074531555176,NO
parametro,parametro,NOUN,S,Gender=Masc|Number=Sing,parametri,0.6438840627670288,NO
rendimento,rendimento,NOUN,S,Gender=Masc|Number=Sing,rendimenti,0.6533100008964539,NO
pregio,pregio,NOUN,S,Gender=Masc|Number=Sing,pregiato,0.5937240123748779,NO
primato,primato,NOUN,S,Gender=Masc|Number=Sing,record,0.6491250991821289,YES
buco,buco,NOUN,S,Gender=Masc|Number=Sing,buchi,0.6799954175949097,NO
user,user,NOUN,S,Gender=Masc,users,0.5337576866149902,NO
stand,stand,NOUN,S,Number=Sing,espositori,0.6231798529624939,NO
processore,processore,NOUN,S,Gender=Masc|Number=Sing,processori,0.7238194346427917,NO
finta,finta,NOUN,S,Gender=Fem|Number=Sing,fingere,0.7087860703468323,NO
back,back,NOUN,SW,Gender=Masc,down,0.56261146068573,NO
ammissione,ammissione,NOUN,S,Gender=Fem|Number=Sing,ammissibilità,0.5908298492431641,NO
trend,trend,NOUN,S,Gender=Masc,tendenze,0.6210883855819702,NO
action,action,NOUN,S,,class,0.5588048696517944,NO
portavoce,portavoce,NOUN,S,,vicepresidente,0.6140783429145813,NO
fattura,fattura,NOUN,S,Gender=Fem|Number=Sing,fatture,0.6136044263839722,NO
socialista,socialista,NOUN,S,Number=Sing,comunista,0.8043216466903687,NO
direttiva,direttiva,NOUN,S,Gender=Fem|Number=Sing,normativa,0.6141031384468079,YES
testimone,testimone,NOUN,S,Number=Sing,testimoni,0.6690952777862549,NO
links,links,NOUN,SW,Gender=Masc,link,0.5976781249046326,NO
ambasciatore,ambasciatore,NOUN,S,Gender=Masc|Number=Sing,ambasciatori,0.6951278448104858,NO
procuratore,procuratore,NOUN,S,Gender=Masc|Number=Sing,procuratori,0.6580437421798706,NO
miracolo,miracolo,NOUN,S,Gender=Masc|Number=Sing,miracoloso,0.7717515826225281,NO
ferroviario,ferroviario,NOUN,S,Gender=Masc|Number=Sing,ferroviari,0.7007991075515747,NO
banco,banco,NOUN,S,Gender=Masc|Number=Sing,bancone,0.6351627707481384,NO
interprete,interprete,NOUN,S,Number=Sing,attore,0.6402828097343445,YES
store,store,NOUN,A,Gender=Masc|Number=Sing,shop,0.7085742354393005,NO
terrore,terrore,NOUN,S,Gender=Masc|Number=Sing,orrore,0.6956073641777039,NO
default,default,NOUN,V,Gender=Masc,predefinito,0.5815722942352295,NO
fantasma,fantasma,NOUN,S,Gender=Masc|Number=Sing,fantasmi,0.6200078129768372,NO
bis,bis,NOUN,S,Gender=Masc,ter,0.5766358375549316,NO
allevamento,allevamento,NOUN,S,Gender=Masc|Number=Sing,allevamenti,0.734079122543335,NO
carburante,carburante,NOUN,V,Gender=Masc|Number=Sing,benzina,0.7492889761924744,YES
intervallo,intervallo,NOUN,S,Gender=Masc|Number=Sing,intervalli,0.6679396629333496,NO
bacione,bacione,NOUN,S,Gender=Fem|Number=Sing,bacioni,0.8481202721595764,NO
ciclista,ciclista,NOUN,S,Number=Sing,corridore,0.6933530569076538,NO
lana,lana,NOUN,S,Gender=Fem|Number=Sing,stoffa,0.6685893535614014,NO
ascesa,ascesa,NOUN,S,Gender=Fem|Number=Sing,scalata,0.6791418194770813,NO
view,view,NOUN,SP,Gender=Masc|Number=Sing,balcony,0.48413267731666565,NO
slalom,slalom,NOUN,S,Gender=Masc,supergigante,0.5780724287033081,NO
tenore,tenore,NOUN,S,Gender=Masc|Number=Sing,baritono,0.6215787529945374,NO
allestimento,allestimento,NOUN,S,Gender=Masc|Number=Sing,allestimenti,0.7473874688148499,NO
orgoglio,orgoglio,NOUN,S,Gender=Masc|Number=Sing,orgoglioso,0.6771039366722107,NO
golf,golf,NOUN,S,Gender=Masc,tennis,0.6500071883201599,YES
glutine,glutine,NOUN,S,Gender=Masc|Number=Sing,lattosio,0.6822720170021057,NO
master,master,NOUN,S,,laurea,0.5794607996940613,NO
canone,canone,NOUN,S,Gender=Masc|Number=Sing,canoni,0.6297125220298767,NO
dott,dott,NOUN,S,Gender=Masc|Number=Plur,dottor,0.8069390058517456,NO
magistrato,magistrato,NOUN,S,Gender=Masc|Number=Sing,giudice,0.6921140551567078,YES
pollo,pollo,NOUN,S,Gender=Masc|Number=Sing,tacchino,0.7645657658576965,NO
beta,beta,NOUN,S,Gender=Fem|Number=Sing,alpha,0.6920971870422363,NO
watch,watch,NOUN,A,Gender=Masc,list,0.44924336671829224,NO
trofeo,trofeo,NOUN,S,Gender=Masc|Number=Sing,coppa,0.6300627589225769,YES
barone,barone,NOUN,S,Gender=Fem|Number=Sing,conte,0.7138252258300781,NO
atletica,atletica,NOUN,S,Gender=Fem|Number=Sing,olimpica,0.62336266040802,NO
alquanto,alquanto,NOUN,B,Gender=Masc|Number=Sing,assai,0.85948646068573,NO
provo,provo,NOUN,S,Gender=Masc|Number=Sing,proverò,0.7503867745399475,NO
leone,leone,NOUN,S,Gender=Fem|Number=Sing,leoni,0.6534693837165833,NO
oldid,oldid,NOUN,S,,upright,0.306657999753952,NO
sensore,sensore,NOUN,S,Gender=Masc|Number=Sing,sensori,0.7276161313056946,NO
bolla,bolla,NOUN,S,Gender=Fem|Number=Sing,bolle,0.6083691120147705,NO
polo,polo,NOUN,S,Gender=Masc|Number=Sing,centro,0.5439566373825073,YES
pomodoro,pomodoro,NOUN,S,Gender=Masc|Number=Sing,pomodori,0.7188425064086914,NO
cronologia,cronologia,NOUN,S,Gender=Fem|Number=Sing,cronologica,0.6507306098937988,NO
fornitore,fornitore,NOUN,S,Gender=Masc|Number=Sing,fornitori,0.6700968146324158,NO
intrattenimento,intrattenimento,NOUN,S,Gender=Masc|Number=Sing,divertimento,0.6663327813148499,YES
corridoio,corridoio,NOUN,S,Gender=Masc|Number=Sing,corridoi,0.6463199853897095,NO
incrocio,incrocio,NOUN,S,Gender=Masc|Number=Sing,incroci,0.6522833704948425,NO
trimestre,trimestre,NOUN,S,Gender=Fem|Number=Plur,semestre,0.7788389921188354,NO
striscia,striscia,NOUN,S,Gender=Fem|Number=Sing,strisce,0.5988775491714478,NO
compenso,compenso,NOUN,S,Gender=Masc|Number=Sing,compensi,0.5969589352607727,NO
formativo,formativo,NOUN,S,Gender=Masc|Number=Sing,educativo,0.6972114443778992,NO
scatto,scatto,NOUN,S,Gender=Masc|Number=Sing,scatti,0.6660974025726318,NO
fiamma,fiamma,NOUN,S,Gender=Fem|Number=Sing,fuoco,0.5417963862419128,YES
velivolo,velivolo,NOUN,S,Gender=Masc|Number=Sing,velivoli,0.7573288679122925,NO
mitologia,mitologia,NOUN,S,Gender=Fem|Number=Sing,mitologica,0.7773655652999878,NO
sorveglianza,sorveglianza,NOUN,S,Gender=Fem|Number=Sing,vigilanza,0.7163062691688538,YES
nuoto,nuoto,NOUN,S,Gender=Masc|Number=Sing,nuotare,0.6344903707504272,NO
colloquio,colloquio,NOUN,S,Gender=Masc|Number=Sing,colloqui,0.6852419972419739,NO
feudo,feudo,NOUN,S,Gender=Masc|Number=Sing,feudatario,0.7173700332641602,NO
finalista,finalista,NOUN,S,Number=Sing,vincitrice,0.6277680397033691,NO
motto,motto,NOUN,S,Gender=Masc|Number=Sing,slogan,0.6194137930870056,NO
tutt,tutt,NOUN,S,Gender=Fem|Number=Sing,tutt',0.8086868524551392,YES
istanza,istanza,NOUN,S,Gender=Fem|Number=Sing,istanze,0.6483520269393921,NO
trionfo,trionfo,NOUN,S,Gender=Masc|Number=Sing,trionfale,0.6488973498344421,NO
carro,carro,NOUN,S,Gender=Masc|Number=Sing,carri,0.6845739483833313,NO
consumatore,consumatore,NOUN,S,Gender=Masc|Number=Sing,consumatori,0.7145459055900574,NO
stipendio,stipendio,NOUN,S,Gender=Masc|Number=Sing,stipendi,0.7438758015632629,NO
grasso,grasso,NOUN,S,Gender=Masc|Number=Sing,grassi,0.6495312452316284,NO
assetto,assetto,NOUN,S,Gender=Masc|Number=Sing,assetti,0.6628324389457703,NO
apt,apt,NOUN,S,Gender=Masc|Number=Plur,apto.,0.6331848502159119,NO
batterista,batterista,NOUN,S,Number=Sing,bassista,0.8391002416610718,NO
cappello,cappello,NOUN,S,Gender=Masc|Number=Sing,berretto,0.7631049156188965,NO
cadavere,cadavere,NOUN,S,Gender=Masc|Number=Sing,cadaveri,0.6536486744880676,NO
pompa,pompa,NOUN,S,Gender=Fem|Number=Sing,pompe,0.7043437361717224,NO
patologia,patologia,NOUN,S,Gender=Fem|Number=Sing,malattia,0.7707621455192566,YES
datore,datore,NOUN,S,Gender=Masc|Number=Sing,lavoratore,0.7263675332069397,YES
rapper,rapper,NOUN,S,,rap,0.7431608438491821,NO
continentale,continentale,NOUN,S,Number=Sing,continentali,0.6314082145690918,NO
aka,aka,NOUN,S,Gender=Masc,alias,0.4797994792461395,NO
congresso,congresso,NOUN,S,Gender=Masc|Number=Sing,convegno,0.6620939373970032,YES
cotto,cotto,NOUN,S,Gender=Masc|Number=Sing,cotti,0.6019414067268372,NO
crociera,crociera,NOUN,S,Gender=Fem|Number=Sing,crociere,0.7085386514663696,NO
feedback,feedback,NOUN,S,Gender=Masc,input,0.4582405388355255,NO
dans,dans,NOUN,E,,avec,0.6255596876144409,NO
country,country,NOUN,S,Gender=Masc,folk,0.5708768367767334,NO
dea,dea,NOUN,S,Gender=Fem|Number=Sing,divinità,0.7086731791496277,NO
fontana,fontana,NOUN,S,Gender=Fem|Number=Sing,fontane,0.7103347182273865,NO
indoor,indoor,NOUN,SW,,outdoor,0.6555177569389343,NO
punk,punk,NOUN,S,,rock,0.7947186827659607,YES
emendamento,emendamento,NOUN,S,Gender=Masc|Number=Sing,emendamenti,0.7785535454750061,NO
picco,picco,NOUN,S,Gender=Masc|Number=Sing,picchi,0.6278654336929321,NO
sud,sud,NOUN,S,Gender=Masc|Number=Sing,sud-ovest,0.923535168170929,NO
abbonamento,abbonamento,NOUN,S,Gender=Masc|Number=Sing,abbonamenti,0.7218378186225891,NO
pianista,pianista,NOUN,S,Number=Sing,violinista,0.7980960607528687,NO
truffa,truffa,NOUN,S,Gender=Fem|Number=Sing,frode,0.709342360496521,NO
pubblicitario,pubblicitario,NOUN,S,Gender=Masc|Number=Sing,pubblicitaria,0.6911016702651978,NO
fastidio,fastidio,NOUN,S,Gender=Masc|Number=Sing,fastidioso,0.6808373928070068,NO
esponente,esponente,NOUN,V,Number=Sing,esponenti,0.703034520149231,NO
collaboratore,collaboratore,NOUN,S,Gender=Masc|Number=Sing,consulente,0.6668530702590942,YES
radar,radar,NOUN,S,Gender=Masc,satelliti,0.5620080828666687,NO
impulso,impulso,NOUN,S,Gender=Masc|Number=Sing,slancio,0.6269264221191406,NO
make,make,NOUN,S,Gender=Masc,make-up,0.6305059194564819,NO
ignoranza,ignoranza,NOUN,S,Gender=Fem|Number=Sing,stupidità,0.7199297547340393,NO
accompagnamento,accompagnamento,NOUN,S,Gender=Masc|Number=Sing,accompagnare,0.6167231798171997,NO
transito,transito,NOUN,S,Gender=Masc|Number=Sing,passaggio,0.6520774364471436,YES
yard,yard,NOUN,S,,touchdown,0.7230991721153259,NO
piemontese,piemontese,NOUN,A,Number=Sing,torinese,0.7712624073028564,NO
magistratura,magistratura,NOUN,S,Gender=Fem|Number=Sing,magistrati,0.679821789264679,NO
statuto,statuto,NOUN,S,Gender=Masc|Number=Sing,statuti,0.628513753414154,NO
2º,2º,NOUN,A,,3º,0.9546210169792175,NO
verdura,verdura,NOUN,S,Gender=Fem|Number=Sing,verdure,0.7905716300010681,NO
segmento,segmento,NOUN,S,Gender=Masc|Number=Sing,segmenti,0.7179086208343506,NO
rivestimento,rivestimento,NOUN,S,Gender=Masc|Number=Sing,rivestimenti,0.691938579082489,NO
discreto,discreto,NOUN,S,Gender=Masc|Number=Sing,ottimo,0.6850297451019287,NO
pelo,pelo,NOUN,S,Gender=Masc|Number=Sing,gatto,0.5696470737457275,YES
prete,prete,NOUN,S,Gender=Masc|Number=Sing,sacerdote,0.7838160395622253,YES
spiace,spiace,NOUN,S,Gender=Fem|Number=Sing,dispiace,0.8413785099983215,NO
pseudonimo,pseudonimo,NOUN,A,Gender=Masc|Number=Sing,pseudonimi,0.7785260081291199,NO
circondario,circondario,NOUN,S,Gender=Masc|Number=Sing,circondari,0.5529394149780273,NO
penna,penna,NOUN,S,Gender=Fem|Number=Sing,matita,0.7312793135643005,NO
miscela,miscela,NOUN,S,Gender=Fem|Number=Sing,miscelazione,0.6431557536125183,NO
dillo,dillo,NOUN,S,Gender=Masc|Number=Sing,scrivimi,0.4868520498275757,NO
processione,processione,NOUN,S,Gender=Fem|Number=Sing,processioni,0.6939480900764465,NO
videoclip,videoclip,NOUN,S,Gender=Masc,video,0.7069998383522034,NO
their,their,NOUN,S,Gender=Masc|Number=Sing,our,0.7651581168174744,NO
vintage,vintage,NOUN,S,,retrò,0.7637232542037964,NO
pacco,pacco,NOUN,S,Gender=Masc|Number=Sing,pacchi,0.6814536452293396,NO
studioso,studioso,NOUN,S,Gender=Masc|Number=Sing,studiosa,0.7112281918525696,NO
coltello,coltello,NOUN,S,Gender=Masc|Number=Sing,coltelli,0.6897972822189331,NO
apostolico,apostolico,NOUN,S,Gender=Masc|Number=Sing,apostolica,0.6419025659561157,NO
ottenimento,ottenimento,NOUN,PI,Gender=Masc|Number=Sing,conseguimento,0.6158401370048523,NO
risarcimento,risarcimento,NOUN,S,Gender=Masc|Number=Sing,indennizzo,0.790033757686615,NO
mutuo,mutuo,NOUN,S,Gender=Masc|Number=Sing,mutui,0.706857442855835,NO
freno,freno,NOUN,S,Gender=Masc|Number=Sing,freni,0.7055891752243042,NO
ordinanza,ordinanza,NOUN,S,Gender=Fem|Number=Sing,ordinanze,0.6397668123245239,NO
drago,drago,NOUN,S,Gender=Masc|Number=Sing,dragone,0.7237597107887268,NO
spam,spam,NOUN,S,Gender=Fem,malware,0.5448499917984009,NO
scioglimento,scioglimento,NOUN,S,Gender=Masc|Number=Sing,sciogliersi,0.5883505940437317,NO
tempesta,tempesta,NOUN,S,Gender=Fem|Number=Sing,tempeste,0.6850060224533081,NO
igiene,igiene,NOUN,V_PC_PC,Gender=Fem|Number=Sing,pulizia,0.6335133910179138,YES
contorno,contorno,NOUN,B,Gender=Masc|Number=Sing,contorni,0.6244825124740601,NO
who,who,NOUN,S,,which,0.5983940362930298,NO
carbone,carbone,NOUN,S,Gender=Masc|Number=Sing,combustibile,0.6204231381416321,NO
sant,sant,NOUN,S,Gender=Masc,san,0.6495596170425415,NO
mathbf,mathbf,NOUN,S,Number=Plur,vec,0.6613397002220154,NO
lotto,lotto,NOUN,S,Gender=Masc|Number=Sing,lotti,0.6821087002754211,NO
trio,trio,NOUN,S,Gender=Masc|Number=Sing,duo,0.8542481660842896,YES
distacco,distacco,NOUN,S,Gender=Masc|Number=Sing,allontanamento,0.5971657633781433,NO
salvataggio,salvataggio,NOUN,S,Gender=Masc|Number=Sing,salvare,0.6271147131919861,NO
nord-est,nord-est,NOUN,S,Gender=Masc|Number=Sing,nord-ovest,0.9427381157875061,NO
gioventù,gioventù,NOUN,S,Gender=Fem|Number=Sing,giovinezza,0.740107536315918,NO
only,only,NOUN,S,Gender=Masc,not,0.6187161803245544,NO
ausilio,ausilio,NOUN,S,Gender=Masc|Number=Sing,avvalendosi,0.6279700994491577,NO
macchia,macchia,NOUN,S,Gender=Fem|Number=Sing,macchie,0.6586323976516724,NO
favola,favola,NOUN,S,Gender=Fem|Number=Sing,fiaba,0.7970280051231384,NO
hockey,hockey,NOUN,S,Gender=Masc,pallacanestro,0.611799418926239,YES
circostanza,circostanza,NOUN,S,Gender=Fem|Number=Sing,circostanze,0.6065878868103027,NO
bersaglio,bersaglio,NOUN,S,Gender=Masc|Number=Sing,bersagli,0.7242076992988586,NO
volontario,volontario,NOUN,S,Gender=Masc|Number=Sing,volontaria,0.6705396771430969,NO
apparecchio,apparecchio,NOUN,S,Gender=Masc|Number=Sing,apparecchiatura,0.6741172075271606,NO
uccello,uccello,NOUN,S,Gender=Masc|Number=Sing,uccellino,0.720625638961792,NO
divorzio,divorzio,NOUN,S,Gender=Masc|Number=Sing,matrimonio,0.6675044894218445,YES
round,round,NOUN,S,,match,0.5664390921592712,YES
vergogna,vergogna,NOUN,S,Gender=Fem|Number=Sing,umiliazione,0.6358358860015869,NO
campeggio,campeggio,NOUN,S,Gender=Masc|Number=Sing,camping,0.7584051489830017,NO
profitto,profitto,NOUN,S,Gender=Masc|Number=Sing,profitti,0.6927711367607117,NO
grotta,grotta,NOUN,S,Gender=Fem|Number=Sing,caverna,0.7797808647155762,NO
simpatia,simpatia,NOUN,S,Gender=Fem|Number=Sing,antipatia,0.759212851524353,NO
pixel,pixel,NOUN,S,,frame,0.5261481404304504,NO
had,had,NOUN,S,,have,0.7389562129974365,NO
spettatore,spettatore,NOUN,A,Gender=Masc|Number=Sing,spettatori,0.6024293303489685,NO
volontariato,volontariato,NOUN,S,Gender=Masc|Number=Sing,associazionismo,0.6745250225067139,NO
vaso,vaso,NOUN,S,Gender=Masc|Number=Sing,vasi,0.7179358601570129,NO
manifesto,manifesto,NOUN,S,Gender=Masc|Number=Sing,programmatico,0.6121736168861389,NO
flora,flora,NOUN,S,Gender=Fem|Number=Sing,fauna,0.8073943853378296,NO
fucile,fucile,NOUN,S,Gender=Masc|Number=Sing,fucili,0.7945542931556702,NO
goal,goal,NOUN,S,Gender=Fem|Number=Sing,gol,0.8758570551872253,YES
fiction,fiction,NOUN,S,Gender=Fem,miniserie,0.6570839285850525,NO
presunto,presunto,NOUN,S,Gender=Masc|Number=Sing,fantomatico,0.7212831974029541,NO
basket,basket,NOUN,S,Gender=Masc|Number=Sing,pallacanestro,0.7735163569450378,YES
3ª,3ª,NOUN,NO,,2ª,0.9428846836090088,YES
seme,seme,NOUN,S,Gender=Masc|Number=Sing,semi,0.5683359503746033,NO
ragionamento,ragionamento,NOUN,S,Gender=Masc|Number=Sing,discorso,0.696364164352417,YES
cattedra,cattedra,NOUN,S,Gender=Fem|Number=Sing,cattedre,0.6506298780441284,NO
secondario,secondario,NOUN,S,Gender=Masc|Number=Sing,primario,0.7166723608970642,NO
core,core,NOUN,S,Gender=Masc|Number=Sing,processori,0.5443581938743591,NO
censura,censura,NOUN,S,Gender=Fem|Number=Sing,censure,0.6511427760124207,NO
mais,mais,NOUN,S,Gender=Masc,frumento,0.6570104360580444,NO
portafoglio,portafoglio,NOUN,S,Gender=Masc|Number=Sing,portafogli,0.8153488636016846,NO
guadagno,guadagno,NOUN,S,Gender=Masc|Number=Sing,profitto,0.6766330003738403,YES
retrocessione,retrocessione,NOUN,S,Gender=Fem|Number=Sing,retrocessa,0.6616510152816772,NO
accento,accento,NOUN,V,Gender=Masc|Number=Sing,accenti,0.6021890640258789,NO
trilogia,trilogia,NOUN,S,Gender=Fem|Number=Sing,saga,0.833275556564331,NO
oratorio,oratorio,NOUN,S,Gender=Masc|Number=Sing,parrocchiale,0.689116358757019,NO
reggimento,reggimento,NOUN,S,Gender=Masc|Number=Sing,battaglione,0.7493460178375244,NO
riscontro,riscontro,NOUN,S,Gender=Masc|Number=Sing,riscontri,0.7045593857765198,NO
staffetta,staffetta,NOUN,S,Gender=Fem|Number=Sing,maratona,0.5642392635345459,NO
cannone,cannone,NOUN,S,Gender=Masc|Number=Sing,cannoni,0.7151148319244385,NO
barriera,barriera,NOUN,S,Gender=Fem|Number=Sing,barriere,0.694753110408783,NO
stage,stage,NOUN,S,Gender=Masc,tirocinio,0.6563361287117004,NO
bot,bot,NOUN,S,Gender=Masc|Number=Sing,tool,0.529213011264801,NO
lampada,lampada,NOUN,V,Gender=Fem|Number=Sing,lampadina,0.7467818260192871,NO
seta,seta,NOUN,S,Gender=Fem|Number=Sing,lana,0.6617440581321716,YES
apice,apice,NOUN,S,Gender=Masc|Number=Sing,culmine,0.7232272624969482,NO
lavaggio,lavaggio,NOUN,S,Gender=Masc|Number=Sing,lavaggi,0.7198243737220764,NO
pugno,pugno,NOUN,S,Gender=Masc|Number=Sing,pugni,0.6311659812927246,NO
senz,senz,NOUN,S,Gender=Masc,senz,0.7686816453933716,NO
stupenda,stupenda,NOUN,S,Gender=Fem|Number=Sing,bellissima,0.9208096861839294,NO
millennio,millennio,NOUN,S,Gender=Masc|Number=Sing,secolo,0.7211664319038391,YES
brodo,brodo,NOUN,S,Gender=Masc|Number=Sing,sugo,0.6496790647506714,NO
analogo,analogo,NOUN,S,Gender=Masc|Number=Sing,simile,0.7345733046531677,NO
fegato,fegato,NOUN,S,Gender=Masc|Number=Sing,rene,0.665896475315094,NO
cellula,cellula,NOUN,S,Gender=Fem|Number=Sing,cellule,0.6234259605407715,NO
degrado,degrado,NOUN,S,Gender=Masc|Number=Sing,deterioramento,0.6226639747619629,NO
barocco,barocco,NOUN,S,Gender=Masc|Number=Sing,barocca,0.7739897966384888,NO
complice,complice,NOUN,RD,Number=Sing,complici,0.7158319354057312,NO
febbre,febbre,NOUN,S,Gender=Masc|Number=Sing,raffreddore,0.5779320001602173,NO
comunione,comunione,NOUN,S,Gender=Fem|Number=Sing,sacramento,0.5750281810760498,NO
polizza,polizza,NOUN,S,Gender=Fem|Number=Sing,assicurazione,0.7097050547599792,NO
bombardamento,bombardamento,NOUN,S,Gender=Masc|Number=Sing,bombardamenti,0.7213233113288879,NO
smart,smart,NOUN,S,Number=Sing,green,0.5624268651008606,NO
slogan,slogan,NOUN,S,Gender=Masc,spot,0.6380199193954468,YES
nomination,nomination,NOUN,S,,candidature,0.5949162244796753,NO
sella,sella,NOUN,S,Gender=Fem|Number=Sing,forcella,0.591975212097168,NO
chirurgia,chirurgia,NOUN,S,Gender=Fem|Number=Sing,chirurgica,0.7354389429092407,NO
mezzanotte,mezzanotte,NOUN,S,Gender=Fem|Number=Sing,sera,0.6386569738388062,YES
cio,cio,NOUN,S,Gender=Masc|Number=Sing,perche,0.6785280704498291,NO
reception,reception,NOUN,S,,hall,0.6086644530296326,NO
onorevole,onorevole,NOUN,S,Number=Sing,onorevoli,0.6869322657585144,NO
biancheria,biancheria,NOUN,S,Gender=Fem|Number=Sing,lenzuola,0.7048075795173645,NO
tradizionalmente,tradizionalmente,NOUN,S,Number=Sing,storicamente,0.7320026159286499,NO
debuttato,debuttato,NOUN,S,Gender=Masc|Number=Sing,esordito,0.8080790042877197,NO
evasione,evasione,NOUN,S,Gender=Fem|Number=Sing,evadere,0.63384610414505,NO
au,au,NOUN,I,Gender=Masc,du,0.7503472566604614,NO
supplemento,supplemento,NOUN,S,Gender=Masc|Number=Sing,supplementi,0.6487463712692261,NO
comments,comments,NOUN,S,Gender=Masc,comment,0.7001156806945801,NO
logico,logico,NOUN,S,Gender=Masc|Number=Sing,ragionamento,0.630116879940033,YES
posizionamento,posizionamento,NOUN,S,Gender=Masc|Number=Sing,posizionare,0.633599042892456,NO
eco,eco,NOUN,S,Gender=Fem,risonanza,0.5212319493293762,NO
parroco,parroco,NOUN,S,Gender=Masc|Number=Sing,prete,0.7468042373657227,YES
service,service,NOUN,S,Number=Sing,services,0.6946645975112915,NO
uccisione,uccisione,NOUN,S,Gender=Fem|Number=Sing,assassinio,0.7617693543434143,NO
gameplay,gameplay,NOUN,S,,multiplayer,0.6579073071479797,NO
pozzo,pozzo,NOUN,S,Gender=Masc|Number=Sing,pozzi,0.6497368812561035,NO
chip,chip,NOUN,S,Gender=Masc,chipset,0.666169285774231,NO
sbarco,sbarco,NOUN,S,Gender=Masc|Number=Sing,sbarchi,0.6692890524864197,NO
pp,pp,NOUN,S,Gender=Fem|Number=Plur,p,0.6650316715240479,NO
deficit,deficit,NOUN,S,Gender=Masc,surplus,0.6522564888000488,NO
centinaio,centinaio,NOUN,S,Gender=Masc|Number=Sing,migliaio,0.8847836852073669,NO
genitore,genitore,NOUN,S,Gender=Masc|Number=Sing,figlio,0.7537259459495544,YES
fondamento,fondamento,NOUN,S,Gender=Masc|Number=Sing,presupposto,0.6240873336791992,NO
arcipelago,arcipelago,NOUN,S,Gender=Masc|Number=Sing,isole,0.6750711798667908,NO
rimedio,rimedio,NOUN,S,Gender=Masc|Number=Sing,rimedi,0.6320655941963196,NO
3º,3º,NOUN,S,Gender=Masc|Number=Plur,2º,0.9546210765838623,YES
adolescente,adolescente,NOUN,S,Number=Sing,quindicenne,0.7442577481269836,NO
pochino,pochino,NOUN,S,Gender=Masc|Number=Sing,tantino,0.791580080986023,NO
meeting,meeting,NOUN,S,Gender=Masc,summit,0.6384685039520264,NO
assassinio,assassinio,NOUN,S,Gender=Masc|Number=Sing,omicidio,0.8325579762458801,YES
dizionario,dizionario,NOUN,A,Gender=Masc|Number=Sing,vocabolario,0.7899550199508667,NO
nord,nord,NOUN,S,Gender=Masc|Number=Sing,nord-est,0.9427380561828613,YES
party,party,NOUN,S,Gender=Masc,cocktail,0.5773719549179077,NO
casalinga,casalinga,NOUN,S,Gender=Fem|Number=Sing,casalingo,0.6138967275619507,NO
orecchio,orecchio,NOUN,S,Gender=Masc|Number=Sing,orecchie,0.7053762078285217,NO
triangolo,triangolo,NOUN,S,Gender=Masc|Number=Sing,triangoli,0.6907241344451904,NO
addetto,addetto,NOUN,S,Gender=Masc|Number=Sing,addetta,0.7940769791603088,NO
scansione,scansione,NOUN,S,Gender=Fem|Number=Sing,scansioni,0.7506542205810547,NO
legna,legna,NOUN,V,Gender=Fem,legname,0.6359395384788513,NO
fitness,fitness,NOUN,S,Gender=Fem,wellness,0.6481932401657104,NO
alcol,alcol,NOUN,S,Gender=Masc|Number=Sing,alcool,0.9325780868530273,NO
coach,coach,NOUN,S,Gender=Masc|Number=Plur,trainer,0.6139565110206604,NO
algoritmo,algoritmo,NOUN,S,Gender=Masc|Number=Sing,algoritmi,0.7269983291625977,NO
vettore,vettore,NOUN,S,Gender=Masc|Number=Sing,vettori,0.7331209778785706,NO
accertamento,accertamento,NOUN,S,Gender=Masc|Number=Sing,accertamenti,0.6343413591384888,NO
creatore,creatore,NOUN,S,Gender=Masc|Number=Sing,ideatore,0.7199342250823975,NO
foro,foro,NOUN,S,Gender=Masc|Number=Sing,fori,0.6293875575065613,NO
source,source,NOUN,S,Gender=Fem|Number=Sing,open,0.4985598921775818,YES
cooperativa,cooperativa,NOUN,S,Gender=Fem|Number=Sing,coop,0.7068942785263062,NO
battesimo,battesimo,NOUN,S,Gender=Masc|Number=Sing,sacramento,0.5993841886520386,NO
agenda,agenda,NOUN,S,Gender=Fem|Number=Sing,appuntamenti,0.47768470644950867,NO
barbecue,barbecue,NOUN,S,,patio,0.6121175289154053,NO
mezz,mezz,NOUN,A,,mezzora,0.8282491564750671,NO
tennista,tennista,NOUN,S,Gender=Masc|Number=Sing,giocatrice,0.6684083342552185,NO
sound,sound,NOUN,S,Gender=Masc,suono,0.6154589653015137,NO
ostacolo,ostacolo,NOUN,S,Gender=Masc|Number=Sing,ostacoli,0.6709703803062439,NO
golfo,golfo,NOUN,S,Gender=Masc|Number=Sing,baia,0.6586230397224426,NO
raffreddamento,raffreddamento,NOUN,S,Gender=Masc|Number=Sing,surriscaldamento,0.628477156162262,NO
baseball,baseball,NOUN,S,Gender=Masc|Number=Sing,basket,0.7178514003753662,YES
genocidio,genocidio,NOUN,S,Gender=Masc|Number=Sing,sterminio,0.6201221346855164,NO
serbatoio,serbatoio,NOUN,S,Gender=Masc|Number=Sing,serbatoi,0.6876274347305298,NO
salvaguardia,salvaguardia,NOUN,S,Gender=Fem|Number=Sing,tutela,0.8097729682922363,NO
tombe,tombe,NOUN,S,Gender=Fem|Number=Plur,sepolture,0.825570285320282,NO
telefonata,telefonata,NOUN,S,Gender=Fem|Number=Sing,telefonate,0.7503918409347534,NO
superamento,superamento,NOUN,S,Gender=Masc|Number=Sing,superare,0.6481125950813293,NO
mela,mela,NOUN,S,Gender=Fem|Number=Sing,pera,0.6445803642272949,NO
indicatore,indicatore,NOUN,S,Gender=Masc|Number=Sing,indicatori,0.6462820172309875,NO
breakfast,breakfast,NOUN,S,Number=Plur,food,0.4977494478225708,YES
green,green,NOUN,S,,smart,0.5624269247055054,YES
scalo,scalo,NOUN,S,Gender=Masc|Number=Sing,terminal,0.600050687789917,NO
tributo,tributo,NOUN,S,Gender=Masc|Number=Sing,tributi,0.6459612250328064,NO
mq,mq,NOUN,S,,ca.,0.6997911334037781,NO
repressione,repressione,NOUN,S,Gender=Fem|Number=Sing,violenza,0.6454299688339233,NO
risveglio,risveglio,NOUN,V,Gender=Masc|Number=Sing,risvegliato,0.6329945921897888,NO
compatto,compatto,NOUN,S,Gender=Masc|Number=Sing,compatta,0.658724308013916,NO
soprannome,soprannome,NOUN,S,Gender=Masc|Number=Sing,nomignolo,0.8881606459617615,NO
combustibile,combustibile,NOUN,S,Gender=Masc|Number=Sing,carburante,0.7184159159660339,YES
guarigione,guarigione,NOUN,S,Gender=Fem|Number=Sing,guarire,0.6370725631713867,NO
foglia,foglia,NOUN,S,Gender=Fem|Number=Sing,foglie,0.7001248002052307,NO
costruttore,costruttore,NOUN,S,Gender=Masc|Number=Sing,progettista,0.6823772192001343,NO
guerriero,guerriero,NOUN,S,Gender=Masc|Number=Sing,eroe,0.6302186846733093,YES
slot,slot,NOUN,S,,casinò,0.5589222311973572,NO
atterraggio,atterraggio,NOUN,S,Gender=Masc|Number=Sing,decollo,0.6907089948654175,NO
prefetto,prefetto,NOUN,S,Gender=Masc|Number=Sing,questore,0.6541133522987366,NO
rinnovamento,rinnovamento,NOUN,V,Gender=Masc|Number=Sing,cambiamento,0.7129552364349365,YES
dondolo,dondolo,NOUN,S,Gender=Masc|Number=Sing,sedia,0.3874797523021698,NO
funzionario,funzionario,NOUN,S,Gender=Masc|Number=Sing,dirigente,0.6507866382598877,NO
artigianato,artigianato,NOUN,S,Gender=Masc|Number=Sing,artigiane,0.6401412487030029,NO
galassia,galassia,NOUN,S,Gender=Fem|Number=Sing,galassie,0.6932948231697083,NO
veranda,veranda,NOUN,S,Gender=Fem|Number=Sing,terrazza,0.7369487285614014,YES
compimento,compimento,NOUN,S,Gender=Masc|Number=Sing,compiuto,0.6308690309524536,NO
player,player,NOUN,S,,game,0.5246663689613342,NO
societa,societa,NOUN,S,Gender=Masc|Number=Sing,società,0.6639189720153809,NO
sud,sud,NOUN,S,Gender=Masc|Number=Sing,nord-ovest,0.9263163805007935,YES
piazzale,piazzale,NOUN,S,Gender=Masc|Number=Sing,viale,0.650692880153656,NO
poema,poema,NOUN,S,Gender=Masc|Number=Sing,poemetto,0.7544904947280884,NO
log,log,NOUN,V,,backup,0.5292730331420898,NO
diabete,diabete,NOUN,S,Gender=Masc|Number=Sing,obesità,0.656436026096344,NO
massacro,massacro,NOUN,S,Gender=Masc|Number=Sing,strage,0.6646413803100586,YES
barba,barba,NOUN,S,Gender=Fem|Number=Sing,baffi,0.555568277835846,NO
splendore,splendore,NOUN,S,Gender=Masc|Number=Sing,magnificenza,0.6009575128555298,NO
scia,scia,NOUN,S,Gender=Fem|Number=Sing,falsariga,0.5504001975059509,NO
ispettore,ispettore,NOUN,S,Gender=Masc|Number=Sing,commissario,0.697736382484436,YES
pattern,pattern,NOUN,S,Gender=Masc,schema,0.4901198446750641,YES
ridosso,ridosso,NOUN,S,Gender=Masc|Number=Sing,prossimità,0.6954436898231506,NO
coordinatore,coordinatore,NOUN,S,Gender=Masc|Number=Sing,direttore,0.6569540500640869,YES
aborto,aborto,NOUN,S,Gender=Masc|Number=Sing,eutanasia,0.6536871790885925,NO
illusione,illusione,NOUN,S,Gender=Fem|Number=Sing,illusioni,0.6286225914955139,NO
college,college,NOUN,S,Gender=Masc,campus,0.6595878601074219,NO
predecessore,predecessore,NOUN,S,Gender=Masc|Number=Sing,successore,0.7229132652282715,YES
rispetta,rispetta,NOUN,S,Gender=Fem|Number=Sing,rispettano,0.7505533695220947,NO
editor,editor,NOUN,S,Gender=Masc|Number=Sing,editing,0.6355710029602051,NO
youtu.be,youtu.be,NOUN,SP,Gender=Fem,www.youtube.com,0.5675396919250488,NO
abbinamento,abbinamento,NOUN,S,Gender=Masc|Number=Sing,accostamento,0.7390145063400269,NO
icone,icone,NOUN,S,Gender=Fem|Number=Sing,icona,0.6656765937805176,NO
compressione,compressione,NOUN,S,Gender=Fem|Number=Sing,compressi,0.548303484916687,NO
cuoio,cuoio,NOUN,S,Gender=Masc|Number=Sing,metallo,0.5949925184249878,YES
televisore,televisore,NOUN,S,Gender=Masc|Number=Sing,televisori,0.7026400566101074,NO
getto,getto,NOUN,S,Gender=Masc|Number=Sing,getti,0.5666054487228394,NO
cranio,cranio,NOUN,S,Gender=Masc|Number=Sing,mandibola,0.6652696132659912,NO
testamento,testamento,NOUN,S,Gender=Masc|Number=Sing,lascito,0.547998309135437,NO
piombo,piombo,NOUN,S,Gender=Masc|Number=Sing,rame,0.5644263625144958,YES
pancia,pancia,NOUN,S,Gender=Fem|Number=Sing,schiena,0.6294009685516357,NO
mirino,mirino,NOUN,S,Gender=Masc|Number=Sing,bersaglio,0.45701321959495544,YES
workshop,workshop,NOUN,S,Gender=Masc,seminari,0.6770985722541809,NO
vincolo,vincolo,NOUN,S,Gender=Masc|Number=Sing,vincoli,0.6691290736198425,NO
concept,concept,NOUN,S,Gender=Fem|Number=Plur,design,0.6057085394859314,YES
accensione,accensione,NOUN,S,Gender=Fem|Number=Sing,spegnimento,0.6545187830924988,NO
maresciallo,maresciallo,NOUN,S,Gender=Masc|Number=Sing,brigadiere,0.7208529710769653,NO
bio,bio,NOUN,A,Gender=Masc|Number=Sing,biologico,0.5871697664260864,NO
confort,confort,NOUN,S,,comfort,0.8938285708427429,YES
specialista,specialista,NOUN,S,Number=Sing,esperto,0.6825436353683472,YES
ribellione,ribellione,NOUN,S,Gender=Fem|Number=Sing,insurrezione,0.6927180290222168,NO
stimolo,stimolo,NOUN,S,Gender=Masc|Number=Sing,impulso,0.6132875680923462,YES
rilancio,rilancio,NOUN,S,Gender=Masc|Number=Sing,rilanciare,0.7088420391082764,NO
busta,busta,NOUN,S,Number=Sing,buste,0.7547677159309387,NO
casino,casino,NOUN,V,Gender=Masc|Number=Sing,casini,0.627075731754303,NO
duello,duello,NOUN,S,Gender=Masc|Number=Sing,duelli,0.7151429057121277,NO
aggressione,aggressione,NOUN,S,Gender=Fem|Number=Sing,aggressioni,0.6594136953353882,NO
incasso,incasso,NOUN,S,Gender=Masc|Number=Sing,incassato,0.5983282327651978,NO
partnership,partnership,NOUN,S,,collaborazione,0.7210256457328796,NO
espulsione,espulsione,NOUN,S,Gender=Fem|Number=Sing,espulsioni,0.6647806763648987,NO
permalink,permalink,NOUN,S,,segnalibri,0.5073453187942505,NO
dvd,dvd,NOUN,S,Gender=Masc,cd,0.5550485253334045,NO
osso,osso,NOUN,S,Gender=Masc|Number=Sing,ossa,0.5574884414672852,NO
tenda,tenda,NOUN,S,Gender=Fem|Number=Sing,tende,0.6542066931724548,NO
teologo,teologo,NOUN,S,Gender=Masc|Number=Sing,filosofo,0.7488893866539001,NO
colla,colla,NOUN,S,Gender=Fem|Number=Sing,gelatina,0.5084839463233948,NO
concordo,concordo,NOUN,S,Gender=Masc|Number=Sing,condivido,0.7552191615104675,NO
plus,plus,NOUN,S,Gender=Masc,ultra,0.48814451694488525,NO
delusione,delusione,NOUN,S,Gender=Fem|Number=Sing,amarezza,0.7342443466186523,NO
cancello,cancello,NOUN,S,Gender=Masc|Number=Sing,portone,0.7309189438819885,NO
ritrovamento,ritrovamento,NOUN,S,Gender=Masc|Number=Sing,rinvenimento,0.8235945105552673,NO
incisione,incisione,NOUN,S,Gender=Fem|Number=Sing,incisioni,0.7210401892662048,NO
retorica,retorica,NOUN,S,Gender=Fem|Number=Sing,propaganda,0.5963183641433716,YES
distributore,distributore,NOUN,S,Gender=Masc|Number=Sing,distributori,0.7067232728004456,NO
fluido,fluido,NOUN,S,Gender=Masc|Number=Sing,liquido,0.690727949142456,NO
eretto,eretto,NOUN,S,Gender=Masc|Number=Sing,eretta,0.7338003516197205,NO
precoce,precoce,NOUN,S,Gender=Masc,precocemente,0.6736831068992615,NO
assegno,assegno,NOUN,S,Gender=Masc|Number=Sing,assegni,0.7029440402984619,NO
tappeto,tappeto,NOUN,S,Gender=Masc|Number=Sing,tappeti,0.6030628681182861,NO
massaggio,massaggio,NOUN,S,Gender=Masc|Number=Sing,massaggi,0.7613389492034912,NO
destinatario,destinatario,NOUN,S,Gender=Masc|Number=Sing,destinatari,0.6855816841125488,NO
informazioniil,informazioniil,NOUN,S,Gender=Fem|Number=Plur,toute,0.32621893286705017,NO
alcool,alcool,NOUN,S,Gender=Masc,alcol,0.9325780868530273,YES
gioiello,gioiello,NOUN,S,Gender=Masc|Number=Sing,gioiellino,0.7685739398002625,NO
sonoro,sonoro,NOUN,S,Gender=Masc|Number=Sing,suono,0.6779824495315552,NO
cfr,cfr,NOUN,S,Gender=Masc,cfr.,0.7577602863311768,NO
recesso,recesso,NOUN,S,Gender=Masc|Number=Sing,recedere,0.609260082244873,NO
privilegio,privilegio,NOUN,S,Gender=Masc|Number=Sing,privilegi,0.5742674469947815,NO
zi,zi,NOUN,S,Gender=Fem|Number=Plur,ro,0.47889527678489685,NO
iter,iter,NOUN,S,,percorso,0.631356954574585,NO
condivido,condivido,NOUN,S,Gender=Masc|Number=Sing,concordo,0.7552191615104675,YES
accumulo,accumulo,NOUN,S,Gender=Masc|Number=Sing,accumuli,0.6660701036453247,NO
tolleranza,tolleranza,NOUN,S,Gender=Fem|Number=Sing,intolleranza,0.6115640997886658,NO
espone,espone,NOUN,S,Gender=Fem|Number=Sing,espongono,0.7317051291465759,NO
beautiful,beautiful,NOUN,S,Gender=Fem|Number=Sing,wonderful,0.7699652314186096,NO
coperchio,coperchio,NOUN,S,Gender=Masc|Number=Sing,tappo,0.6477762460708618,NO
touch,touch,NOUN,V,Gender=Masc,touchscreen,0.7148982286453247,NO
ringraziamento,ringraziamento,NOUN,A,Gender=Masc|Number=Sing,ringraziamenti,0.6912468075752258,NO
trappola,trappola,NOUN,S,Gender=Fem|Number=Sing,trappole,0.6518176794052124,NO
editoria,editoria,NOUN,S,Gender=Fem|Number=Sing,editoriale,0.6295084953308105,NO
sportello,sportello,NOUN,S,Gender=Masc|Number=Sing,sportelli,0.694121241569519,NO
been,been,NOUN,S,,already,0.6478623747825623,NO
faro,faro,NOUN,A,Gender=Masc|Number=Sing,fari,0.5611076951026917,NO
noce,noce,NOUN,S,Gender=Masc|Number=Sing,legno,0.5763181447982788,YES
windows,windows,NOUN,V_PC,Gender=Masc,linux,0.735397219657898,NO
astronomo,astronomo,NOUN,S,Gender=Masc|Number=Sing,astronomi,0.6084379553794861,NO
schiavitù,schiavitù,NOUN,S,Gender=Fem,schiavi,0.6329636573791504,NO
pernottamento,pernottamento,NOUN,S,Gender=Masc|Number=Sing,pernottamenti,0.5794576406478882,NO
night,night,NOUN,S,Gender=Masc|Number=Sing,day,0.5462917685508728,NO
patrono,patrono,NOUN,S,Gender=Masc|Number=Sing,protettore,0.7165364027023315,NO
inclusione,inclusione,NOUN,S,Gender=Fem|Number=Sing,integrazione,0.6550541520118713,NO
orrore,orrore,NOUN,S,Gender=Masc|Number=Sing,terrore,0.6956073045730591,YES
stoffa,stoffa,NOUN,S,Gender=Fem|Number=Sing,feltro,0.674903392791748,NO
freccia,freccia,NOUN,S,Gender=Fem|Number=Sing,frecce,0.7218248248100281,NO
umore,umore,NOUN,S,Gender=Masc|Number=Sing,animo,0.624015212059021,NO
armatura,armatura,NOUN,S,Gender=Fem|Number=Sing,armature,0.7484099268913269,NO
copyviol,copyviol,NOUN,V,,vandalismi,0.5334557294845581,NO
passeggero,passeggero,NOUN,S,Gender=Masc|Number=Sing,passeggeri,0.6777108311653137,NO
für,für,NOUN,S,Gender=Masc|Number=Sing,und,0.6401292681694031,YES
palio,palio,NOUN,S,Gender=Masc|Number=Sing,premi,0.5190305113792419,NO
vampiro,vampiro,NOUN,SP,Gender=Masc|Number=Sing,vampiri,0.7348739504814148,NO
ammontare,ammontare,NOUN,V,Gender=Masc|Number=Sing,importo,0.8043220043182373,YES
shock,shock,NOUN,S,Gender=Masc,choc,0.7482056021690369,NO
agio,agio,NOUN,S,Gender=Masc|Number=Sing,sentire,0.5229828953742981,NO
idromassaggio,idromassaggio,NOUN,S,Gender=Masc|Number=Sing,vasca,0.6122735142707825,YES
thriller,thriller,NOUN,S,Gender=Masc|Number=Sing,horror,0.7404797077178955,NO
biennio,biennio,NOUN,S,Gender=Masc|Number=Sing,triennio,0.8694055080413818,NO
sfoglia,sfoglia,NOUN,S,Gender=Fem|Number=Sing,frolla,0.6475711464881897,NO
elicottero,elicottero,NOUN,S,Gender=Masc|Number=Sing,elicotteri,0.730336606502533,NO
presidio,presidio,NOUN,S,Gender=Masc|Number=Sing,presidi,0.6085102558135986,NO
medioevale,medioevale,NOUN,S,Gender=Masc|Number=Sing,medievale,0.950838565826416,NO
m,m,NOUN,S,Gender=Masc,t',0.8193399906158447,NO
annullamento,annullamento,NOUN,S,Gender=Masc|Number=Sing,cancellazione,0.6349006295204163,NO
centrosinistra,centrosinistra,NOUN,S,Gender=Fem|Number=Sing,centrodestra,0.8979349732398987,NO
inventore,inventore,NOUN,S,Gender=Masc|Number=Sing,ideatore,0.7209596633911133,NO
telefilm,telefilm,NOUN,S,Gender=Masc,film,0.6715424060821533,YES
scrivania,scrivania,NOUN,S,Gender=Fem|Number=Sing,poltrona,0.6343090534210205,NO
cantone,cantone,NOUN,S,Gender=Fem|Number=Sing,cantoni,0.596953809261322,NO
biologia,biologia,NOUN,S,Gender=Fem|Number=Sing,biochimica,0.7254189848899841,NO
aceto,aceto,NOUN,S,Gender=Masc|Number=Sing,balsamico,0.6394299864768982,NO
soppressione,soppressione,NOUN,S,Gender=Fem|Number=Sing,abolizione,0.7061053514480591,NO
fischio,fischio,NOUN,S,Gender=Masc|Number=Sing,fischi,0.535863995552063,NO
ondata,ondata,NOUN,S,Gender=Fem|Number=Sing,ondate,0.7574025392532349,NO
into,into,NOUN,S,Gender=Masc|Number=Sing,through,0.6721992492675781,NO
ricevimento,ricevimento,NOUN,S,Gender=Masc|Number=Sing,ricevimenti,0.5838538408279419,NO
drink,drink,NOUN,S,Gender=Masc,cocktail,0.7533943057060242,NO
fiorentino,fiorentino,NOUN,S,Gender=Masc|Number=Sing,toscano,0.804746687412262,NO
ceco,ceco,NOUN,S,Gender=Masc|Number=Sing,slovacco,0.754603385925293,NO
abbondanza,abbondanza,NOUN,S,Gender=Fem|Number=Sing,scarsità,0.6762604713439941,NO
patrocinio,patrocinio,NOUN,S,Gender=Masc|Number=Sing,patrocinato,0.6594563722610474,NO
nebbia,nebbia,NOUN,S,Gender=Fem|Number=Sing,nebbie,0.6416513323783875,NO
aperitivo,aperitivo,NOUN,A,Gender=Masc|Number=Sing,aperitivi,0.7577207088470459,NO
giurista,giurista,NOUN,S,Number=Sing,economista,0.6694169044494629,NO
riparo,riparo,NOUN,A,Gender=Masc|Number=Sing,rifugio,0.6091352701187134,YES
economista,economista,NOUN,S,Number=Sing,sociologo,0.6870588660240173,NO
doppiaggio,doppiaggio,NOUN,S,Gender=Masc|Number=Sing,doppiatore,0.6702287197113037,NO
ripieno,ripieno,NOUN,S,Gender=Masc|Number=Sing,farcitura,0.6743119955062866,NO
serpente,serpente,NOUN,V,Gender=Masc|Number=Sing,serpenti,0.6902528405189514,NO
ladro,ladro,NOUN,S,Gender=Masc|Number=Sing,rapinatore,0.6694719195365906,NO
sonda,sonda,NOUN,S,Gender=Fem|Number=Sing,sonde,0.6863825917243958,NO
cucchiaino,cucchiaino,NOUN,S,Gender=Masc|Number=Sing,cucchiaio,0.8189337849617004,YES
sonore,sonore,NOUN,S,Gender=Masc|Number=Sing,acustiche,0.6671030521392822,NO
trader,trader,NOUN,S,,broker,0.734851598739624,NO
ecclesiastica,ecclesiastica,NOUN,S,Gender=Fem|Number=Sing,ecclesiastiche,0.6594356298446655,NO
supervisione,supervisione,NOUN,S,Gender=Fem|Number=Sing,sorveglianza,0.6113628149032593,YES
piazzamento,piazzamento,NOUN,S,Gender=Masc|Number=Sing,piazzamenti,0.6520287394523621,NO
cavolo,cavolo,NOUN,S,Gender=Masc|Number=Sing,cavoli,0.653994083404541,NO
poker,poker,NOUN,S,,casinò,0.6300435066223145,NO
rivenditore,rivenditore,NOUN,S,Gender=Masc|Number=Sing,rivenditori,0.6343489289283752,NO
local,local,NOUN,S,Gender=Masc,global,0.5068459510803223,NO
concomitanza,concomitanza,NOUN,S,Gender=Fem|Number=Sing,concomitante,0.6664414405822754,NO
piana,piana,NOUN,S,Gender=Fem|Number=Sing,pianura,0.6432316303253174,NO
risalto,risalto,NOUN,S,Gender=Masc|Number=Sing,risaltare,0.6637279391288757,NO
derivata,derivata,NOUN,S,Gender=Fem|Number=Sing,derivato,0.7456116676330566,NO
platino,platino,NOUN,S,Gender=Masc|Number=Sing,oro,0.5628626346588135,YES
casetta,casetta,NOUN,S,Gender=Fem|Number=Sing,villetta,0.6804295182228088,NO
centrocampo,centrocampo,NOUN,S,Gender=Masc|Number=Sing,centrocampisti,0.7227924466133118,NO
den,den,NOUN,S,Gender=Masc,der,0.5927348136901855,YES
borghese,borghese,NOUN,S,Number=Sing,borghesia,0.7540278434753418,NO
sodio,sodio,NOUN,S,Gender=Masc|Number=Sing,potassio,0.7765846252441406,NO
gel,gel,NOUN,S,Gender=Masc,silicone,0.600831151008606,NO
bestia,bestia,NOUN,S,Gender=Fem|Number=Sing,tigre,0.6208404302597046,NO
then,then,NOUN,S,Gender=Masc,if,0.5649030208587646,NO
spezie,spezie,NOUN,S,Gender=Fem|Number=Plur,erbe,0.681160569190979,NO
contrada,contrada,NOUN,S,Gender=Fem|Number=Sing,contrade,0.6633351445198059,NO
monarchia,monarchia,NOUN,S,Gender=Fem|Number=Sing,monarchico,0.6688374876976013,NO
combustione,combustione,NOUN,S,Gender=Fem|Number=Sing,combustibile,0.567660391330719,YES
trad,trad,NOUN,S,Gender=Masc,tr.,0.7910537123680115,NO
giardinaggio,giardinaggio,NOUN,S,Gender=Masc|Number=Sing,bricolage,0.6523820757865906,NO
osservatore,osservatore,NOUN,S,Gender=Masc|Number=Sing,osservatori,0.6138480305671692,NO
lode,lode,NOUN,S,Gender=Fem|Number=Plur,infamia,0.5628769993782043,NO
tregua,tregua,NOUN,S,Gender=Fem|Number=Sing,pace,0.576815664768219,NO
battaglione,battaglione,NOUN,S,Gender=Fem|Number=Sing,reggimento,0.7493460774421692,YES
prosciutto,prosciutto,NOUN,S,Gender=Masc|Number=Sing,salame,0.7366202473640442,NO
somiglianza,somiglianza,NOUN,S,Gender=Fem|Number=Sing,similitudine,0.7236887216567993,NO
really,really,NOUN,S,Gender=Fem|Number=Sing,very,0.628827691078186,NO
input,input,NOUN,V,Gender=Fem|Number=Plur,output,0.7671278119087219,NO
bonifica,bonifica,NOUN,S,Gender=Fem|Number=Sing,bonifiche,0.7679525017738342,NO
abbattimento,abbattimento,NOUN,S,Gender=Masc|Number=Sing,abbattere,0.6377622485160828,NO
odierno,odierno,NOUN,S,Gender=Masc|Number=Sing,odierna,0.6695594191551208,NO
nostalgia,nostalgia,NOUN,S,Gender=Fem|Number=Sing,malinconia,0.7358341813087463,NO
tazza,tazza,NOUN,S,Gender=Fem|Number=Sing,tazzina,0.7802613377571106,NO
telecamera,telecamera,NOUN,S,Gender=Fem|Number=Sing,videocamera,0.8789453506469727,NO
music,music,NOUN,S,Gender=Fem|Number=Plur,dance,0.6535516977310181,NO
gita,gita,NOUN,S,Gender=Fem|Number=Sing,escursione,0.6976422071456909,NO
tromba,tromba,NOUN,S,Gender=Fem|Number=Sing,trombe,0.677754282951355,NO
esaurimento,esaurimento,NOUN,S,Gender=Masc|Number=Sing,esaurita,0.5110299587249756,NO
soddisfa,soddisfa,NOUN,S,Gender=Masc|Number=Plur,soddisfano,0.7800127267837524,NO
unitario,unitario,NOUN,S,Gender=Masc|Number=Sing,unitaria,0.6445145606994629,NO
antologia,antologia,NOUN,S,Gender=Fem|Number=Sing,antologie,0.6691104173660278,NO
risonanza,risonanza,NOUN,S,Gender=Fem|Number=Sing,magnetica,0.5549383759498596,NO
fattispecie,fattispecie,NOUN,S,Gender=Fem,casistica,0.594058632850647,NO
alimento,alimento,NOUN,S,Gender=Masc|Number=Sing,cibo,0.6489622592926025,YES
viaggiatore,viaggiatore,NOUN,S,Gender=Masc|Number=Sing,turista,0.6722478866577148,NO
mercatino,mercatino,NOUN,S,Gender=Masc|Number=Sing,mercatini,0.7828243970870972,NO
caricamento,caricamento,NOUN,S,Gender=Masc|Number=Sing,upload,0.5365135073661804,NO
cacciatore,cacciatore,NOUN,S,Gender=Masc|Number=Sing,cacciatori,0.70659339427948,NO
multa,multa,NOUN,S,Gender=Fem|Number=Sing,sanzione,0.7533438801765442,NO
chirurgo,chirurgo,NOUN,S,Gender=Masc|Number=Sing,medico,0.7100480198860168,YES
part,part,NOUN,S,Number=Sing,time,0.6180627942085266,NO
ridicolo,ridicolo,NOUN,S,Gender=Masc|Number=Sing,assurdo,0.740602433681488,NO
mister,mister,NOUN,S,,coach,0.5876744389533997,YES
navigation,navigation,NOUN,S,,response,0.4148971438407898,NO
dollaro,dollaro,NOUN,S,Gender=Masc|Number=Sing,sterlina,0.6351177096366882,NO
root,root,NOUN,S,Gender=Fem|Number=Sing,filesystem,0.4923589825630188,NO
oasi,oasi,NOUN,S,Gender=Fem,enclave,0.525723934173584,NO
artt,artt,NOUN,S,Gender=Fem|Number=Plur,art,0.6887396574020386,NO
contadino,contadino,NOUN,S,Gender=Masc|Number=Sing,agricoltore,0.7506874203681946,NO
rinvio,rinvio,NOUN,S,Gender=Masc|Number=Sing,rinviare,0.6734580993652344,NO
adeguamento,adeguamento,NOUN,S,Gender=Masc|Number=Sing,ammodernamento,0.7303838729858398,NO
review,review,NOUN,S,Gender=Masc|Number=Sing,preview,0.48723697662353516,NO
distinto,distinto,NOUN,S,Gender=Masc|Number=Sing,distinta,0.6527634859085083,NO
passivo,passivo,NOUN,S,Gender=Masc|Number=Sing,attivo,0.6449483036994934,NO
miseria,miseria,NOUN,S,Gender=Fem|Number=Sing,povertà,0.7432498335838318,NO
digital,digital,NOUN,S,,digitale,0.546912431716919,NO
inox,inox,NOUN,SP,Gender=Fem|Number=Plur,acciaio,0.7501144409179688,YES
invecchiamento,invecchiamento,NOUN,S,Gender=Masc|Number=Sing,invecchiare,0.5860278606414795,NO
potenziamento,potenziamento,NOUN,S,Gender=Masc|Number=Sing,rafforzamento,0.6811755299568176,NO
lucido,lucido,NOUN,S,Gender=Masc|Number=Sing,opaco,0.7253686785697937,NO
concilio,concilio,NOUN,S,Gender=Masc|Number=Sing,sinodo,0.7518692016601562,NO
tortura,tortura,NOUN,S,Gender=Fem|Number=Sing,torture,0.7056843042373657,NO
fusto,fusto,NOUN,S,Gender=Masc|Number=Sing,fusti,0.6563355326652527,NO
sfogo,sfogo,NOUN,S,Gender=Masc|Number=Sing,sbocco,0.5034163594245911,NO
cieco,cieco,NOUN,S,Gender=Fem,sordo,0.6231141686439514,NO
accademia,accademia,NOUN,S,Gender=Fem|Number=Sing,accademie,0.6604025363922119,NO
complotto,complotto,NOUN,S,Gender=Masc|Number=Sing,cospirazione,0.7361040115356445,NO
war,war,NOUN,S,Gender=Masc,peace,0.47707444429397583,NO
start,start,NOUN,S,Gender=Fem|Number=Plur,start-up,0.5246840119361877,NO
juniores,juniores,NOUN,S,,junior,0.5776418447494507,NO
resoconto,resoconto,NOUN,S,Gender=Masc|Number=Sing,racconto,0.6798924803733826,NO
intelligence,intelligence,NOUN,S,Gender=Fem,antiterrorismo,0.6186071038246155,NO
grido,grido,NOUN,A,Gender=Masc|Number=Sing,grida,0.6644419431686401,NO
cilindro,cilindro,NOUN,S,Gender=Masc|Number=Sing,pistone,0.6259217858314514,NO
riassunto,riassunto,NOUN,S,Gender=Masc|Number=Sing,riassunti,0.692254900932312,NO
farfalla,farfalla,NOUN,S,Gender=Fem|Number=Sing,farfalle,0.6402169466018677,NO
cartello,cartello,NOUN,S,Gender=Masc|Number=Sing,cartelli,0.7349826097488403,NO
propulsore,propulsore,NOUN,S,Gender=Masc|Number=Sing,motore,0.7383484840393066,YES
immersione,immersione,NOUN,S,Gender=Fem|Number=Sing,immersioni,0.6276315450668335,NO
illustre,illustre,NOUN,B,Number=Sing,eminente,0.68388831615448,NO
mantello,mantello,NOUN,S,Gender=Masc|Number=Sing,manto,0.6803562045097351,NO
soia,soia,NOUN,S,Gender=Fem|Number=Sing,tofu,0.6455472111701965,NO
ndr,ndr,NOUN,S,,eccetera,0.5118845105171204,NO
metafora,metafora,NOUN,S,Gender=Fem|Number=Sing,allegoria,0.6835200190544128,NO
alias,alias,NOUN,S,Gender=Fem|Number=Sing,pseudonimo,0.5319356322288513,YES
direttrice,direttrice,NOUN,S,Gender=Masc|Number=Sing,coordinatrice,0.66864013671875,NO
sterline,sterline,NOUN,S,Gender=Masc|Number=Sing,dollari,0.73598712682724,NO
fascio,fascio,NOUN,S,Gender=Masc|Number=Sing,fasci,0.6830058693885803,NO
paragone,paragone,NOUN,S,Gender=Masc|Number=Sing,paragonare,0.711654782295227,NO
natalizio,natalizio,NOUN,S,Gender=Masc|Number=Sing,natalizi,0.7078933119773865,NO
tabellone,tabellone,NOUN,S,Gender=Fem|Number=Sing,torneo,0.5442919731140137,NO
quartier,quartier,NOUN,PD,Gender=Masc,quartiere,0.4779570400714874,YES
bastone,bastone,NOUN,S,Gender=Masc|Number=Sing,bastoni,0.6970406770706177,NO
geografia,geografia,NOUN,S,Gender=Fem|Number=Sing,topografia,0.6855951547622681,NO
arancio,arancio,NOUN,S,Gender=Masc|Number=Sing,arancione,0.7495937347412109,NO
miliardo,miliardo,NOUN,S,Gender=Masc|Number=Sing,milione,0.8455305099487305,YES
point,point,NOUN,S,,break,0.5231791138648987,NO
visitatore,visitatore,NOUN,S,Gender=Masc|Number=Sing,visitatori,0.641218900680542,NO
bonifico,bonifico,NOUN,S,Gender=Masc|Number=Sing,bonifici,0.6676066517829895,NO
pontefice,pontefice,NOUN,S,Gender=Masc|Number=Sing,papa,0.8513445258140564,YES
custode,custode,NOUN,S,Gender=Masc|Number=Sing,guardiano,0.7397058010101318,NO
track,track,NOUN,SW,Gender=Masc,song,0.5257402062416077,NO
pub,pub,NOUN,V,Gender=Fem|Number=Sing,bar,0.6571494340896606,YES
incrociatore,incrociatore,NOUN,S,Gender=Masc|Number=Sing,incrociatori,0.637161135673523,NO
misericordia,misericordia,NOUN,S,Gender=Fem|Number=Sing,compassione,0.649985671043396,NO
unì,unì,NOUN,S,Gender=Masc,unirono,0.8069474101066589,NO
s.r.l,s.r.l,NOUN,S,Gender=Fem|Number=Plur,srl,0.8885166049003601,YES
acquirente,acquirente,NOUN,S,Number=Sing,compratore,0.8348380327224731,NO
offesa,offesa,NOUN,S,Gender=Fem|Number=Sing,insulto,0.6660703420639038,NO
escursione,escursione,NOUN,S,Gender=Fem|Number=Sing,gita,0.6976422667503357,YES
presupposto,presupposto,NOUN,S,Gender=Masc|Number=Sing,presupposti,0.6428852081298828,NO
gabbia,gabbia,NOUN,S,Gender=Fem|Number=Sing,gabbie,0.7243918776512146,NO
ring,ring,NOUN,S,Gender=Masc,wrestling,0.598324179649353,NO
concentramento,concentramento,NOUN,S,Gender=Masc|Number=Sing,lager,0.7100858688354492,NO
becco,becco,NOUN,S,Gender=Masc|Number=Sing,uccello,0.6074074506759644,YES
caldaia,caldaia,NOUN,S,Gender=Fem|Number=Plur,caldaie,0.7247757911682129,NO
vaniglia,vaniglia,NOUN,S,Gender=Fem|Number=Sing,cannella,0.663465142250061,NO
tragitto,tragitto,NOUN,S,Gender=Masc|Number=Sing,percorso,0.688794732093811,NO
stock,stock,NOUN,S,Gender=Masc,store,0.45043668150901794,YES
cera,cera,NOUN,S,Gender=Fem|Number=Sing,resina,0.6046258807182312,NO
borghesia,borghesia,NOUN,S,Gender=Fem|Number=Sing,aristocrazia,0.7541008591651917,NO
drammaturgo,drammaturgo,NOUN,S,Gender=Masc|Number=Sing,commediografo,0.8318520784378052,NO
maratona,maratona,NOUN,S,Gender=Fem|Number=Sing,corsa,0.6193388104438782,NO
assicuro,assicuro,NOUN,S,Gender=Masc|Number=Sing,garantisco,0.8188793063163757,NO
perimetro,perimetro,NOUN,S,Gender=Masc|Number=Sing,perimetrale,0.6226907968521118,NO
consorzio,consorzio,NOUN,S,Gender=Masc|Number=Sing,consorzi,0.6330932378768921,NO
imbarazzo,imbarazzo,NOUN,S,Gender=Masc|Number=Sing,imbarazzante,0.6027547121047974,NO
promotore,promotore,NOUN,S,Gender=Masc|Number=Sing,promotori,0.6542364358901978,NO
esploratore,esploratore,NOUN,S,Gender=Masc|Number=Sing,avventuriero,0.6793288588523865,NO
sardo,sardo,NOUN,S,Gender=Masc|Number=Sing,sarda,0.736640214920044,NO
fallo,fallo,NOUN,S,Gender=Masc|Number=Sing,falli,0.6315057873725891,NO
epidemia,epidemia,NOUN,S,Gender=Fem|Number=Sing,epidemie,0.7106782793998718,NO
controller,controller,NOUN,S,Gender=Masc,pad,0.680698573589325,NO
disegnatore,disegnatore,NOUN,S,Gender=Masc|Number=Sing,illustratore,0.7772899270057678,NO
rivisto,rivisto,NOUN,S,Gender=Masc|Number=Sing,rivisti,0.6587861180305481,NO
scooter,scooter,NOUN,V,,motorino,0.6809982657432556,NO
reclusione,reclusione,NOUN,S,Gender=Fem|Number=Sing,carcere,0.653290331363678,YES
stilista,stilista,NOUN,S,Number=Sing,designer,0.6119330525398254,NO
extravergine,extravergine,NOUN,S,Gender=Masc|Number=Sing,oliva,0.7816352248191833,NO
serra,serra,NOUN,S,Gender=Fem|Number=Sing,serre,0.5564720034599304,NO
segnalo,segnalo,NOUN,S,,segnaliamo,0.7927742600440979,NO
scheletro,scheletro,NOUN,S,Gender=Masc|Number=Sing,cranio,0.5997059941291809,YES
clausola,clausola,NOUN,S,Gender=Fem|Number=Sing,clausole,0.7073116302490234,NO
scafo,scafo,NOUN,S,Gender=Masc|Number=Sing,prua,0.6356798410415649,NO
intermedio,intermedio,NOUN,S,Gender=Masc|Number=Sing,avanzato,0.5862687230110168,NO
materno,materno,NOUN,S,Gender=Masc|Number=Sing,paterno,0.7609083652496338,NO
sprint,sprint,NOUN,S,Gender=Masc,cronometro,0.5288178324699402,NO
format,format,NOUN,S,Gender=Fem|Number=Plur,palinsesto,0.6117900013923645,NO
convoglio,convoglio,NOUN,B,Gender=Masc|Number=Sing,convogli,0.7458299398422241,NO
clip,clip,NOUN,S,Gender=Masc,video,0.6629141569137573,NO
crudo,crudo,NOUN,S,Gender=Masc|Number=Sing,cruda,0.593124508857727,NO
preavviso,preavviso,NOUN,S,Gender=Masc|Number=Sing,disdetta,0.48357319831848145,NO
parodia,parodia,NOUN,S,Gender=Fem|Number=Sing,caricatura,0.6723299622535706,NO
cross,cross,NOUN,S,Gender=Fem|Number=Sing,goal,0.5362274646759033,YES
entroterra,entroterra,NOUN,S,Gender=Masc,litorale,0.6430962681770325,NO
cassetto,cassetto,NOUN,S,Gender=Masc|Number=Sing,cassetti,0.7140509486198425,NO
coniglio,coniglio,NOUN,S,Gender=Masc|Number=Sing,gatto,0.6933580636978149,YES
version,version,NOUN,S,,edition,0.5631961822509766,NO
pennello,pennello,NOUN,S,Gender=Masc|Number=Sing,pennelli,0.7301482558250427,NO
group,group,NOUN,S,Number=Sing,groups,0.6438083648681641,NO
cdot,cdot,NOUN,S,Gender=Masc|Number=Sing,mathrm,0.6678544282913208,NO
condottiero,condottiero,NOUN,S,Gender=Masc|Number=Sing,guerriero,0.6141228079795837,YES
ev,ev,NOUN,PC,,daire,0.5645711421966553,NO
bin,bin,NOUN,S,Gender=Masc|Number=Plur,ich,0.5204750895500183,NO
antenna,antenna,NOUN,S,Gender=Fem|Number=Sing,antenne,0.707927942276001,NO
eri,eri,NOUN,S,Gender=Masc|Number=Plur,ero,0.7148263454437256,NO
sintonia,sintonia,NOUN,SP,Gender=Fem|Number=Sing,armonia,0.6757959127426147,YES
disc,disc,NOUN,S,Gender=Fem|Number=Sing,compact,0.5403116941452026,NO
stupore,stupore,NOUN,S,Gender=Masc|Number=Sing,sgomento,0.8134326934814453,NO
bottone,bottone,NOUN,S,Gender=Fem|Number=Sing,pulsante,0.7025145888328552,YES
cuoco,cuoco,NOUN,S,Gender=Masc|Number=Sing,chef,0.6946552991867065,NO
support,support,NOUN,S,Gender=Masc,supporto,0.4943702816963196,YES
chilometro,chilometro,NOUN,S,Gender=Masc|Number=Sing,chilometri,0.7052627801895142,NO
moderato,moderato,NOUN,S,Gender=Masc|Number=Sing,moderata,0.7082485556602478,NO
iphone,iphone,NOUN,S,Gender=Fem|Number=Sing,ipad,0.7574244737625122,NO
avanzamento,avanzamento,NOUN,S,Gender=Masc|Number=Sing,completamento,0.611650824546814,YES
sapone,sapone,NOUN,S,Gender=Masc|Number=Sing,saponi,0.6884123086929321,NO
amor,amor,NOUN,V,Gender=Fem|Number=Plur,amore,0.6083251237869263,YES
leggendario,leggendario,NOUN,S,Gender=Masc|Number=Sing,mitico,0.7877152562141418,NO
violoncello,violoncello,NOUN,S,Gender=Masc|Number=Sing,violino,0.8507716655731201,YES
beach,beach,NOUN,S,Gender=Masc|Number=Plur,sea,0.5652461051940918,NO
melodia,melodia,NOUN,S,Gender=Fem|Number=Sing,melodica,0.7739673852920532,NO
consolidamento,consolidamento,NOUN,S,Gender=Masc|Number=Sing,rafforzamento,0.7422491312026978,NO
prigionia,prigionia,NOUN,S,Gender=Fem|Number=Sing,prigione,0.7096381187438965,YES
notaio,notaio,NOUN,S,Gender=Masc|Number=Sing,notarile,0.7223387360572815,NO
primogenito,primogenito,NOUN,S,Gender=Masc|Number=Sing,secondogenito,0.8769175410270691,NO
soap,soap,NOUN,S,,telenovela,0.6701759099960327,NO
archeologo,archeologo,NOUN,S,Gender=Masc|Number=Sing,antropologo,0.7005077004432678,NO
pellegrinaggio,pellegrinaggio,NOUN,S,Gender=Masc|Number=Sing,pellegrinaggi,0.7487075924873352,NO
eroina,eroina,NOUN,S,Gender=Fem|Number=Sing,droga,0.6822550892829895,YES
paradosso,paradosso,NOUN,S,Gender=Masc|Number=Sing,paradossale,0.7755855321884155,NO
sisma,sisma,NOUN,S,Gender=Masc|Number=Sing,terremoto,0.9276491403579712,YES
avvenimento,avvenimento,NOUN,S,Gender=Masc|Number=Sing,evento,0.7792636156082153,YES
pizzo,pizzo,NOUN,S,Gender=Masc|Number=Sing,tulle,0.6414875984191895,NO
rifacimento,rifacimento,NOUN,S,Gender=Masc|Number=Sing,rifacimenti,0.6787394285202026,NO
psicologo,psicologo,NOUN,S,Gender=Masc|Number=Sing,psicoterapeuta,0.818459689617157,NO
rettore,rettore,NOUN,S,Gender=Masc|Number=Sing,preside,0.6639732718467712,NO
sostenitore,sostenitore,NOUN,S,Gender=Masc|Number=Sing,fautore,0.7468864321708679,NO
marinai,marinai,NOUN,S,Gender=Fem,pescatori,0.6914089918136597,NO
reading,reading,NOUN,S,Gender=Masc,book,0.48620912432670593,NO
detentore,detentore,NOUN,S,Gender=Masc|Number=Sing,detentori,0.7045332789421082,NO
scure,scure,NOUN,S,Gender=Fem|Number=Sing,nere,0.6280365586280823,NO
chance,chance,NOUN,S,Gender=Fem,opportunità,0.6277084946632385,NO
plugin,plugin,NOUN,S,Gender=Fem|Number=Plur,plug-in,0.7526585459709167,NO
them,them,NOUN,S,Gender=Fem|Number=Sing,him,0.6649878621101379,NO
muscolo,muscolo,NOUN,S,Gender=Masc|Number=Sing,muscoli,0.7029892802238464,NO
years,years,NOUN,S,,months,0.7460075616836548,NO
comprensivo,comprensivo,NOUN,S,Gender=Masc|Number=Sing,comprensivi,0.6535768508911133,NO
astronomia,astronomia,NOUN,S,Gender=Fem|Number=Sing,astronomica,0.697553813457489,NO
gadget,gadget,NOUN,V,Gender=Masc,gadgets,0.806672215461731,NO
ignoto,ignoto,NOUN,A,Gender=Masc|Number=Sing,sconosciuto,0.6957232356071472,NO
lungometraggio,lungometraggio,NOUN,S,Gender=Masc|Number=Sing,cortometraggio,0.7720304727554321,YES
scimmia,scimmia,NOUN,S,Gender=Fem|Number=Sing,scimmie,0.5896391868591309,NO
piramide,piramide,NOUN,S,Gender=Fem|Number=Sing,piramidale,0.699435830116272,NO
élite,élite,NOUN,S,Gender=Fem,elite,0.8560181856155396,NO
marce,marce,NOUN,S,Gender=Fem|Number=Sing,marcia,0.5597922801971436,NO
frattura,frattura,NOUN,SP,Gender=Fem|Number=Sing,fratture,0.7057355642318726,NO
portante,portante,NOUN,S,Number=Sing,portanti,0.6824635863304138,NO
sugo,sugo,NOUN,S,Gender=Masc|Number=Sing,ragù,0.8298606276512146,NO
signoraggio,signoraggio,NOUN,S,Gender=Masc|Number=Sing,monetario,0.47944825887680054,NO
ch,ch,NOUN,PC,Gender=Masc|Number=Sing,ch',0.5980681777000427,NO
passaporto,passaporto,NOUN,S,Gender=Masc|Number=Sing,passaporti,0.7651854753494263,NO
rione,rione,NOUN,S,Gender=Fem|Number=Sing,quartiere,0.7095006704330444,YES
equipaggiamento,equipaggiamento,NOUN,S,Gender=Masc|Number=Sing,equipaggiamenti,0.7512124180793762,NO
annessione,annessione,NOUN,S,Gender=Fem|Number=Sing,unificazione,0.6019960045814514,NO
pu,pu,NOUN,S,Gender=Masc,pi,0.6242217421531677,YES
licenziamento,licenziamento,NOUN,S,Gender=Masc|Number=Sing,licenziamenti,0.6800614595413208,NO
litro,litro,NOUN,S,Gender=Masc|Number=Sing,litri,0.7064542770385742,NO
partecipante,partecipante,NOUN,S,Number=Sing,partecipanti,0.6819127202033997,NO
rifornimento,rifornimento,NOUN,S,Gender=Masc|Number=Sing,rifornimenti,0.7245372533798218,NO
focus,focus,NOUN,S,Gender=Masc,focalizzato,0.6187654137611389,NO
furia,furia,NOUN,S,Gender=Fem|Number=Sing,fretta,0.5969527363777161,YES
feci,feci,NOUN,S,Gender=Masc|Number=Plur,trovai,0.5618840456008911,NO
confessione,confessione,NOUN,S,Gender=Fem|Number=Sing,confessioni,0.6316914558410645,NO
repubblicano,repubblicano,NOUN,S,Gender=Masc|Number=Sing,repubblicani,0.6990661025047302,NO
pregiudizio,pregiudizio,NOUN,S,Gender=Masc|Number=Sing,pregiudizi,0.6745692491531372,NO
colesterolo,colesterolo,NOUN,S,Gender=Masc|Number=Sing,trigliceridi,0.7181786298751831,NO
organizzatore,organizzatore,NOUN,S,Gender=Masc|Number=Sing,organizzatrice,0.6953222155570984,NO
bell,bell,NOUN,S,,bell,0.7414459586143494,NO
guasto,guasto,NOUN,S,Number=Sing,malfunzionamento,0.7098175287246704,NO
avvicinamento,avvicinamento,NOUN,S,Gender=Masc|Number=Sing,allontanamento,0.6218448877334595,NO
buccia,buccia,NOUN,S,Gender=Fem|Number=Sing,polpa,0.7398642897605896,NO
giuramento,giuramento,NOUN,S,Gender=Masc|Number=Sing,giurare,0.6193488240242004,NO
mp3,mp3,NOUN,S,,mobi,0.5917812585830688,NO
capannone,capannone,NOUN,S,Gender=Fem|Number=Sing,capannoni,0.6682527661323547,NO
fabbisogno,fabbisogno,NOUN,S,Gender=Masc|Number=Sing,fabbisogni,0.7060045003890991,NO
autista,autista,NOUN,S,Number=Sing,conducente,0.6978691220283508,NO
riciclo,riciclo,NOUN,S,Gender=Masc|Number=Sing,riutilizzo,0.7158220410346985,NO
plasma,plasma,NOUN,S,Gender=Masc|Number=Sing,laser,0.46959930658340454,YES
feroce,feroce,NOUN,S,Gender=Masc|Number=Sing,spietata,0.7494109869003296,NO
frame,frame,NOUN,S,Gender=Fem|Number=Plur,fotogrammi,0.590149998664856,NO
infarto,infarto,NOUN,S,Gender=Masc|Number=Sing,ictus,0.7988511323928833,NO
bevanda,bevanda,NOUN,S,Gender=Fem|Number=Sing,birra,0.6366583704948425,YES
aggiungi,aggiungi,NOUN,S,Gender=Masc|Number=Sing,metti,0.6463283896446228,NO
scarpa,scarpa,NOUN,S,Gender=Fem|Number=Sing,scarpe,0.7057104110717773,NO
aggettivo,aggettivo,NOUN,S,Gender=Masc|Number=Sing,sostantivo,0.7321330904960632,NO
selvaggio,selvaggio,NOUN,S,Gender=Masc|Number=Sing,selvaggia,0.6327097415924072,NO
coma,coma,NOUN,S,Gender=Masc,vegetativo,0.5659827589988708,NO
scorrimento,scorrimento,NOUN,S,Gender=Masc|Number=Sing,laterale,0.5401021242141724,NO
silicone,silicone,NOUN,S,Gender=Fem|Number=Sing,lattice,0.6518330574035645,NO
rap,rap,NOUN,S,Gender=Masc,hip-hop,0.7848894596099854,NO
lecito,lecito,NOUN,S,Gender=Masc|Number=Sing,legittimo,0.6753552556037903,NO
funebre,funebre,NOUN,S,Gender=Masc|Number=Sing,funebri,0.6805033683776855,NO
presento,presento,NOUN,S,Gender=Masc|Number=Sing,propongo,0.6890252232551575,NO
miglio,miglio,NOUN,S,Gender=Masc|Number=Sing,miglia,0.5729368329048157,NO
capogruppo,capogruppo,NOUN,S,Gender=Masc|Number=Sing,vicepresidente,0.6769359707832336,NO
calce,calce,NOUN,S,Gender=Fem|Number=Sing,malta,0.4432550370693207,NO
professionistico,professionistico,NOUN,S,Gender=Masc|Number=Sing,dilettantistico,0.7477458715438843,NO
antagonista,antagonista,NOUN,S,Gender=Masc|Number=Sing,antagonisti,0.6737912893295288,NO
telescopio,telescopio,NOUN,S,Gender=Masc|Number=Sing,telescopi,0.7981301546096802,NO
apprezzamento,apprezzamento,NOUN,S,Gender=Masc|Number=Sing,apprezzamenti,0.6930330991744995,NO
trad,trad,NOUN,S,Gender=Masc,trad.,0.7613897919654846,YES
br,br,NOUN,PC,Gender=Masc,p,0.5941054821014404,NO
rumeno,rumeno,NOUN,S,Gender=Masc|Number=Sing,romeno,0.8954152464866638,NO
questionario,questionario,NOUN,S,Gender=Masc|Number=Sing,questionari,0.7420260310173035,NO
preferibilmente,preferibilmente,NOUN,B,Number=Sing,possibilmente,0.7995556592941284,NO
rafforzamento,rafforzamento,NOUN,S,Gender=Masc|Number=Sing,consolidamento,0.742249071598053,YES
filone,filone,NOUN,S,Gender=Masc|Number=Sing,filoni,0.6930559873580933,NO
ip,ip,NOUN,S,Gender=Fem|Number=Sing,pc,0.455754816532135,NO
basilico,basilico,NOUN,SP,Gender=Masc|Number=Sing,prezzemolo,0.7230507731437683,NO
chiostro,chiostro,NOUN,S,Gender=Masc|Number=Sing,convento,0.6909497380256653,YES
timbro,timbro,NOUN,S,Gender=Masc|Number=Sing,timbri,0.6893843412399292,NO
maturo,maturo,NOUN,S,Gender=Masc|Number=Sing,matura,0.6936741471290588,NO
francamente,francamente,NOUN,S,Number=Sing,sinceramente,0.7755964398384094,NO
regge,regge,NOUN,S,Gender=Fem|Number=Sing,reggono,0.7243170738220215,NO
prospetto,prospetto,NOUN,S,Gender=Masc|Number=Sing,prospetti,0.7167192101478577,NO
distrugge,distrugge,NOUN,S,Gender=Fem|Number=Sing,danneggia,0.7447878122329712,NO
sum,sum,NOUN,S,,ergo,0.5326805710792542,NO
malvagio,malvagio,NOUN,S,Gender=Masc|Number=Sing,perfido,0.745935320854187,NO
controversia,controversia,NOUN,S,Gender=Fem|Number=Sing,diatriba,0.7175334692001343,NO
potassio,potassio,NOUN,S,Gender=Fem|Number=Sing,sodio,0.7765845656394958,YES
persero,persero,NOUN,S,Gender=Masc|Number=Sing,morirono,0.7222699522972107,NO
dispersione,dispersione,NOUN,S,Gender=Fem|Number=Sing,frammentazione,0.57479327917099,NO
presbiterio,presbiterio,NOUN,S,Gender=Masc|Number=Sing,abside,0.7299453616142273,NO
station,station,NOUN,S,,train,0.5455619096755981,NO
sub,sub,NOUN,S,,subacqueo,0.4926629662513733,NO
resort,resort,NOUN,S,Gender=Masc,residence,0.6261559128761292,NO
pelliccia,pelliccia,NOUN,S,Gender=Fem|Number=Sing,pellicce,0.6450147032737732,NO
reciproco,reciproco,NOUN,V,Gender=Masc|Number=Sing,reciproca,0.7170860171318054,NO
dispensa,dispensa,NOUN,S,Gender=Fem|Number=Sing,dispense,0.6216574907302856,NO
conseguimento,conseguimento,NOUN,S,Gender=Masc|Number=Sing,conseguire,0.7614442706108093,NO
decoro,decoro,NOUN,S,Gender=Masc|Number=Sing,ornamento,0.5420003533363342,NO
azoto,azoto,NOUN,S,Gender=Masc|Number=Sing,ossigeno,0.6895977854728699,YES
gelosia,gelosia,NOUN,S,Gender=Fem|Number=Sing,invidia,0.6320436596870422,NO
relatore,relatore,NOUN,S,Gender=Masc|Number=Sing,relatori,0.6947602033615112,NO
schieramento,schieramento,NOUN,S,Gender=Masc|Number=Sing,schieramenti,0.6366903185844421,NO
comparatore,comparatore,NOUN,S,Gender=Masc|Number=Sing,comparazione,0.3780290484428406,NO
yoga,yoga,NOUN,SW,Gender=Masc,meditazione,0.6364195346832275,NO
incerto,incerto,NOUN,S,Gender=Masc|Number=Sing,incerta,0.7098322510719299,NO
real,real,NOUN,S,Gender=Fem|Number=Plur,time,0.5087968111038208,NO
ghiacciaio,ghiacciaio,NOUN,S,Gender=Masc|Number=Sing,ghiacciai,0.7425659894943237,NO
spareggio,spareggio,NOUN,S,Gender=Masc|Number=Sing,spareggi,0.7524428963661194,NO
ch,ch,NOUN,S,Gender=Masc|Number=Sing,ella,0.6282126307487488,NO
ranking,ranking,NOUN,S,,rank,0.5969617962837219,NO
contenimento,contenimento,NOUN,S,Gender=Masc|Number=Sing,rafforzamento,0.5817264318466187,YES
afelio,afelio,NOUN,S,Gender=Masc|Number=Sing,perielio,0.6051692366600037,YES
before,before,NOUN,S,Gender=Masc|Number=Sing,after,0.7467621564865112,NO
lino,lino,NOUN,S,Gender=Masc|Number=Sing,cotone,0.7003249526023865,YES
where,where,NOUN,SP,,which,0.6520528793334961,NO
death,death,NOUN,S,,thrash,0.597927987575531,NO
catch,catch,NOUN,S,Gender=Fem|Number=Plur,try,0.4615812599658966,NO
welfare,welfare,NOUN,S,Gender=Masc,governance,0.5418944954872131,NO
guardaroba,guardaroba,NOUN,S,Gender=Fem|Number=Sing,armadio,0.6645611524581909,YES
dittatore,dittatore,NOUN,S,Gender=Masc|Number=Sing,dittatura,0.6148723363876343,NO
visualizza,visualizza,NOUN,S,Gender=Fem|Number=Sing,visualizzare,0.633843183517456,NO
pirata,pirata,NOUN,S,Number=Sing,pirati,0.7096565961837769,NO
trampolino,trampolino,NOUN,S,Gender=Masc|Number=Sing,salto,0.5086377859115601,YES
padiglione,padiglione,NOUN,S,Gender=Masc|Number=Sing,padiglioni,0.7431619167327881,NO
autovettura,autovettura,NOUN,S,Gender=Fem|Number=Sing,vettura,0.7461115717887878,NO
bottino,bottino,NOUN,S,Gender=Masc|Number=Sing,saccheggio,0.5352329015731812,NO
raduno,raduno,NOUN,S,Gender=Masc|Number=Sing,raduni,0.6610926985740662,NO
ristampa,ristampa,NOUN,S,Gender=Fem|Number=Sing,riedizione,0.721284806728363,NO
bancomat,bancomat,NOUN,S,Gender=Masc|Number=Plur,contanti,0.5145743489265442,NO
tacco,tacco,NOUN,S,Gender=Masc|Number=Sing,tacchi,0.6443620324134827,NO
sperimentato,sperimentato,NOUN,A,Gender=Masc|Number=Sing,sperimentata,0.7335515022277832,NO
complemento,complemento,NOUN,S,Gender=Masc|Number=Sing,complementi,0.6174769401550293,NO
tabacco,tabacco,NOUN,S,Gender=Masc|Number=Sing,sigarette,0.6927267909049988,NO
polpa,polpa,NOUN,S,Gender=Fem|Number=Sing,buccia,0.7398642301559448,YES
collasso,collasso,NOUN,S,Gender=Masc|Number=Sing,crollo,0.7005058526992798,YES
sfugge,sfugge,NOUN,S,Gender=Fem|Number=Sing,sfuggono,0.758854866027832,NO
sauna,sauna,NOUN,S,Gender=Fem|Number=Sing,idromassaggio,0.6095275282859802,YES
mulino,mulino,NOUN,S,Gender=Masc|Number=Sing,mulini,0.6592761874198914,NO
dossier,dossier,NOUN,S,Gender=Masc,fascicolo,0.6440906524658203,NO
moschea,moschea,NOUN,S,Gender=Fem|Number=Sing,moschee,0.7227967977523804,NO
martirio,martirio,NOUN,S,Gender=Masc|Number=Sing,martire,0.617457389831543,NO
mezzogiorno,mezzogiorno,NOUN,S,Gender=Masc|Number=Sing,mattino,0.6706913113594055,YES
avversaria,avversaria,NOUN,S,Gender=Fem|Number=Sing,avversario,0.7341809868812561,NO
multiplayer,multiplayer,NOUN,S,,gameplay,0.6579073071479797,YES
terrorista,terrorista,NOUN,S,Number=Sing,terroristico,0.7136924862861633,NO
adempimento,adempimento,NOUN,S,Gender=Masc|Number=Sing,adempiere,0.6398211121559143,NO
legislatore,legislatore,NOUN,S,Gender=Masc|Number=Sing,giurista,0.5733488202095032,YES
debitore,debitore,NOUN,S,Gender=Masc|Number=Sing,creditore,0.8189530968666077,NO
inversione,inversione,NOUN,S,Gender=Fem|Number=Sing,invertire,0.6910282373428345,NO
giornaliero,giornaliero,NOUN,S,Gender=Masc|Number=Sing,settimanale,0.661622166633606,NO
comprensorio,comprensorio,NOUN,S,Gender=Masc|Number=Sing,territorio,0.6164131164550781,YES
rally,rally,NOUN,V,Gender=Masc,automobilistico,0.5259813666343689,NO
intreccio,intreccio,NOUN,V,Gender=Masc|Number=Sing,intrecci,0.7376425862312317,NO
asset,asset,NOUN,S,,investitori,0.5383467078208923,NO
incanto,incanto,NOUN,S,Gender=Masc|Number=Sing,incantato,0.5656519532203674,NO
armistizio,armistizio,NOUN,S,Gender=Masc|Number=Sing,tregua,0.4668325185775757,YES
monopolio,monopolio,NOUN,S,Gender=Masc|Number=Sing,predominio,0.6426543593406677,NO
possibilita,possibilita,NOUN,S,Gender=Fem|Number=Sing,possibilità,0.6782039403915405,NO
etnia,etnia,NOUN,S,Gender=Fem|Number=Sing,razza,0.6224749684333801,YES
piacimento,piacimento,NOUN,S,Gender=Masc|Number=Sing,liberamente,0.5360796451568604,NO
double,double,NOUN,S,,face,0.5633031725883484,NO
facendolo,facendolo,NOUN,S,Gender=Masc|Number=Sing,facendogli,0.8055090308189392,NO
triennio,triennio,NOUN,S,Gender=Masc|Number=Sing,biennio,0.8694055676460266,YES
pan,pan,NOUN,E,,focaccia,0.5106934905052185,NO
esordì,esordì,NOUN,S,Gender=Masc,debuttò,0.862209677696228,NO
cronometro,cronometro,NOUN,S,Gender=Masc|Number=Sing,crono,0.5825334787368774,NO
sterminio,sterminio,NOUN,S,Gender=Masc|Number=Sing,annientamento,0.6502591371536255,NO
imho,imho,NOUN,S,Gender=Fem|Number=Sing,cmq,0.6519182324409485,NO
stoccaggio,stoccaggio,NOUN,S,Gender=Masc|Number=Sing,smaltimento,0.6746664047241211,NO
decreto,decreto,NOUN,S,Gender=Masc|Number=Sing,decreto,0.7126737236976624,YES
termocondizionamento,termocondizionamento,NOUN,S,Gender=Masc|Number=Sing,100mq,0.45612871646881104,NO
iqoption,iqoption,NOUN,S,Gender=Fem,binarie,0.5335728526115417,NO
dl,dl,NOUN,S,,g,0.5344529747962952,NO
manto,manto,NOUN,B,Gender=Masc|Number=Sing,mantello,0.6803560853004456,YES
much,much,NOUN,S,Gender=Fem|Number=Plur,many,0.5880100727081299,NO
spazzatura,spazzatura,NOUN,S,Gender=Fem|Number=Sing,immondizia,0.7982957363128662,NO
fascicolo,fascicolo,NOUN,V,Gender=Masc|Number=Sing,fascicoli,0.7049102187156677,NO
thread,thread,NOUN,S,Gender=Fem|Number=Plur,topic,0.7658361196517944,NO
rendita,rendita,NOUN,S,Gender=Fem|Number=Sing,rendite,0.6986047029495239,NO
mittente,mittente,NOUN,A,Number=Sing,destinatario,0.6387338042259216,YES
previo,previo,NOUN,S,Gender=Masc|Number=Sing,previa,0.7154490351676941,NO
tenera,tenera,NOUN,S,Gender=Fem|Number=Sing,giovanissima,0.5465729236602783,NO
fissaggio,fissaggio,NOUN,S,Gender=Masc|Number=Sing,bloccaggio,0.6724696159362793,NO
tizio,tizio,NOUN,S,Gender=Masc|Number=Sing,tipa,0.6300917863845825,NO
duomo,duomo,NOUN,S,Gender=Masc|Number=Sing,cattedrale,0.7174152135848999,NO
martello,martello,NOUN,S,Gender=Masc|Number=Sing,giavellotto,0.5736634135246277,NO
guscio,guscio,NOUN,S,Gender=Masc|Number=Sing,gusci,0.7132253646850586,NO
progressione,progressione,NOUN,S,Gender=Fem|Number=Sing,progressiva,0.6517184972763062,NO
differenzia,differenzia,NOUN,S,Gender=Fem|Number=Sing,differisce,0.8140289783477783,NO
flat,flat,NOUN,S,Gender=Fem|Number=Sing,apartment,0.4740214943885803,NO
idolo,idolo,NOUN,S,Gender=Masc|Number=Sing,idoli,0.6278945207595825,NO
passante,passante,NOUN,S,Number=Sing,passanti,0.6245179176330566,NO
telecomando,telecomando,NOUN,S,Gender=Masc|Number=Sing,televisore,0.6131728291511536,YES
edition,edition,NOUN,S,Gender=Masc,collection,0.5666815042495728,NO
condizionamento,condizionamento,NOUN,S,Gender=Masc|Number=Sing,riscaldamento,0.6028944253921509,YES
burocrazia,burocrazia,NOUN,S,Gender=Fem|Number=Sing,burocratica,0.7915888428688049,NO
outlet,outlet,NOUN,S,Gender=Masc|Number=Plur,shop,0.5728533864021301,NO
trans,trans,NOUN,S,,escort,0.5914905071258545,NO
senz,senz,NOUN,SP,Gender=Masc,senz',0.7686817049980164,YES
seggio,seggio,NOUN,S,Gender=Masc|Number=Sing,seggi,0.7051804065704346,NO
sigle,sigle,NOUN,A,,sigla,0.6416012048721313,YES
tigre,tigre,NOUN,S,Gender=Fem|Number=Sing,tigri,0.662541925907135,NO
generatore,generatore,NOUN,S,Gender=Masc|Number=Sing,generatori,0.6923809051513672,NO
ostaggio,ostaggio,NOUN,S,Gender=Masc|Number=Sing,ostaggi,0.7013730406761169,NO
rapimento,rapimento,NOUN,S,Gender=Masc|Number=Sing,assassinio,0.668420135974884,YES
involucro,involucro,NOUN,S,Gender=Masc|Number=Sing,guscio,0.5923555493354797,YES
vecchiaia,vecchiaia,NOUN,S,Gender=Fem|Number=Sing,giovinezza,0.6061167120933533,NO
sintomo,sintomo,NOUN,S,Gender=Masc|Number=Sing,malessere,0.6679986119270325,NO
body,body,NOUN,S,,head,0.4894704520702362,NO
svantaggio,svantaggio,NOUN,S,Gender=Masc|Number=Sing,vantaggio,0.7788388729095459,YES
anglosassone,anglosassone,NOUN,S,Gender=Fem|Number=Sing,anglosassoni,0.7455008029937744,NO
casco,casco,NOUN,S,Gender=Masc|Number=Sing,caschi,0.6780465245246887,NO
entry,entry,NOUN,S,Gender=Fem|Number=Sing,new,0.5652915239334106,NO
bulgaro,bulgaro,NOUN,A,Gender=Masc|Number=Sing,bulgara,0.6678496599197388,NO
lesione,lesione,NOUN,S,Gender=Fem|Number=Sing,lesioni,0.6923397779464722,NO
sottomissione,sottomissione,NOUN,S,Gender=Fem|Number=Sing,obbedienza,0.6083186864852905,NO
missionario,missionario,NOUN,S,Gender=Masc|Number=Sing,missionaria,0.694414496421814,NO
minibar,minibar,NOUN,S,Gender=Masc|Number=Sing,asciugacapelli,0.67662513256073,NO
disprezzo,disprezzo,NOUN,S,Gender=Masc|Number=Sing,disgusto,0.699927806854248,NO
scenografia,scenografia,NOUN,S,Gender=Fem|Number=Sing,scenografie,0.7441476583480835,NO
kr,kr,NOUN,PC,Gender=Fem,zł,0.5173155665397644,NO
pilastro,pilastro,NOUN,S,Gender=Masc|Number=Sing,pilastri,0.7049819231033325,NO
esplosivo,esplosivo,NOUN,S,Gender=Masc|Number=Sing,esplosivi,0.726564884185791,NO
candela,candela,NOUN,S,Gender=Fem|Number=Sing,candele,0.7053892612457275,NO
pullman,pullman,NOUN,SP,Gender=Masc,bus,0.7300463318824768,YES
interne2,interne2,NOUN,S,Gender=Fem|Number=Plur,interne3,0.9040971994400024,NO
mass,mass,NOUN,SP,,media,0.5956428050994873,NO
coesione,coesione,NOUN,S,Gender=Fem|Number=Sing,compattezza,0.5942713022232056,NO
peggior,peggior,NOUN,S,Gender=Masc|Number=Sing,peggiore,0.7978664040565491,NO
handicap,handicap,NOUN,S,Gender=Masc,disabilità,0.6764351725578308,NO
cautela,cautela,NOUN,S,Gender=Fem|Number=Sing,prudenza,0.8210546374320984,NO
conservatore,conservatore,NOUN,S,Gender=Masc|Number=Sing,progressista,0.6577293872833252,NO
cv,cv,NOUN,S,Number=Plur,hp,0.5441170930862427,NO
shampoo,shampoo,NOUN,S,Gender=Masc,balsamo,0.645939826965332,NO
partecipo,partecipo,NOUN,S,Gender=Masc|Number=Sing,partecipare,0.588604748249054,NO
penne,penne,NOUN,S,Number=Sing,piume,0.6249203681945801,NO
dosaggio,dosaggio,NOUN,S,Gender=Masc|Number=Sing,dosaggi,0.7146517634391785,NO
font,font,NOUN,S,Gender=Fem|Number=Sing,layout,0.6005358695983887,NO
inaugura,inaugura,NOUN,S,Gender=Fem|Number=Sing,inaugurata,0.6938795447349548,NO
autobiografia,autobiografia,NOUN,S,Gender=Fem|Number=Sing,biografia,0.7430614829063416,NO
ograve,ograve,NOUN,S,Gender=Fem|Number=Sing,igrave,0.7457879185676575,NO
riciclaggio,riciclaggio,NOUN,S,Gender=Masc|Number=Sing,riciclo,0.6609628200531006,YES
prolungamento,prolungamento,NOUN,S,Gender=Masc|Number=Sing,allungamento,0.713924765586853,NO
propensione,propensione,NOUN,S,Gender=Fem|Number=Sing,attitudine,0.7401906847953796,NO
platea,platea,NOUN,S,Gender=Fem|Number=Sing,folla,0.550528347492218,NO
catastrofe,catastrofe,NOUN,S,Gender=Fem|Number=Sing,disastro,0.7005793452262878,YES
position,position,NOUN,S,Gender=Fem,pole,0.5996603965759277,NO
abitacolo,abitacolo,NOUN,S,Gender=Masc|Number=Sing,cruscotto,0.6321305632591248,NO
opaco,opaco,NOUN,S,Gender=Masc|Number=Sing,lucido,0.7253686785697937,YES
narratore,narratore,NOUN,S,Gender=Masc|Number=Sing,narrante,0.7126505374908447,NO
market,market,NOUN,S,Gender=Masc|Number=Sing,supermarket,0.5982494354248047,NO
furgone,furgone,NOUN,S,Gender=Fem|Number=Sing,camion,0.7418081164360046,YES
even,even,NOUN,S,Number=Sing,had,0.49136075377464294,YES
dimmelo,dimmelo,NOUN,S,,scrivimi,0.5554673075675964,NO
articola,articola,NOUN,S,Gender=Fem|Number=Plur,articolata,0.6687952280044556,NO
tribuna,tribuna,NOUN,S,Gender=Fem|Number=Sing,tribune,0.6845669746398926,NO
profit,profit,NOUN,S,Gender=Masc|Number=Plur,no-profit,0.6590642333030701,NO
risotto,risotto,NOUN,S,Gender=Masc|Number=Sing,ragù,0.6673781275749207,NO
ingaggio,ingaggio,NOUN,S,Gender=Masc|Number=Sing,ingaggiato,0.5952045917510986,NO
razzo,razzo,NOUN,S,Gender=Masc|Number=Sing,razzi,0.7273732423782349,NO
pompe,pompe,NOUN,S,Gender=Fem|Number=Sing,pompa,0.7043437361717224,YES
salmone,salmone,NOUN,S,Gender=Fem|Number=Sing,tonno,0.6921330094337463,NO
delizia,delizia,NOUN,S,Gender=Fem|Number=Sing,goduria,0.6727889180183411,NO
colpe,colpe,NOUN,S,Number=Sing,colpa,0.6101185083389282,YES
lampo,lampo,NOUN,S,Gender=Masc|Number=Sing,lampi,0.5277719497680664,NO
gesso,gesso,NOUN,S,Gender=Masc|Number=Sing,marmo,0.649514377117157,YES
sinergia,sinergia,NOUN,S,Gender=Fem|Number=Sing,collaborazione,0.7344233393669128,NO
scissione,scissione,NOUN,S,Gender=Fem|Number=Sing,fusione,0.6559142470359802,YES
discografia,discografia,NOUN,S,Gender=Fem|Number=Sing,discografica,0.6966409087181091,NO
dote,dote,NOUN,S,Gender=Fem|Number=Sing,innata,0.5226364135742188,NO
antincendio,antincendio,NOUN,S,Gender=Masc|Number=Sing,incendi,0.5248973369598389,NO
veleni,veleni,NOUN,S,Gender=Masc|Number=Plur,veleno,0.6363376379013062,NO
ticket,ticket,NOUN,S,Gender=Fem|Number=Sing,biglietto,0.5840844511985779,YES
regio,regio,NOUN,S,Gender=Masc|Number=Sing,decreto,0.4954547584056854,YES
hip,hip,NOUN,S,Gender=Masc,hip-hop,0.6000382304191589,NO
tant,tant,NOUN,S,Gender=Masc,insomma,0.6746971011161804,NO
alpha,alpha,NOUN,S,Gender=Masc|Number=Sing,beta,0.6920973062515259,YES
everything,everything,NOUN,S,,something,0.5564919710159302,NO
approda,approda,NOUN,S,Gender=Fem|Number=Sing,approdato,0.7255186438560486,NO
pollice,pollice,NOUN,S,Gender=Masc|Number=Sing,dito,0.6525946259498596,NO
profezia,profezia,NOUN,S,Gender=Fem|Number=Sing,profezie,0.7004017233848572,NO
dragone,dragone,NOUN,S,Gender=Fem|Number=Sing,drago,0.7237597107887268,YES
bollo,bollo,NOUN,S,Gender=Masc|Number=Sing,tassa,0.5070510506629944,NO
cc,cc,NOUN,S,Gender=Masc|Number=Sing,ml,0.5504661798477173,NO
outdoor,outdoor,NOUN,S,Gender=Masc|Number=Plur,indoor,0.6555177569389343,YES
avviamento,avviamento,NOUN,S,Gender=Masc|Number=Sing,avvio,0.5677283406257629,YES
road,road,NOUN,SW,Gender=Fem,coast,0.5367510914802551,NO
control,control,NOUN,S,Number=Sing,system,0.5428088307380676,NO
spaccio,spaccio,NOUN,S,Gender=Masc|Number=Sing,spacciatore,0.5735782980918884,NO
scuso,scuso,NOUN,S,Gender=Masc|Number=Sing,scusate,0.6880220770835876,NO
atrio,atrio,NOUN,S,Gender=Masc|Number=Sing,vestibolo,0.6622101664543152,NO
training,training,NOUN,S,Gender=Masc,addestramento,0.616391122341156,YES
fulmine,fulmine,NOUN,S,Gender=Masc|Number=Sing,fulmini,0.642457127571106,NO
restyling,restyling,NOUN,S,Gender=Masc,rinnovamento,0.6079428195953369,YES
located,located,NOUN,S,Gender=Fem|Number=Sing,apartment,0.5902190208435059,NO
cuffia,cuffia,NOUN,S,Gender=Fem|Number=Sing,cuffie,0.7121033668518066,NO
lett,lett,NOUN,S,Gender=Fem|Number=Plur,lett,0.6201574802398682,NO
fiabe,fiabe,NOUN,S,Gender=Masc|Number=Sing,favole,0.8474850654602051,NO
pensionato,pensionato,NOUN,S,Gender=Masc|Number=Sing,disoccupato,0.6480749845504761,NO
turista,turista,NOUN,S,Number=Sing,viaggiatore,0.6722479462623596,YES
palma,palma,NOUN,S,Gender=Fem|Number=Sing,palme,0.5252354741096497,NO
spray,spray,NOUN,S,Gender=Masc,spruzzo,0.6150137186050415,NO
adattatore,adattatore,NOUN,S,Gender=Masc|Number=Sing,adattatori,0.6805607080459595,NO
avvicinarti,avvicinarti,NOUN,V_PC,Gender=Masc|Number=Plur,avvicinarsi,0.4872746765613556,NO
balletto,balletto,NOUN,S,Gender=Masc|Number=Sing,balletti,0.7268155813217163,NO
attaccò,attaccò,NOUN,S,Gender=Masc|Number=Sing,attaccarono,0.8098428249359131,NO
cipolle,cipolle,NOUN,S,Gender=Fem|Number=Sing,patate,0.7743982672691345,NO
riscosso,riscosso,NOUN,S,Gender=Masc|Number=Sing,riscuotendo,0.7830910682678223,NO
amplificatore,amplificatore,NOUN,S,Gender=Masc|Number=Sing,amplificatori,0.7483242750167847,NO
dissenso,dissenso,NOUN,S,Gender=Masc|Number=Sing,disappunto,0.6512995958328247,NO
ossessione,ossessione,NOUN,S,Gender=Fem|Number=Sing,ossessiva,0.7635507583618164,NO
portone,portone,NOUN,S,Gender=Fem|Number=Sing,cancello,0.7309189438819885,YES
packaging,packaging,NOUN,S,Gender=Masc,imballaggio,0.6087877750396729,NO
demonio,demonio,NOUN,S,Gender=Masc|Number=Sing,diavolo,0.6991108059883118,YES
fossa,fossa,NOUN,S,Gender=Fem|Number=Sing,tomba,0.5710871815681458,NO
paradigma,paradigma,NOUN,S,Gender=Masc|Number=Sing,concetto,0.6388180255889893,NO
protettore,protettore,NOUN,S,Gender=Masc|Number=Sing,patrono,0.716536283493042,YES
ribasso,ribasso,NOUN,S,Gender=Masc|Number=Sing,rialzo,0.7736609578132629,NO
duetto,duetto,NOUN,V,Gender=Masc|Number=Sing,duetti,0.684762179851532,NO
buste,buste,NOUN,S,Gender=Masc|Number=Sing,busta,0.7547677755355835,YES
cappuccio,cappuccio,NOUN,S,Gender=Masc|Number=Sing,berretto,0.6452388763427734,NO
information,information,NOUN,S,,technology,0.6123378872871399,NO
solarium,solarium,NOUN,S,Gender=Masc|Number=Sing,terrazza,0.593657910823822,YES
amianto,amianto,NOUN,S,Gender=Masc|Number=Sing,inquinamento,0.5517488121986389,YES
screen,screen,NOUN,S,Gender=Fem|Number=Sing,touch,0.6019654870033264,YES
ordinariamente,ordinariamente,NOUN,B,Gender=Masc|Number=Sing,usualmente,0.3587643802165985,NO
anatomia,anatomia,NOUN,S,Gender=Fem|Number=Sing,anatomica,0.7317979335784912,NO
sollevamento,sollevamento,NOUN,S,Gender=Masc|Number=Sing,movimentazione,0.5201756954193115,NO
rilevamento,rilevamento,NOUN,S,Gender=Masc|Number=Sing,rilevazione,0.7248157262802124,NO
tirocinio,tirocinio,NOUN,S,Gender=Masc|Number=Sing,tirocini,0.699271559715271,NO
labirinto,labirinto,NOUN,S,Gender=Masc|Number=Sing,sotterraneo,0.5311839580535889,NO
persistente,persistente,NOUN,S,Number=Sing,persistenza,0.7380889654159546,NO
pe,pe,NOUN,PC,Gender=Fem|Number=Plur,pr,0.6701825261116028,NO
toro,toro,NOUN,S,Gender=Masc|Number=Sing,cervo,0.5723175406455994,NO
fettine,fettine,NOUN,S,Gender=Fem|Number=Sing,fette,0.8309449553489685,NO
again,again,NOUN,S,,you,0.5415744781494141,NO
armadi,armadi,NOUN,S,Gender=Masc|Number=Plur,armadio,0.7504293918609619,YES
sharing,sharing,NOUN,S,Gender=Masc,bike,0.5623262524604797,NO
approvvigionamento,approvvigionamento,NOUN,S,Gender=Masc|Number=Sing,rifornimento,0.6957976222038269,YES
monoposto,monoposto,NOUN,S,Gender=Fem,vettura,0.6523136496543884,NO
crosta,crosta,NOUN,S,Gender=Fem|Number=Sing,croccante,0.5688777565956116,NO
guarnigione,guarnigione,NOUN,S,Gender=Fem|Number=Sing,fortezza,0.6259891390800476,NO
lontananza,lontananza,NOUN,S,Gender=Fem|Number=Sing,vicinanza,0.6192880868911743,YES
topo,topo,NOUN,B,Gender=Masc|Number=Sing,gatto,0.7175759077072144,YES
featuring,featuring,NOUN,S,Gender=Masc,feat,0.6494514346122742,NO
regolatore,regolatore,NOUN,S,Gender=Masc|Number=Sing,regolatori,0.6276806592941284,NO
flessione,flessione,NOUN,S,Gender=Fem|Number=Sing,contrazione,0.6767821311950684,NO
offrì,offrì,NOUN,S,Gender=Masc|Number=Plur,accettò,0.7982604503631592,NO
pool,pool,NOUN,S,Gender=Masc,team,0.443659245967865,NO
quant,quant,NOUN,S,Gender=Masc,quant,0.7445472478866577,NO
sparatutto,sparatutto,NOUN,S,Gender=Masc|Number=Sing,picchiaduro,0.5758901238441467,NO
perizia,perizia,NOUN,S,Gender=Fem|Number=Sing,perizie,0.6290082335472107,NO
assaggio,assaggio,NOUN,S,Gender=Masc|Number=Sing,assaggi,0.6739765405654907,NO
globo,globo,NOUN,SP,,pianeta,0.6424473524093628,NO
redattore,redattore,NOUN,S,Gender=Masc|Number=Sing,caporedattore,0.7321187853813171,NO
cantautrice,cantautrice,NOUN,S,Number=Sing,cantante,0.7396121621131897,NO
trapianto,trapianto,NOUN,S,Gender=Masc|Number=Sing,trapianti,0.760892927646637,NO
image,image,NOUN,S,Gender=Masc,images,0.6245875358581543,NO
gallery,gallery,NOUN,S,Gender=Masc,fotogallery,0.7483872175216675,NO
metratura,metratura,NOUN,S,Gender=Fem|Number=Sing,metrature,0.5855284929275513,NO
week-end,week-end,NOUN,S,Gender=Masc,weekend,0.9156845211982727,YES
tappo,tappo,NOUN,S,Gender=Masc|Number=Sing,tappi,0.6674736738204956,NO
glucosio,glucosio,NOUN,S,Gender=Fem|Number=Plur,glicemia,0.6541081666946411,NO
anidride,anidride,NOUN,S,Gender=Fem|Number=Sing,acido,0.5189358592033386,YES
corno,corno,NOUN,S,Gender=Masc|Number=Sing,corni,0.6612242460250854,NO
violinista,violinista,NOUN,S,Number=Sing,pianista,0.7980959415435791,YES
mesoregione,mesoregione,NOUN,S,Gender=Fem|Number=Sing,microregione,0.5341798067092896,NO
maltempo,maltempo,NOUN,S,Gender=Masc|Number=Sing,pioggia,0.5890663862228394,YES
tifo,tifo,NOUN,V,Gender=Masc|Number=Sing,tifoso,0.6256924867630005,NO
scaletta,scaletta,NOUN,V,Gender=Fem|Number=Sing,tracklist,0.534763514995575,NO
osservanza,osservanza,NOUN,S,Gender=Fem|Number=Sing,ossequio,0.5754970908164978,NO
export,export,NOUN,S,Gender=Masc,esportazioni,0.7229407429695129,NO
fr,fr,NOUN,S,Gender=Masc|Number=Sing,en,0.5422093272209167,NO
against,against,NOUN,S,Gender=Fem|Number=Plur,for,0.5977081060409546,NO
corsia,corsia,NOUN,S,Gender=Fem|Number=Sing,corsie,0.6979960203170776,NO
rugbista,rugbista,NOUN,S,Gender=Masc|Number=Sing,rugby,0.5998314023017883,YES
riapertura,riapertura,NOUN,S,Gender=Fem|Number=Sing,chiusura,0.7230868339538574,YES
costanza,costanza,NOUN,S,Gender=Fem|Number=Sing,perseveranza,0.6924402117729187,NO
schiuma,schiuma,NOUN,S,Gender=Fem|Number=Sing,spugna,0.5435481071472168,NO
rampa,rampa,NOUN,A,Gender=Fem|Number=Sing,rampe,0.6904152631759644,NO
istruttore,istruttore,NOUN,S,Gender=Masc|Number=Sing,istruttori,0.6316437721252441,NO
android,android,NOUN,V,Number=Plur,smartphone,0.6288730502128601,YES
microregione,microregione,NOUN,S,Gender=Fem|Number=Sing,mesoregione,0.5341798067092896,YES
sociologia,sociologia,NOUN,S,Gender=Fem|Number=Sing,antropologia,0.7597130537033081,NO
pornostar,pornostar,NOUN,S,,milf,0.603199303150177,NO
incisore,incisore,NOUN,S,Gender=Masc|Number=Sing,pittore,0.6369612216949463,YES
portatore,portatore,NOUN,S,Gender=Masc|Number=Sing,portatori,0.6167304515838623,NO
intendi,intendi,NOUN,S,Number=Plur,dici,0.7426695227622986,NO
astratto,astratto,NOUN,S,Gender=Masc|Number=Sing,astratta,0.7081655263900757,NO
appetito,appetito,NOUN,S,Gender=Masc|Number=Sing,umore,0.5430118441581726,YES
zip,zip,NOUN,S,,cerniera,0.5518458485603333,NO
scalinata,scalinata,NOUN,S,Gender=Fem|Number=Sing,rampa,0.6795278191566467,YES
gastronomia,gastronomia,NOUN,S,Gender=Fem|Number=Sing,enogastronomia,0.7823551297187805,NO
magnesio,magnesio,NOUN,S,Gender=Fem|Number=Sing,potassio,0.688334584236145,YES
salario,salario,NOUN,S,Gender=Masc|Number=Sing,salari,0.7036013007164001,NO
naturalista,naturalista,NOUN,S,Number=Sing,zoologo,0.6699726581573486,NO
commerciante,commerciante,NOUN,S,Number=Sing,negoziante,0.7214730381965637,NO
lame,lame,NOUN,S,Gender=Masc|Number=Sing,lama,0.6310953497886658,NO
congiunto,congiunto,NOUN,S,Gender=Masc|Number=Sing,congiunta,0.6428054571151733,NO
stagno,stagno,NOUN,S,Gender=Masc|Number=Sing,stagni,0.5473413467407227,NO
substrato,substrato,NOUN,S,Gender=Masc|Number=Sing,terriccio,0.5671452283859253,NO
frusta,frusta,NOUN,S,Gender=Fem|Number=Sing,fruste,0.7376705408096313,NO
disordine,disordine,NOUN,S,Gender=Masc|Number=Sing,caos,0.7150331735610962,YES
pallavolista,pallavolista,NOUN,S,Gender=Fem|Number=Sing,cestista,0.6617363691329956,YES
spread,spread,NOUN,S,Gender=Masc|Number=Plur,tassi,0.5168592929840088,NO
troll,troll,NOUN,SP,Gender=Masc,flame,0.5499664545059204,NO
pecora,pecora,NOUN,B,Gender=Fem|Number=Sing,capra,0.7242878675460815,NO
second,second,NOUN,V,,first,0.6392454504966736,NO
experience,experience,NOUN,S,Gender=Fem|Number=Plur,life,0.532484769821167,NO
boot,boot,NOUN,S,Gender=Masc|Number=Sing,kernel,0.6276187896728516,NO
zaino,zaino,NOUN,S,Gender=Masc|Number=Sing,zaini,0.7300788164138794,NO
parallelamente,parallelamente,NOUN,S,Number=Sing,parallelo,0.6388883590698242,NO
cameriera,cameriera,NOUN,S,Number=Sing,cameriere,0.7705033421516418,NO
remota,remota,NOUN,S,Gender=Fem|Number=Sing,remoto,0.6639975905418396,NO
discepolo,discepolo,NOUN,S,Gender=Masc|Number=Sing,maestro,0.6877849102020264,YES
campus,campus,NOUN,S,Gender=Masc,college,0.6595879197120667,YES
chiarimento,chiarimento,NOUN,S,Gender=Masc|Number=Sing,chiarimenti,0.7410804033279419,NO
office,office,NOUN,S,Gender=Masc|Number=Sing,desk,0.5169802904129028,NO
corrispettivo,corrispettivo,NOUN,S,Gender=Masc|Number=Sing,corrispettivi,0.6388676166534424,NO
sti,sti,NOUN,N,Gender=Masc|Number=Plur,ste,0.63558429479599,NO
ingiustizia,ingiustizia,NOUN,S,Gender=Fem|Number=Sing,ingiustizie,0.6869444251060486,NO
spreco,spreco,NOUN,S,Gender=Masc|Number=Sing,sprechi,0.6999812126159668,NO
rado,rado,NOUN,S,Gender=Masc|Number=Sing,raramente,0.8453773260116577,NO
around,around,NOUN,SP,,through,0.5964351892471313,NO
armeno,armeno,NOUN,S,Gender=Masc|Number=Sing,armeni,0.6579274535179138,NO
parliamone,parliamone,NOUN,V_PC_PC,Gender=Fem|Number=Sing,dimmela,0.48087623715400696,NO
cult,cult,NOUN,S,,telefilm,0.60014408826828,YES
premium,premium,NOUN,S,Gender=Masc|Number=Sing,pack,0.4655615985393524,NO
climatico,climatico,NOUN,S,Gender=Masc|Number=Sing,climatici,0.7013440132141113,NO
near,near,NOUN,S,Gender=Masc|Number=Sing,close,0.5789048671722412,NO
barista,barista,NOUN,S,Number=Sing,cameriere,0.6749573349952698,NO
oblio,oblio,NOUN,S,Gender=Masc|Number=Sing,dimenticatoio,0.608362078666687,NO
bob,bob,NOUN,S,Gender=Masc,slittino,0.5499599575996399,NO
glamour,glamour,NOUN,S,Gender=Fem|Number=Sing,chic,0.7469989061355591,NO
take,take,NOUN,S,,easy,0.5085518956184387,NO
astronave,astronave,NOUN,S,Gender=Fem|Number=Sing,navicella,0.7848995923995972,NO
c.,c.,NOUN,S,Gender=Fem|Number=Sing,d.,0.8091478943824768,NO
estinto,estinto,NOUN,S,Gender=Masc|Number=Sing,estinta,0.7144772410392761,NO
imballaggio,imballaggio,NOUN,S,Gender=Masc|Number=Sing,imballaggi,0.7270107269287109,NO
massoneria,massoneria,NOUN,S,Gender=Fem|Number=Sing,massonica,0.7480721473693848,NO
simbolica,simbolica,NOUN,S,Gender=Fem|Number=Sing,simbolico,0.6793605089187622,NO
powered,powered,NOUN,S,Gender=Fem,by,0.4725959002971649,NO
particella,particella,NOUN,S,Gender=Fem|Number=Sing,particelle,0.6977501511573792,NO
ottone,ottone,NOUN,S,Gender=Masc|Number=Sing,metallo,0.6711077690124512,YES
zolfo,zolfo,NOUN,S,Gender=Masc|Number=Sing,zinco,0.6027897000312805,NO
gasolio,gasolio,NOUN,S,Gender=Masc|Number=Sing,benzina,0.7741851210594177,YES
retroscena,retroscena,NOUN,S,Gender=Masc,segreti,0.5611663460731506,NO
indicativo,indicativo,NOUN,S,Gender=Masc|Number=Sing,indicativi,0.6318095326423645,NO
t.co,t.co,NOUN,PP,Gender=Masc|Number=Plur,twitter.com,0.548283040523529,NO
scout,scout,NOUN,S,Gender=Masc,boy,0.5509414672851562,NO
ingegno,ingegno,NOUN,S,Gender=Masc|Number=Sing,intelletto,0.5954391360282898,NO
etnico,etnico,NOUN,S,Gender=Masc|Number=Sing,etnici,0.691655695438385,NO
connubio,connubio,NOUN,S,Gender=Masc|Number=Sing,binomio,0.7415406107902527,NO
gelo,gelo,NOUN,S,Gender=Masc|Number=Sing,freddo,0.7297977805137634,NO
tuffo,tuffo,NOUN,A,Gender=Fem|Number=Plur,salto,0.5826035737991333,YES
ballottaggio,ballottaggio,NOUN,S,Gender=Masc|Number=Sing,televoto,0.5514287352561951,NO
cappotto,cappotto,NOUN,PI,Gender=Masc|Number=Sing,maglione,0.6726095676422119,NO
tamburo,tamburo,NOUN,S,Gender=Masc|Number=Sing,tamburi,0.722343921661377,NO
scenografo,scenografo,NOUN,S,Gender=Masc|Number=Sing,costumista,0.7203302383422852,NO
casta,casta,NOUN,S,Gender=Masc|Number=Sing,caste,0.6327639818191528,NO
antifascista,antifascista,NOUN,S,Number=Sing,antifascismo,0.76190584897995,NO
sea,sea,NOUN,V,Gender=Masc,beach,0.5652461051940918,YES
lettino,lettino,NOUN,S,Gender=Masc|Number=Sing,lettini,0.6492434144020081,NO
nube,nube,NOUN,S,Gender=Fem|Number=Sing,nuvola,0.7382146716117859,NO
marijuana,marijuana,NOUN,S,Gender=Fem,cannabis,0.8343997597694397,NO
compassione,compassione,NOUN,S,Gender=Fem|Number=Sing,pietà,0.7274614572525024,NO
stupro,stupro,NOUN,S,Gender=Masc,stupri,0.6626140475273132,NO
garden,garden,NOUN,S,Gender=Masc,terrace,0.602700412273407,NO
sottotetto,sottotetto,NOUN,S,Gender=Masc|Number=Sing,mansarda,0.694151759147644,NO
mutamento,mutamento,NOUN,S,Gender=Masc|Number=Sing,cambiamento,0.8322994709014893,YES
ideatore,ideatore,NOUN,S,Gender=Masc|Number=Sing,inventore,0.7209597229957581,YES
sigillo,sigillo,NOUN,S,Gender=Masc|Number=Sing,sigilli,0.6583272218704224,NO
widget,widget,NOUN,S,Gender=Masc,plugin,0.6134092211723328,YES
pittrice,pittrice,NOUN,S,Gender=Fem|Number=Sing,poetessa,0.7320329546928406,NO
acquedotto,acquedotto,NOUN,S,Gender=Masc|Number=Sing,acquedotti,0.7420125007629395,NO
assemblaggio,assemblaggio,NOUN,S,Gender=Masc|Number=Sing,montaggio,0.6524120569229126,YES
salma,salma,NOUN,S,Gender=Fem|Number=Plur,salme,0.6601979732513428,NO
storiografia,storiografia,NOUN,S,Gender=Fem|Number=Sing,letteratura,0.6774269342422485,YES
reattore,reattore,NOUN,S,Gender=Masc|Number=Sing,reattori,0.7867102026939392,NO
versa,versa,NOUN,A,Gender=Fem|Number=Sing,versano,0.7785429954528809,NO
rights,rights,NOUN,S,Gender=Masc|Number=Sing,reserved,0.571549117565155,NO
av,av,NOUN,S,Gender=Fem|Number=Sing,ro,0.5518071055412292,NO
traiettoria,traiettoria,NOUN,S,Gender=Fem|Number=Sing,traiettorie,0.7543495893478394,NO
vocabolario,vocabolario,NOUN,S,Gender=Masc|Number=Sing,lessico,0.8150441646575928,NO
forchetta,forchetta,NOUN,SP,Gender=Fem|Number=Sing,spatola,0.5987280011177063,NO
coltura,coltura,NOUN,S,Gender=Fem|Number=Sing,coltivazione,0.7078231573104858,NO
raggruppamento,raggruppamento,NOUN,S,Gender=Masc|Number=Sing,raggruppamenti,0.7086463570594788,NO
accurato,accurato,NOUN,S,Gender=Masc|Number=Sing,accurata,0.7084569334983826,NO
soppalco,soppalco,NOUN,S,Gender=Masc|Number=Sing,sottotetto,0.6554815769195557,YES
nord,nord,NOUN,S,Gender=Masc|Number=Sing,nord-orientale,0.9108854532241821,NO
terraferma,terraferma,NOUN,S,Gender=Fem|Number=Sing,laguna,0.6852166652679443,NO
propulsione,propulsione,NOUN,S,Gender=Fem|Number=Sing,propulsori,0.5938714742660522,NO
in.12,in.12,NOUN,S,Gender=Masc,in.14,0.884000301361084,NO
manodopera,manodopera,NOUN,S,Gender=Fem|Number=Sing,produttiva,0.48188531398773193,NO
grezzo,grezzo,NOUN,SP,Gender=Masc|Number=Sing,grezza,0.6661329865455627,NO
prematura,prematura,NOUN,S,Gender=Fem|Number=Sing,morte,0.6850073933601379,NO
provvisto,provvisto,NOUN,S,Gender=Masc|Number=Sing,dotato,0.8336138129234314,NO
affaccio,affaccio,NOUN,S,Gender=Masc|Number=Sing,affacciato,0.6671275496482849,NO
solzago,solzago,NOUN,S,Gender=Masc|Number=Sing,dimmelo,0.4003439247608185,YES
cubo,cubo,NOUN,S,Gender=Masc|Number=Sing,quadrato,0.7101556658744812,NO
contrassegno,contrassegno,NOUN,S,Gender=Masc|Number=Sing,pagamento,0.4976557493209839,YES
solco,solco,NOUN,S,Gender=Masc|Number=Sing,solchi,0.5732948780059814,NO
illustratore,illustratore,NOUN,S,Gender=Masc|Number=Sing,disegnatore,0.7772899270057678,YES
approdo,approdo,NOUN,S,Gender=Masc|Number=Sing,approdare,0.6150246858596802,NO
epilogo,epilogo,NOUN,S,Gender=Masc|Number=Sing,tragico,0.6392306685447693,NO
erotico,erotico,NOUN,S,Gender=Masc|Number=Sing,erotismo,0.7414775490760803,NO
scanner,scanner,NOUN,S,Gender=Masc,scansione,0.5755757689476013,YES
lastra,lastra,NOUN,S,Gender=Fem|Number=Sing,lastre,0.7372118830680847,NO
wikipediani,wikipediani,NOUN,S,,contributori,0.6433197855949402,NO
cod,cod,NOUN,B,Gender=Masc,rif,0.5174081325531006,NO
agnello,agnello,NOUN,S,Gender=Masc|Number=Sing,vitello,0.6503428220748901,NO
veterinario,veterinario,NOUN,S,Gender=Masc|Number=Sing,veterinaria,0.7306511402130127,NO
jet,jet,NOUN,S,Gender=Masc,aereo,0.5654883980751038,NO
stallo,stallo,NOUN,S,Gender=Masc|Number=Sing,situazione,0.524314284324646,NO
predetto,predetto,NOUN,S,Gender=Masc|Number=Sing,suddetto,0.7363197207450867,NO
bambola,bambola,NOUN,S,Gender=Masc|Number=Sing,bambole,0.7338194847106934,NO
anarchico,anarchico,NOUN,S,Gender=Masc|Number=Sing,anarchica,0.6747449636459351,NO
mezz,mezz,NOUN,A,,mezz',0.8164193630218506,YES
mistico,mistico,NOUN,S,Gender=Masc|Number=Sing,misticismo,0.7090383172035217,NO
discussion,discussion,NOUN,S,,thread,0.44974786043167114,YES
indizio,indizio,NOUN,S,Gender=Masc|Number=Sing,indizi,0.6941863894462585,NO
sex,sex,NOUN,B,Gender=Masc,hard,0.5615228414535522,NO
casual,casual,NOUN,V,Gender=Fem|Number=Plur,chic,0.5898945331573486,NO
spugna,spugna,NOUN,S,Gender=Fem|Number=Sing,microfibra,0.5853461623191833,NO
indennizzo,indennizzo,NOUN,S,Gender=Masc|Number=Sing,risarcimento,0.790033757686615,YES
access,access,NOUN,V,Gender=Masc,open,0.5298803448677063,YES
pattinaggio,pattinaggio,NOUN,S,Gender=Masc|Number=Sing,hockey,0.6037211418151855,YES
company,company,NOUN,S,Gender=Fem|Number=Sing,production,0.5323336124420166,NO
alce,alce,NOUN,S,Gender=Masc|Number=Sing,mascarato2,0.47446081042289734,NO
conteggio,conteggio,NOUN,S,Gender=Masc|Number=Sing,computo,0.6945385932922363,NO
recessione,recessione,NOUN,S,Gender=Fem|Number=Sing,crisi,0.7419330477714539,YES
apprendistato,apprendistato,NOUN,S,Gender=Masc|Number=Sing,apprendista,0.6458058953285217,NO
intolleranza,intolleranza,NOUN,S,Gender=Fem|Number=Sing,allergia,0.6616295576095581,NO
ten,ten,NOUN,S,,five,0.5909282565116882,NO
ing,ing,NOUN,S,,ingegner,0.7192903161048889,NO
spazia,spazia,NOUN,S,Gender=Fem|Number=Sing,spaziano,0.7984625101089478,NO
scartamento,scartamento,NOUN,S,Gender=Masc|Number=Sing,metrico,0.4126614034175873,NO
squalo,squalo,NOUN,S,Gender=Masc|Number=Sing,squali,0.6664047837257385,NO
generosa,generosa,NOUN,S,Gender=Fem|Number=Sing,generoso,0.7016260027885437,NO
matto,matto,NOUN,S,Gender=Masc|Number=Sing,pazzo,0.7305977940559387,NO
farmacista,farmacista,NOUN,S,Number=Sing,medico,0.6701435446739197,YES
siero,siero,NOUN,S,Gender=Masc|Number=Sing,vaccino,0.5479108095169067,NO
sottosuolo,sottosuolo,NOUN,S,Gender=Masc|Number=Sing,sotterraneo,0.670884370803833,NO
storage,storage,NOUN,S,Gender=Masc,cloud,0.6467610597610474,YES
montuosa,montuosa,NOUN,S,Gender=Fem|Number=Sing,montuoso,0.7026260495185852,NO
a.a,a.a,NOUN,SW,,accademico,0.4373193085193634,NO
product,product,NOUN,S,Gender=Fem|Number=Plur,products,0.5526584386825562,NO
immissione,immissione,NOUN,S,Gender=Fem|Number=Sing,immettere,0.6691092252731323,NO
sintetizzatore,sintetizzatore,NOUN,S,Gender=Masc|Number=Sing,sintetizzatori,0.6683329343795776,NO
spionaggio,spionaggio,NOUN,S,Gender=Masc|Number=Sing,intelligence,0.5975699424743652,YES
basamento,basamento,NOUN,S,Gender=Masc|Number=Sing,piedistallo,0.6678369641304016,NO
assortimento,assortimento,NOUN,S,Gender=Masc|Number=Sing,vastissimo,0.5828046202659607,NO
morfologia,morfologia,NOUN,S,Gender=Fem|Number=Sing,morfologiche,0.6566619277000427,NO
pillola,pillola,NOUN,S,Gender=Fem|Number=Sing,pillole,0.6451063752174377,NO
tutor,tutor,NOUN,S,Gender=Fem|Number=Plur,docenti,0.573387086391449,NO
offensive,offensive,NOUN,SP,Gender=Fem|Number=Plur,difensive,0.6684605479240417,NO
suocera,suocera,NOUN,S,Gender=Fem|Number=Sing,nuora,0.795441746711731,NO
promontorio,promontorio,NOUN,S,Gender=Masc|Number=Sing,scogliera,0.6086349487304688,NO
dislivello,dislivello,NOUN,S,Gender=Masc|Number=Sing,pendenza,0.5489027500152588,NO
artificio,artificio,NOUN,S,Gender=Masc|Number=Sing,espediente,0.5410300493240356,NO
sudore,sudore,NOUN,S,Gender=Masc|Number=Sing,sangue,0.5613608360290527,YES
parentela,parentela,NOUN,S,Gender=Fem|Number=Sing,affinità,0.6209320425987244,NO
speaker,speaker,NOUN,S,,altoparlanti,0.5966212153434753,NO
dr,dr,NOUN,PC,,dott.,0.5826629996299744,YES
stucco,stucco,NOUN,S,Gender=Masc|Number=Sing,stucchi,0.6162713170051575,NO
collisione,collisione,NOUN,S,Gender=Fem|Number=Sing,collisioni,0.6242310404777527,NO
organista,organista,NOUN,A,Number=Sing,musicista,0.6309618353843689,YES
postumo,postumo,NOUN,S,Gender=Masc|Number=Sing,postuma,0.6639097929000854,NO
ripropone,ripropone,NOUN,S,Gender=Fem|Number=Sing,propone,0.7174997925758362,NO
congiura,congiura,NOUN,S,Gender=Fem|Number=Sing,cospirazione,0.6841365694999695,NO
linfa,linfa,NOUN,S,Gender=Fem|Number=Sing,vitale,0.5961219668388367,NO
psicoterapia,psicoterapia,NOUN,S,Gender=Fem|Number=Sing,psicoanalisi,0.6975095868110657,NO
conoscete,conoscete,NOUN,S,Gender=Fem|Number=Sing,sapete,0.7658689618110657,NO
mandata,mandata,NOUN,S,Gender=Fem|Number=Sing,mandate,0.6639816761016846,NO
clone,clone,NOUN,S,Gender=Fem|Number=Sing,cloni,0.6734999418258667,NO
size,size,NOUN,S,Gender=Masc|Number=Sing,queen,0.4632011651992798,NO
opportuna,opportuna,NOUN,S,Gender=Fem|Number=Sing,appropriata,0.7027938961982727,NO
nord,nord,NOUN,S,Gender=Masc|Number=Sing,nord-occidentale,0.9108853340148926,YES
editing,editing,NOUN,S,Gender=Masc,editor,0.6355710625648499,YES
trascina,trascina,NOUN,S,Gender=Fem|Number=Sing,trascinando,0.7111722230911255,NO
amara,amara,NOUN,S,Gender=Fem|Number=Sing,amaro,0.6713057160377502,NO
terminologia,terminologia,NOUN,S,Gender=Fem|Number=Sing,nomenclatura,0.668251633644104,NO
tatto,tatto,NOUN,S,Gender=Masc|Number=Sing,tattile,0.6198376417160034,NO
ereditario,ereditario,NOUN,S,Gender=Masc|Number=Sing,ereditaria,0.6606826186180115,NO
level,level,NOUN,S,Gender=Fem|Number=Sing,entry,0.5594074726104736,YES
yourself,yourself,NOUN,S,,you,0.5209164023399353,NO
capitelli,capitelli,NOUN,SP,Gender=Masc|Number=Plur,capitello,0.6783079504966736,NO
search,search,NOUN,S,Gender=Masc,google,0.5301304459571838,NO
cfr,cfr,NOUN,S,Gender=Masc,cfr,0.7577601671218872,YES
capocannoniere,capocannoniere,NOUN,V,Gender=Masc|Number=Sing,gol,0.5860488414764404,YES
traghetto,traghetto,NOUN,S,Gender=Masc|Number=Sing,traghetti,0.7460208535194397,NO
sfiducia,sfiducia,NOUN,S,Gender=Fem|Number=Sing,diffidenza,0.657455325126648,NO
anagrafe,anagrafe,NOUN,S,Gender=Fem|Number=Sing,anagrafica,0.6075417995452881,NO
veduta,veduta,NOUN,S,Gender=Fem|Number=Sing,ragion,0.5694901347160339,NO
ipotizza,ipotizza,NOUN,S,Gender=Fem|Number=Sing,ipotizzano,0.7973886728286743,NO
sandbox,sandbox,NOUN,S,Gender=Fem|Number=Sing,sottopagina,0.5783737897872925,NO
attraversamento,attraversamento,NOUN,S,Gender=Masc|Number=Sing,passaggio,0.647071897983551,YES
ballata,ballata,NOUN,S,Gender=Fem|Number=Sing,canzone,0.6675409078598022,YES
contatore,contatore,NOUN,S,Gender=Masc|Number=Sing,contatori,0.7102684378623962,NO
scie,scie,NOUN,S,Gender=Fem,nubi,0.5732831358909607,NO
menzogna,menzogna,NOUN,S,Gender=Fem|Number=Sing,bugia,0.7731541991233826,NO
risanamento,risanamento,NOUN,S,Gender=Masc|Number=Sing,consolidamento,0.6191571354866028,YES
torace,torace,NOUN,S,Gender=Masc|Number=Sing,addome,0.7902480363845825,NO
sorteggio,sorteggio,NOUN,S,Gender=Masc|Number=Sing,torneo,0.5050309896469116,NO
raso,raso,NOUN,S,Gender=Masc|Number=Sing,tulle,0.56626296043396,NO
problem,problem,NOUN,S,Gender=Fem|Number=Plur,solving,0.5711963772773743,NO
soffitta,soffitta,NOUN,S,Gender=Fem|Number=Sing,sottotetto,0.6319035887718201,YES
giuro,giuro,NOUN,S,Gender=Masc|Number=Sing,dico,0.7285518646240234,NO
flashback,flashback,NOUN,SW,Gender=Masc,dialoghi,0.5314226150512695,NO
carisma,carisma,NOUN,S,Gender=Masc|Number=Sing,carismatico,0.7210988402366638,NO
procinto,procinto,NOUN,S,Gender=Masc|Number=Sing,appresta,0.5565192699432373,NO
asino,asino,NOUN,S,Gender=Masc|Number=Sing,asini,0.6394683122634888,NO
passerella,passerella,NOUN,S,Gender=Fem|Number=Sing,passerelle,0.7726727724075317,NO
suppone,suppone,NOUN,S,Gender=Fem|Number=Sing,presume,0.8486965298652649,NO
sciolta,sciolta,NOUN,S,Gender=Fem|Number=Sing,sciolto,0.7372750043869019,NO
ventennio,ventennio,NOUN,S,Gender=Masc|Number=Sing,trentennio,0.8361939787864685,NO
accampamento,accampamento,NOUN,B,Gender=Masc|Number=Sing,accampamenti,0.7288268208503723,NO
spogliatoio,spogliatoio,NOUN,S,Gender=Masc|Number=Sing,spogliatoi,0.6686989665031433,NO
bathroom,bathroom,NOUN,S,Gender=Masc|Number=Plur,bedroom,0.6896214485168457,NO
sparo,sparo,NOUN,S,Gender=Masc|Number=Sing,spari,0.623516857624054,NO
pagg,pagg,NOUN,S,Gender=Fem|Number=Plur,pp.,0.8359700441360474,YES
avorio,avorio,NOUN,A,Gender=Masc|Number=Sing,oro,0.5668122172355652,YES
sublime,sublime,NOUN,PD,Number=Sing,insuperabile,0.649186909198761,NO
park,park,NOUN,S,,parking,0.4938836693763733,NO
allineamento,allineamento,NOUN,S,Gender=Masc|Number=Sing,orientamento,0.6016186475753784,YES
sketch,sketch,NOUN,S,Gender=Masc|Number=Plur,show,0.5536600947380066,NO
wrestling,wrestling,NOUN,S,Gender=Masc,wrestler,0.7270036935806274,NO
gemello,gemello,NOUN,S,Gender=Masc|Number=Sing,fratello,0.6671002507209778,YES
installa,installa,NOUN,S,Gender=Fem|Number=Sing,installare,0.6679267883300781,NO
sud,sud,NOUN,A,Gender=Masc|Number=Sing,sud-occidentale,0.8893496990203857,NO
vicolo,vicolo,NOUN,S,Gender=Masc|Number=Sing,vicoli,0.5938807725906372,NO
ipertensione,ipertensione,NOUN,S,Gender=Fem|Number=Sing,obesità,0.616339921951294,NO
esplora,esplora,NOUN,S,Gender=Fem|Number=Sing,esplorando,0.7019246220588684,NO
digestione,digestione,NOUN,S,Gender=Fem|Number=Sing,digestivo,0.6166222095489502,NO
vagina,vagina,NOUN,S,Gender=Fem|Number=Sing,vaginale,0.6508073806762695,NO
spicchio,spicchio,NOUN,S,Gender=Masc|Number=Sing,spicchi,0.6234614849090576,NO
videogame,videogame,NOUN,S,Gender=Masc|Number=Sing,videogiochi,0.8562967777252197,NO
marinaio,marinaio,NOUN,S,Gender=Masc|Number=Sing,marinai,0.6715307831764221,YES
sviluppatore,sviluppatore,NOUN,S,Gender=Masc|Number=Sing,programmatore,0.6919413208961487,NO
battito,battito,NOUN,S,Gender=Masc|Number=Sing,battiti,0.7486554384231567,NO
semina,semina,NOUN,S,Gender=Fem|Number=Sing,seminare,0.7374259233474731,NO
riscossione,riscossione,NOUN,S,Gender=Fem|Number=Sing,tributi,0.5706761479377747,NO
manette,manette,NOUN,S,Gender=Fem|Number=Sing,arrestati,0.5103119015693665,NO
palazzetto,palazzetto,NOUN,S,Gender=Masc|Number=Sing,stadio,0.5617772936820984,YES
water,water,NOUN,S,,lavandino,0.5436559319496155,NO
rue,rue,NOUN,V_PC,Gender=Fem|Number=Sing,parigino,0.44306325912475586,NO
sterile,sterile,NOUN,S,Number=Sing,sterili,0.6525685787200928,NO
frumento,frumento,NOUN,S,Gender=Masc|Number=Sing,grano,0.8449496626853943,NO
mitragliatrice,mitragliatrice,NOUN,S,Gender=Masc|Number=Sing,mitragliatrici,0.7672026753425598,NO
mediatore,mediatore,NOUN,S,Gender=Masc|Number=Sing,intermediario,0.7034996747970581,NO
senese,senese,NOUN,S,Gender=Masc|Number=Sing,fiorentino,0.7119809985160828,YES
rogo,rogo,NOUN,S,Gender=Masc|Number=Sing,incendio,0.6183218359947205,YES
faraone,faraone,NOUN,S,Gender=Fem|Number=Sing,egizio,0.6590229272842407,NO
presuppone,presuppone,NOUN,S,Gender=Fem|Number=Sing,implica,0.7934185862541199,NO
pallanuoto,pallanuoto,NOUN,S,Gender=Fem,pallavolo,0.6669410467147827,NO
migliaio,migliaio,NOUN,S,Gender=Masc|Number=Sing,centinaio,0.8847836256027222,YES
alimentatore,alimentatore,NOUN,S,Gender=Masc|Number=Sing,trasformatore,0.6330793499946594,NO
manubrio,manubrio,NOUN,S,Gender=Masc|Number=Sing,sella,0.5756911039352417,YES
intermediario,intermediario,NOUN,S,Gender=Masc|Number=Sing,mediatore,0.7034996151924133,YES
estone,estone,NOUN,S,Gender=Fem|Number=Sing,finlandese,0.5685133934020996,NO
liquore,liquore,NOUN,S,Gender=Masc|Number=Sing,liquori,0.6712851524353027,NO
cluster,cluster,NOUN,S,Gender=Masc,server,0.513552725315094,NO
sasso,sasso,NOUN,S,Gender=Masc|Number=Sing,sassi,0.6308495998382568,NO
natalizia,natalizia,NOUN,S,Gender=Fem|Number=Sing,natalizio,0.702163577079773,YES
reticolo,reticolo,NOUN,S,Gender=Masc|Number=Sing,geometrico,0.5414999127388,NO
ritornello,ritornello,NOUN,S,Gender=Masc|Number=Sing,brano,0.6900510787963867,NO
disaccordo,disaccordo,NOUN,S,Gender=Masc|Number=Sing,accordo,0.6345701813697815,YES
gomito,gomito,NOUN,S,Gender=Masc|Number=Sing,braccio,0.5928297638893127,YES
copione,copione,NOUN,S,Gender=Fem|Number=Sing,canovaccio,0.6068712472915649,NO
assemblee,assemblee,NOUN,S,Gender=Masc|Number=Plur,riunioni,0.7354375123977661,NO
m.,m.,NOUN,S,,m,0.7006353735923767,YES
erosione,erosione,NOUN,S,Gender=Fem|Number=Sing,corrosione,0.5798632502555847,NO
programmatore,programmatore,NOUN,S,Gender=Masc|Number=Sing,sviluppatore,0.6919412612915039,YES
cottage,cottage,NOUN,S,Gender=Masc,chalet,0.6236499547958374,NO
collaudo,collaudo,NOUN,S,Gender=Masc|Number=Sing,assemblaggio,0.5640318393707275,YES
clarinetto,clarinetto,NOUN,S,Gender=Masc|Number=Sing,flauto,0.7605639100074768,NO
presepe,presepe,NOUN,S,Gender=Masc|Number=Sing,presepi,0.7630746364593506,NO
address,address,NOUN,S,Gender=Fem,indirizzo,0.46178966760635376,YES
return,return,NOUN,S,Gender=Masc|Number=Sing,function,0.4971185624599457,NO
mento,mento,NOUN,S,Gender=Masc|Number=Sing,petto,0.5478847026824951,YES
arrangiamento,arrangiamento,NOUN,S,Gender=Masc|Number=Sing,arrangiamenti,0.7417510747909546,NO
uranio,uranio,NOUN,S,Gender=Masc|Number=Sing,radioattivo,0.6172773838043213,NO
disfatta,disfatta,NOUN,S,Gender=Fem|Number=Sing,sconfitta,0.7493153810501099,YES
sbarramento,sbarramento,NOUN,S,Gender=Masc|Number=Sing,diga,0.4653542637825012,NO
traditore,traditore,NOUN,S,Gender=Masc|Number=Sing,traditori,0.6459462642669678,NO
traino,traino,NOUN,S,Gender=Masc|Number=Sing,trainato,0.6294457912445068,NO
consueta,consueta,NOUN,S,Gender=Fem|Number=Sing,solita,0.7583233714103699,NO
mailing,mailing,NOUN,S,Gender=Masc,newsletter,0.569244384765625,YES
margin,margin,NOUN,S,Gender=Fem|Number=Plur,3px,0.5154416561126709,NO
abbassamento,abbassamento,NOUN,S,Gender=Masc|Number=Sing,innalzamento,0.8823106288909912,NO
pedofilia,pedofilia,NOUN,S,Gender=Fem|Number=Sing,pedofili,0.6945126056671143,NO
lettone,lettone,NOUN,S,Gender=Fem|Number=Sing,estone,0.5602129101753235,YES
buca,buca,NOUN,S,Gender=Fem|Number=Sing,buche,0.611693263053894,NO
flop,flop,NOUN,S,Gender=Masc,insuccesso,0.5921778678894043,NO
solid,solid,NOUN,S,Gender=Fem|Number=Sing,2px,0.47565415501594543,NO
frode,frode,NOUN,S,Gender=Fem|Number=Sing,truffa,0.709342360496521,YES
these,these,NOUN,A,Number=Sing,those,0.6731488704681396,NO
carrozza,carrozza,NOUN,S,Gender=Fem|Number=Sing,carrozze,0.6999456882476807,NO
gergo,gergo,NOUN,S,Gender=Masc|Number=Sing,impropriamente,0.5635920166969299,NO
inerzia,inerzia,NOUN,S,Gender=Fem|Number=Sing,indifferenza,0.5519711971282959,NO
abitante,abitante,NOUN,S,Number=Sing,residente,0.6520495414733887,NO
fair,fair,NOUN,S,,play,0.490079790353775,NO
credete,credete,NOUN,S,Gender=Fem|Number=Sing,pensate,0.7701479196548462,NO
ceto,ceto,NOUN,S,Gender=Masc|Number=Sing,ceti,0.6581140160560608,NO
gap,gap,NOUN,SW,,divario,0.7834551930427551,NO
divario,divario,NOUN,S,Gender=Masc|Number=Sing,gap,0.7834552526473999,YES
arroganza,arroganza,NOUN,S,Gender=Fem|Number=Sing,ipocrisia,0.7086134552955627,NO
ergastolo,ergastolo,NOUN,S,Gender=Masc|Number=Sing,carcere,0.5962629318237305,YES
it,it,NOUN,S,Gender=Fem|Number=Sing,just,0.6259910464286804,NO
capolista,capolista,NOUN,S,Gender=Fem,compagine,0.4951017498970032,NO
brividi,brividi,NOUN,S,Gender=Masc|Number=Plur,brivido,0.708990216255188,NO
carissima,carissima,NOUN,S,Gender=Fem|Number=Sing,cara,0.8818597197532654,NO
filologo,filologo,NOUN,S,Gender=Masc|Number=Sing,teologo,0.6641861200332642,YES
palude,palude,NOUN,S,Gender=Fem|Number=Sing,paludi,0.6709582209587097,NO
malessere,malessere,NOUN,S,Gender=Masc|Number=Sing,disagio,0.7716044783592224,YES
tastierista,tastierista,NOUN,S,Number=Sing,chitarrista,0.8218731880187988,YES
fratellastro,fratellastro,NOUN,S,Gender=Masc|Number=Sing,fratello,0.8071465492248535,YES
bilanciamento,bilanciamento,NOUN,S,Gender=Masc|Number=Sing,bilanciare,0.6316133737564087,NO
teschio,teschio,NOUN,S,Gender=Masc|Number=Sing,cranio,0.5779756903648376,YES
firewall,firewall,NOUN,S,Gender=Masc|Number=Sing,antivirus,0.6795246601104736,NO
running,running,NOUN,S,Gender=Masc,runner,0.613231360912323,NO
wc,wc,NOUN,S,Gender=Masc,lavandino,0.43149542808532715,NO
innalzamento,innalzamento,NOUN,S,Gender=Masc|Number=Sing,abbassamento,0.8823105692863464,YES
temporanee,temporanee,NOUN,S,Gender=Fem|Number=Plur,provvisorie,0.6845031380653381,NO
nuotatore,nuotatore,NOUN,S,Gender=Masc|Number=Sing,nuotatrice,0.6801573634147644,NO
alfa,alfa,NOUN,S,Gender=Masc|Number=Plur,alpha,0.6071676015853882,YES
boh,boh,NOUN,S,Gender=Masc|Number=Sing,mah,0.8239566087722778,NO
appresta,appresta,NOUN,S,Number=Sing,prepara,0.6865245699882507,NO
schermidore,schermidore,NOUN,S,Gender=Masc|Number=Sing,pallanuotista,0.6312857270240784,NO
building,building,NOUN,S,Gender=Masc,development,0.48849305510520935,NO
presentatore,presentatore,NOUN,S,Gender=Masc|Number=Sing,presentatrice,0.6513776779174805,NO
casting,casting,NOUN,S,Gender=Masc,provini,0.6590926647186279,NO
fitto,fitto,NOUN,V,Gender=Masc|Number=Sing,fitta,0.6353955268859863,NO
macedone,macedone,NOUN,S,Gender=Fem|Number=Sing,albanese,0.6453598141670227,NO
piantine,piantine,NOUN,S,Gender=Fem,piantina,0.7487301826477051,NO
tosse,tosse,NOUN,S,Gender=Fem|Number=Sing,raffreddore,0.6400375366210938,NO
scoglio,scoglio,NOUN,S,Gender=Masc|Number=Sing,scogli,0.7272140979766846,NO
abisso,abisso,NOUN,S,Gender=Masc|Number=Sing,baratro,0.6768476963043213,NO
falde,falde,NOUN,V,Gender=Masc|Number=Sing,falda,0.6821265816688538,NO
manufatto,manufatto,NOUN,S,Gender=Masc|Number=Sing,manufatti,0.6812222599983215,NO
sopravvento,sopravvento,NOUN,S,Gender=Masc|Number=Sing,prevalere,0.5547632575035095,NO
sorpasso,sorpasso,NOUN,S,Gender=Masc|Number=Sing,rimonta,0.5387834906578064,NO
godimento,godimento,NOUN,S,Gender=Masc|Number=Sing,soddisfacimento,0.5860397219657898,NO
pescatore,pescatore,NOUN,S,Gender=Masc|Number=Sing,pescatori,0.6800936460494995,NO
antiossidanti,antiossidanti,NOUN,S,,antiossidante,0.7894104719161987,NO
read,read,NOUN,S,Gender=Fem|Number=Plur,write,0.5757808685302734,NO
part,part,NOUN,S,Number=Sing,indeterminato,0.5575746297836304,NO
screening,screening,NOUN,S,Gender=Masc,test,0.575594425201416,YES
peggioramento,peggioramento,NOUN,S,Gender=Masc|Number=Sing,miglioramento,0.7417987585067749,YES
militanza,militanza,NOUN,S,Gender=Fem|Number=Sing,militante,0.6584988832473755,NO
provino,provino,NOUN,S,Gender=Masc|Number=Sing,provini,0.7496954798698425,NO
fidanzamento,fidanzamento,NOUN,S,Gender=Masc|Number=Sing,matrimonio,0.7226153016090393,YES
aldilà,aldilà,NOUN,V,Gender=Fem|Number=Plur,eternità,0.5098913908004761,NO
gallo,gallo,NOUN,S,Gender=Masc|Number=Sing,uccello,0.5824974179267883,YES
minuscolo,minuscolo,NOUN,S,Gender=Masc|Number=Sing,piccolissimo,0.7343940138816833,NO
fiocco,fiocco,NOUN,S,Gender=Masc|Number=Sing,fiocchi,0.6807007789611816,NO
assenso,assenso,NOUN,S,Gender=Masc|Number=Sing,consenso,0.6413939595222473,YES
diagramma,diagramma,NOUN,S,Gender=Masc|Number=Sing,diagrammi,0.7487986087799072,NO
casello,casello,NOUN,S,Gender=Masc|Number=Sing,autostrada,0.6570378541946411,YES
security,security,NOUN,S,Gender=Masc|Number=Sing,safety,0.5794323086738586,NO
found,found,NOUN,S,Gender=Fem,lost,0.5332036018371582,NO
play,play,NOUN,S,Gender=Masc,play-off,0.7324289083480835,YES
blitz,blitz,NOUN,S,Gender=Masc,assalto,0.5393502712249756,YES
diniego,diniego,NOUN,S,Gender=Masc|Number=Sing,rifiuto,0.5842971801757812,NO
p.,p.,NOUN,S,,c.,0.6470938324928284,YES
molo,molo,NOUN,V_PC,Gender=Masc|Number=Sing,porticciolo,0.7332846522331238,NO
salsiccia,salsiccia,NOUN,S,Gender=Fem|Number=Sing,salsicce,0.7476264834403992,NO
lun,lun,NOUN,S,Gender=Masc,sab,0.8759649991989136,NO
apprendista,apprendista,NOUN,S,Number=Sing,apprendistato,0.6458058953285217,YES
elastica,elastica,NOUN,S,Gender=Fem|Number=Sing,elastico,0.6954766511917114,NO
disgrazia,disgrazia,NOUN,S,Gender=Fem|Number=Sing,sfortuna,0.665006160736084,NO
galla,galla,NOUN,S,Gender=Fem|Number=Sing,auge,0.4707336723804474,NO
reserved,reserved,NOUN,S,Gender=Masc|Number=Sing,rights,0.571549117565155,YES
spoiler,spoiler,NOUN,S,Gender=Fem|Number=Sing,prequel,0.4734230041503906,NO
number,number,NOUN,SP,Gender=Masc,two,0.5542407035827637,NO
canapa,canapa,NOUN,S,Gender=Masc|Number=Sing,cannabis,0.6566765904426575,NO
farebbero,farebbero,NOUN,S,Gender=Masc|Number=Sing,farebbe,0.8437339663505554,NO
investigatore,investigatore,NOUN,S,Gender=Masc|Number=Sing,detective,0.7776585221290588,NO
task,task,NOUN,S,Gender=Masc|Number=Sing,process,0.5186359882354736,NO
cronista,cronista,NOUN,A,Number=Sing,giornalista,0.7847495079040527,YES
collection,collection,NOUN,S,,collezione,0.5882424116134644,NO
onesta,onesta,NOUN,A,Number=Sing,sincera,0.6973287463188171,NO
eresia,eresia,NOUN,S,Gender=Fem|Number=Sing,eretico,0.6209608912467957,NO
lamina,lamina,NOUN,S,Gender=Fem|Number=Sing,lamine,0.6877167820930481,NO
sud,sud,NOUN,S,Gender=Masc|Number=Sing,nord-occidentale,0.8997252583503723,YES
cartina,cartina,NOUN,S,Gender=Fem|Number=Sing,cartine,0.7327420115470886,NO
postura,postura,NOUN,S,Gender=Fem|Number=Sing,muscolatura,0.5697771906852722,NO
ristoro,ristoro,NOUN,S,Gender=Masc|Number=Sing,rifugio,0.5037729144096375,YES
facoltativo,facoltativo,NOUN,S,Gender=Masc|Number=Sing,obbligatorio,0.6787516474723816,NO
apprezzo,apprezzo,NOUN,S,Gender=Masc|Number=Sing,ammiro,0.6997385621070862,NO
vitello,vitello,NOUN,S,Gender=Masc|Number=Sing,manzo,0.6531044244766235,NO
such,such,NOUN,S,Gender=Masc,great,0.5621175765991211,NO
empatia,empatia,NOUN,S,Gender=Fem|Number=Sing,compassione,0.6649768948554993,YES
chiesta,chiesta,NOUN,S,Gender=Fem|Number=Sing,chiesto,0.6624165773391724,NO
type,type,NOUN,S,Gender=Masc|Number=Sing,description,0.45728909969329834,NO
nylon,nylon,NOUN,PE,Gender=Masc|Number=Sing,poliestere,0.7079486846923828,NO
verdetto,verdetto,NOUN,S,Gender=Masc|Number=Sing,responso,0.7104411721229553,NO
muffin,muffin,NOUN,S,Gender=Fem|Number=Plur,biscotti,0.7569374442100525,NO
configura,configura,NOUN,S,Gender=Fem|Number=Sing,costituisce,0.6456687450408936,NO
mission,mission,NOUN,S,,missione,0.6277428269386292,YES
avvistamento,avvistamento,NOUN,S,Gender=Masc|Number=Sing,avvistamenti,0.6927764415740967,NO
astronauta,astronauta,NOUN,S,Gender=Fem|Number=Sing,astronauti,0.7126761674880981,NO
scorretto,scorretto,NOUN,S,Gender=Masc|Number=Sing,corretto,0.727914035320282,NO
ragion,ragion,NOUN,SP,,ragione,0.6020796298980713,YES
avviò,avviò,NOUN,S,,aprì,0.7994062900543213,NO
prescelto,prescelto,NOUN,S,Gender=Masc|Number=Sing,scelto,0.6475683450698853,NO
laghetto,laghetto,NOUN,S,Gender=Masc|Number=Sing,laghetti,0.6909400224685669,NO
spasso,spasso,NOUN,S,Gender=Masc|Number=Sing,passeggio,0.5755107998847961,NO
egemonia,egemonia,NOUN,S,Gender=Fem|Number=Sing,supremazia,0.6836845874786377,NO
pellet,pellet,NOUN,S,Gender=Masc,legna,0.6139281392097473,YES
cron,cron,NOUN,S,Gender=Fem|Number=Sing,agg,0.36785954236984253,NO
cardine,cardine,NOUN,S,Gender=Fem|Number=Sing,cardini,0.7061997652053833,NO
precursore,precursore,NOUN,S,Gender=Masc|Number=Sing,precursori,0.6750593781471252,NO
fragranza,fragranza,NOUN,S,Gender=Fem|Number=Sing,profumazione,0.7475331425666809,NO
mc,mc,NOUN,S,Gender=Masc|Number=Sing,m3,0.6666467785835266,NO
inteira,inteira,NOUN,A,Gender=Fem|Number=Sing,apto.,0.7949304580688477,NO
batterio,batterio,NOUN,S,Gender=Masc|Number=Sing,batteri,0.6693630814552307,NO
perdo,perdo,NOUN,S,Gender=Masc|Number=Sing,prendo,0.6254561543464661,NO
rallentamento,rallentamento,NOUN,S,Gender=Masc|Number=Sing,rallentato,0.6979641914367676,NO
avvertimento,avvertimento,NOUN,S,Gender=Masc|Number=Sing,avvertimenti,0.6563708186149597,NO
etc.,etc.,NOUN,S,Gender=Masc|Number=Sing,ecc.,0.9144377708435059,NO
elettore,elettore,NOUN,S,Gender=Masc|Number=Sing,elettorato,0.7022348642349243,NO
scomodo,scomodo,NOUN,S,Gender=Masc|Number=Sing,scomoda,0.738064706325531,NO
tabù,tabù,NOUN,S,Gender=Masc,pregiudizi,0.5222061276435852,NO
botto,botto,NOUN,S,Gender=Masc|Number=Sing,colpo,0.48938101530075073,YES
front,front,NOUN,S,Gender=Fem|Number=Plur,middle,0.5384524464607239,NO
platform,platform,NOUN,V,Gender=Fem|Number=Sing,arcade,0.5741313099861145,NO
apps,apps,NOUN,S,Gender=Masc|Number=Sing,app,0.5562875866889954,YES
legione,legione,NOUN,S,Gender=Fem|Number=Sing,legioni,0.6944331526756287,NO
puzza,puzza,NOUN,S,Gender=Fem|Number=Sing,odore,0.6761316657066345,YES
miriade,miriade,NOUN,A,Gender=Fem|Number=Plur,moltitudine,0.7469362616539001,NO
bellica,bellica,NOUN,S,Gender=Fem|Number=Sing,belliche,0.624363362789154,NO
cannabis,cannabis,NOUN,S,Gender=Fem|Number=Plur,marijuana,0.8343998193740845,YES
naufragio,naufragio,NOUN,S,Gender=Masc|Number=Sing,affondamento,0.6007508635520935,NO
alone,alone,NOUN,S,Gender=Fem|Number=Sing,aura,0.5497273802757263,NO
aviatore,aviatore,NOUN,S,Gender=Masc|Number=Sing,aviazione,0.5751686692237854,NO
draft,draft,NOUN,S,,rookie,0.4956137537956238,NO
pages,pages,NOUN,S,Gender=Masc|Number=Plur,page,0.571090579032898,NO
magnitudo,magnitudo,NOUN,S,Gender=Fem|Number=Sing,scossa,0.5586605668067932,NO
pay,pay,NOUN,S,Gender=Masc,cash,0.5209020972251892,NO
rotolo,rotolo,NOUN,S,Gender=Masc|Number=Sing,rotoli,0.6850336790084839,NO
incursione,incursione,NOUN,S,Gender=Fem|Number=Sing,incursioni,0.6800411343574524,NO
stupida,stupida,NOUN,S,Gender=Fem|Number=Sing,ridicola,0.6827688217163086,NO
bagno,bagno,NOUN,S,Gender=Masc|Number=Sing,cantina.,0.7346581816673279,NO
sindacalista,sindacalista,NOUN,S,Number=Sing,sindacato,0.6827462911605835,NO
aus,aus,NOUN,S,Gender=Fem|Number=Plur,nach,0.5699966549873352,NO
fast,fast,NOUN,S,,slow,0.595371663570404,NO
simulatore,simulatore,NOUN,S,Gender=Masc|Number=Sing,simulazione,0.6963849067687988,NO
woolrich,woolrich,NOUN,S,Gender=Masc,outlet,0.4625782370567322,YES
bilico,bilico,NOUN,S,Gender=Masc|Number=Sing,sospeso,0.5244487524032593,NO
perline,perline,NOUN,S,Gender=Fem|Number=Plur,perle,0.6673225164413452,NO
nesso,nesso,NOUN,S,Gender=Masc|Number=Sing,legame,0.7048038244247437,YES
utilizzatore,utilizzatore,NOUN,S,Gender=Masc|Number=Sing,utente,0.5970337986946106,NO
spegnimento,spegnimento,NOUN,S,Gender=Masc|Number=Sing,accensione,0.6545188426971436,YES
during,during,NOUN,S,,after,0.6485253572463989,NO
sbocco,sbocco,NOUN,S,Gender=Masc|Number=Sing,sbocchi,0.6780286431312561,NO
accreditamento,accreditamento,NOUN,S,Gender=Masc|Number=Sing,certificazione,0.5618560314178467,NO
equivoco,equivoco,NOUN,S,Gender=Masc|Number=Sing,equivoci,0.634992241859436,NO
lunetta,lunetta,NOUN,S,Gender=Fem|Number=Sing,canestro,0.5926095247268677,NO
animatore,animatore,NOUN,S,Gender=Masc|Number=Sing,animatori,0.644209623336792,NO
appannaggio,appannaggio,NOUN,S,Gender=Masc|Number=Sing,prerogativa,0.5657892227172852,NO
tatuaggio,tatuaggio,NOUN,S,Gender=Masc|Number=Sing,tatuaggi,0.7738139033317566,NO
ddl,ddl,NOUN,S,Gender=Masc,decreto,0.5859473943710327,YES
perno,perno,NOUN,S,Gender=Masc|Number=Sing,fulcro,0.6981553435325623,NO
nm,nm,NOUN,S,,µm,0.670571506023407,NO
array,array,NOUN,S,Gender=Masc|Number=Sing,stack,0.5389256477355957,NO
golpe,golpe,NOUN,S,Gender=Masc,dittatura,0.5224484205245972,NO
atelier,atelier,NOUN,S,Gender=Masc,showroom,0.5890262126922607,NO
ormone,ormone,NOUN,S,Gender=Masc|Number=Sing,testosterone,0.7024293541908264,NO
cosmo,cosmo,NOUN,S,Gender=Masc|Number=Sing,universo,0.717843770980835,NO
sarcofago,sarcofago,NOUN,S,Gender=Masc|Number=Sing,sepolcro,0.6888967752456665,NO
arricchimento,arricchimento,NOUN,S,Gender=Masc|Number=Sing,impoverimento,0.6316754817962646,NO
tr,tr,NOUN,PC,Gender=Masc,p,0.5247770547866821,NO
toto,toto,NOUN,S,Gender=Masc|Number=Sing,integralmente,0.6417855024337769,NO
scesa,scesa,NOUN,S,Gender=Fem|Number=Sing,sceso,0.7998875379562378,NO
dilemma,dilemma,NOUN,S,Gender=Masc|Number=Sing,problema,0.660133957862854,YES
integratore,integratore,NOUN,S,Gender=Masc|Number=Sing,integratori,0.6383381485939026,NO
scherma,scherma,NOUN,S,Gender=Fem|Number=Sing,karate,0.5793237686157227,NO
provincie,provincie,NOUN,S,Gender=Fem,province,0.8687235116958618,NO
massone,massone,NOUN,S,Gender=Masc|Number=Sing,massoneria,0.6394990086555481,YES
equivoci,equivoci,NOUN,V_PC,Gender=Masc|Number=Plur,equivoco,0.634992241859436,YES
teologica,teologica,NOUN,S,Gender=Fem|Number=Sing,filosofica,0.7540620565414429,NO
turbina,turbina,NOUN,S,Gender=Fem|Number=Sing,turbine,0.6643369197845459,NO
sgombero,sgombero,NOUN,S,Gender=Masc|Number=Sing,sfratto,0.5893383026123047,NO
insuccesso,insuccesso,NOUN,S,Gender=Masc|Number=Sing,fallimento,0.7300202250480652,YES
suffisso,suffisso,NOUN,S,Gender=Masc|Number=Sing,prefisso,0.6288297176361084,NO
nomenclatura,nomenclatura,NOUN,S,Gender=Fem|Number=Sing,terminologia,0.668251633644104,YES
polmone,polmone,NOUN,S,Gender=Fem|Number=Sing,polmoni,0.6574726104736328,NO
fuoristrada,fuoristrada,NOUN,S,,enduro,0.6372561454772949,NO
pr,pr,NOUN,S,Number=Sing,pe,0.6701825261116028,YES
ricomincia,ricomincia,NOUN,S,Gender=Fem|Number=Sing,ricominciare,0.7429201006889343,NO
feltro,feltro,NOUN,S,Gender=Masc|Number=Sing,stoffa,0.6749033331871033,YES
function,function,NOUN,S,Gender=Fem|Number=Plur,return,0.49711859226226807,YES
stazionamento,stazionamento,NOUN,S,Gender=Masc|Number=Sing,transito,0.49234238266944885,YES
decadimento,decadimento,NOUN,S,Gender=Masc|Number=Sing,declino,0.6234464645385742,YES
mazza,mazza,NOUN,S,Gender=Fem|Number=Sing,bastone,0.5171226263046265,YES
gazebo,gazebo,NOUN,S,,tavolini,0.5593964457511902,NO
reporter,reporter,NOUN,S,Gender=Masc,giornalista,0.6855714917182922,YES
ingrandimento,ingrandimento,NOUN,S,Gender=Masc|Number=Sing,ingrandire,0.6078550815582275,NO
enigma,enigma,NOUN,S,Gender=Masc|Number=Sing,mistero,0.718930721282959,YES
velocista,velocista,NOUN,S,Number=Sing,mezzofondista,0.7351579070091248,NO
clock,clock,NOUN,S,Gender=Masc,processore,0.5444901585578918,YES
mansione,mansione,NOUN,S,Gender=Fem|Number=Sing,mansioni,0.7381834387779236,NO
tartufo,tartufo,NOUN,S,Gender=Masc|Number=Plur,tartufi,0.739931046962738,NO
timone,timone,NOUN,S,Gender=Fem|Number=Sing,prua,0.5595452189445496,NO
sobborgo,sobborgo,NOUN,S,Gender=Masc|Number=Sing,quartiere,0.7083452939987183,YES
ambulanza,ambulanza,NOUN,S,Gender=Fem|Number=Sing,ambulanze,0.7189101576805115,NO
quaderno,quaderno,NOUN,S,Gender=Masc|Number=Sing,quaderni,0.7468912601470947,NO
riempimento,riempimento,NOUN,S,Gender=Masc|Number=Sing,svuotamento,0.6455800533294678,NO
answer,answer,NOUN,S,Gender=Fem|Number=Sing,questions,0.44456347823143005,NO
pazzia,pazzia,NOUN,S,Gender=Fem|Number=Sing,follia,0.8324450254440308,NO
confermo,confermo,NOUN,S,Gender=Masc|Number=Sing,ribadisco,0.7140855193138123,NO
cartellone,cartellone,NOUN,S,Gender=Fem|Number=Sing,cartelloni,0.6607182025909424,NO
lottatore,lottatore,NOUN,S,Gender=Masc|Number=Sing,pugile,0.6886101365089417,NO
bag,bag,NOUN,S,Gender=Fem,pochette,0.5573210120201111,NO
indole,indole,NOUN,S,Number=Sing,attitudine,0.6723089218139648,NO
mutato,mutato,NOUN,S,Gender=Masc|Number=Sing,mutata,0.7852717041969299,NO
proseguimento,proseguimento,NOUN,S,Gender=Masc|Number=Sing,prosecuzione,0.6589279770851135,NO
pascolo,pascolo,NOUN,S,Gender=Masc|Number=Sing,pascoli,0.7002692222595215,NO
force,force,NOUN,S,Gender=Fem|Number=Sing,task,0.5090656876564026,YES
distorsione,distorsione,NOUN,S,Gender=Fem|Number=Sing,distorsioni,0.6932593584060669,NO
rossonera,rossonera,NOUN,S,Gender=Fem|Number=Sing,nerazzurra,0.7430877685546875,NO
pornografia,pornografia,NOUN,S,Gender=Fem|Number=Sing,pornografico,0.6807050704956055,NO
feeling,feeling,NOUN,S,,grip,0.5449859499931335,NO
today,today,NOUN,S,Gender=Fem|Number=Plur,now,0.5294604897499084,NO
sx,sx,NOUN,S,Gender=Masc|Number=Sing,dx,0.9259746670722961,NO
accostamento,accostamento,NOUN,S,Gender=Masc|Number=Sing,abbinamento,0.7390145063400269,YES
paraurti,paraurti,NOUN,S,Gender=Masc,cofano,0.6361563801765442,NO
dual,dual,NOUN,S,Gender=Masc|Number=Sing,full,0.5127090811729431,NO
embrione,embrione,NOUN,S,Gender=Masc|Number=Sing,embrionale,0.7034553289413452,NO
coll,coll,NOUN,S,Gender=Masc,pp.,0.4527038037776947,YES
ammodernamento,ammodernamento,NOUN,S,Gender=Masc|Number=Sing,adeguamento,0.7303838133811951,YES
sopralluogo,sopralluogo,NOUN,S,Gender=Masc|Number=Sing,sopralluoghi,0.7305378913879395,NO
linguista,linguista,NOUN,S,Number=Sing,filologo,0.6574102640151978,YES
underground,underground,NOUN,S,,punk,0.6831525564193726,YES
barattolo,barattolo,NOUN,S,Gender=Masc|Number=Sing,vasetto,0.8484227061271667,NO
bibliotecario,bibliotecario,NOUN,S,Gender=Masc|Number=Sing,biblioteca,0.6308186054229736,YES
rovere,rovere,NOUN,V,Gender=Masc|Number=Sing,massello,0.617475688457489,NO
dott.ssa,dott.ssa,NOUN,CS,Gender=Fem|Number=Sing,prof.ssa,0.7767215371131897,NO
tegame,tegame,NOUN,S,Gender=Masc|Number=Sing,casseruola,0.8070895075798035,NO
mentore,mentore,NOUN,S,Gender=Masc|Number=Sing,maestro,0.636103630065918,YES
pecorino,pecorino,NOUN,S,Gender=Masc|Number=Sing,formaggio,0.7202944755554199,YES
monologo,monologo,NOUN,S,Gender=Masc|Number=Sing,monologhi,0.6132251620292664,NO
chiesero,chiesero,NOUN,S,Gender=Masc|Number=Sing,chiedevano,0.7900685667991638,NO
n.1987,n.1987,NOUN,S,Gender=Masc|Number=Sing,n.1986,0.9716673493385315,NO
rilassamento,rilassamento,NOUN,S,Gender=Masc|Number=Sing,benessere,0.5941555500030518,YES
posts,posts,NOUN,S,Gender=Fem|Number=Plur,articles,0.4957338869571686,NO
svincolo,svincolo,NOUN,S,Gender=Masc|Number=Sing,casello,0.5873001217842102,YES
rettilineo,rettilineo,NOUN,S,Gender=Masc|Number=Sing,curva,0.5562228560447693,NO
investitore,investitore,NOUN,S,Gender=Masc|Number=Sing,investitori,0.6473637223243713,NO
interim,interim,NOUN,S,Gender=Masc,incarico,0.4963078498840332,NO
cadetto,cadetto,NOUN,S,Gender=Masc|Number=Sing,cadetti,0.646552562713623,NO
contagio,contagio,NOUN,S,Gender=Masc|Number=Sing,epidemia,0.6296002268791199,YES
declina,declina,NOUN,S,Gender=Fem|Number=Sing,declinata,0.6334973573684692,NO
palmo,palmo,NOUN,S,Gender=Masc|Number=Sing,pollice,0.6131055355072021,YES
mangiando,mangiando,NOUN,S,Gender=Masc|Number=Sing,mangia,0.7293992638587952,NO
slovacco,slovacco,NOUN,S,Gender=Masc|Number=Sing,ceco,0.7546034455299377,YES
beat,beat,NOUN,S,Gender=Fem|Number=Plur,punk,0.5902153253555298,YES
bollitore,bollitore,NOUN,S,Gender=Masc|Number=Sing,tostapane,0.5569000840187073,NO
prologo,prologo,NOUN,S,Gender=Masc|Number=Sing,epilogo,0.6169739365577698,YES
quadrante,quadrante,NOUN,PD,Number=Sing,orologio,0.5943970084190369,YES
oltraggio,oltraggio,NOUN,S,Gender=Masc|Number=Sing,offesa,0.5365353226661682,YES
offendere,offendere,NOUN,S,Gender=Masc|Number=Sing,insultare,0.7378671169281006,NO
sperma,sperma,NOUN,S,Gender=Fem|Number=Sing,spermatozoi,0.6086005568504333,NO
rabbino,rabbino,NOUN,S,Gender=Masc|Number=Sing,ebreo,0.6415046453475952,NO
tutore,tutore,NOUN,S,Gender=Masc|Number=Sing,tutori,0.6735244393348694,NO
while,while,NOUN,SP,,when,0.5162792205810547,NO
sega,sega,NOUN,S,Number=Sing,seghe,0.6495575904846191,NO
padronanza,padronanza,NOUN,S,Gender=Fem|Number=Sing,dimestichezza,0.6933504939079285,NO
months,months,NOUN,S,Gender=Masc|Number=Sing,years,0.7460077404975891,YES
leasing,leasing,NOUN,S,Number=Sing,noleggio,0.5549929738044739,YES
secessione,secessione,NOUN,S,Gender=Fem|Number=Sing,guerra,0.557025134563446,YES
maestria,maestria,NOUN,S,Gender=Fem|Number=Sing,bravura,0.734153151512146,NO
país,país,NOUN,S,,origem,0.37414124608039856,NO
asso,asso,NOUN,S,Gender=Masc|Number=Sing,manica,0.562040388584137,NO
cromatica,cromatica,NOUN,S,Gender=Fem|Number=Sing,cromatico,0.6324825286865234,NO
gender,gender,NOUN,S,,femminismo,0.4849873185157776,NO
congelatore,congelatore,NOUN,S,Gender=Masc|Number=Sing,freezer,0.8113827705383301,NO
sblocco,sblocco,NOUN,S,Gender=Masc|Number=Sing,sbloccare,0.6315158605575562,NO
alter,alter,NOUN,S,,ego,0.5546469688415527,NO
addietro,addietro,NOUN,B,Gender=Masc|Number=Sing,scorsi,0.615416944026947,NO
parigino,parigino,NOUN,S,Gender=Masc|Number=Sing,parigina,0.6783505082130432,NO
supereroe,supereroe,NOUN,A,Gender=Masc|Number=Sing,eroe,0.6843615770339966,YES
climatizzatore,climatizzatore,NOUN,S,Gender=Masc|Number=Sing,condizionatore,0.7653130888938904,NO
telenovela,telenovela,NOUN,S,Gender=Fem|Number=Sing,soap,0.6701759696006775,YES
ammollo,ammollo,NOUN,S,Gender=Masc|Number=Sing,asciugare,0.4614686071872711,NO
corone,corone,NOUN,S,Gender=Fem|Number=Sing,corona,0.6746564507484436,NO
sacca,sacca,NOUN,V,Gender=Fem|Number=Sing,sacche,0.6589155197143555,NO
farcela,farcela,NOUN,S,Gender=Fem|Number=Sing,riuscirci,0.6854430437088013,NO
computing,computing,NOUN,S,Gender=Masc,cloud,0.6124691367149353,YES
genero,genero,NOUN,S,Gender=Masc|Number=Sing,suocero,0.7224694490432739,NO
marcatura,marcatura,NOUN,S,Gender=Fem|Number=Sing,marcature,0.6744287610054016,NO
comincio,comincio,NOUN,S,Gender=Masc|Number=Sing,cominciamo,0.7146396636962891,NO
manicomio,manicomio,NOUN,S,Gender=Masc|Number=Sing,psichiatrico,0.7379981279373169,NO
calcolatore,calcolatore,NOUN,S,Gender=Masc|Number=Sing,calcolatori,0.5924369096755981,NO
stalla,stalla,NOUN,S,Gender=Fem|Number=Sing,stalle,0.7071746587753296,NO
baratro,baratro,NOUN,S,Gender=Masc|Number=Sing,abisso,0.6768476963043213,YES
abbozzo,abbozzo,NOUN,S,Gender=Masc|Number=Sing,stub,0.6057911515235901,NO
analista,analista,NOUN,S,Number=Sing,esperto,0.5814539790153503,YES
oppressione,oppressione,NOUN,S,Gender=Fem|Number=Sing,tirannia,0.6450403332710266,NO
perennemente,perennemente,NOUN,S,Number=Sing,costantemente,0.6876789331436157,NO
hore,hore,NOUN,SP,Gender=Masc|Number=Sing,meteorologico,0.4124283194541931,NO
collocamento,collocamento,NOUN,S,Gender=Masc|Number=Sing,pensionamento,0.5176060199737549,NO
creditore,creditore,NOUN,S,Gender=Masc|Number=Sing,debitore,0.8189530372619629,YES
amazing,amazing,NOUN,S,Gender=Masc,wonderful,0.7472686171531677,NO
possessore,possessore,NOUN,S,Gender=Masc|Number=Sing,possesso,0.6524728536605835,YES
list1,list1,NOUN,S,Number=Sing,list2,0.671818733215332,NO
being,being,NOUN,S,,well,0.5498510599136353,NO
children,children,NOUN,S,Gender=Masc|Number=Sing,kids,0.6443338394165039,NO
occhiello,occhiello,NOUN,S,Gender=Masc|Number=Sing,fiore,0.6450055241584778,YES
session,session,NOUN,S,,sessioni,0.5897479057312012,NO
diffusore,diffusore,NOUN,S,Gender=Masc|Number=Sing,diffusori,0.6890482306480408,NO
pezzetto,pezzetto,NOUN,S,Gender=Masc|Number=Sing,pezzo,0.7105484008789062,YES
minorenne,minorenne,NOUN,S,Number=Sing,maggiorenne,0.7765107154846191,NO
appezzamento,appezzamento,NOUN,S,Gender=Masc|Number=Sing,terreno,0.6440802216529846,YES
annovera,annovera,NOUN,S,Gender=Fem|Number=Sing,annoverano,0.7782429456710815,NO
press,press,NOUN,PE,Gender=Masc,book,0.44598302245140076,NO
milizia,milizia,NOUN,SP,Gender=Fem|Number=Sing,milizie,0.6915069222450256,NO
bussola,bussola,NOUN,S,Gender=Fem|Number=Plur,rotta,0.5223726034164429,NO
fosforo,fosforo,NOUN,B,Gender=Masc|Number=Sing,potassio,0.6379315257072449,YES
salvò,salvò,NOUN,S,Gender=Masc|Number=Sing,liberò,0.6611113548278809,NO
acconto,acconto,NOUN,S,Gender=Masc|Number=Sing,caparra,0.5727253556251526,NO
sociologo,sociologo,NOUN,S,Gender=Masc|Number=Sing,antropologo,0.7359524965286255,NO
biologo,biologo,NOUN,S,Gender=Masc|Number=Sing,zoologo,0.6969926357269287,NO
text,text,NOUN,S,Gender=Masc|Number=Plur,align,0.5864647030830383,NO
bungalow,bungalow,NOUN,S,Gender=Masc|Number=Sing,cottage,0.5832700729370117,YES
sinfonia,sinfonia,NOUN,S,Gender=Fem|Number=Sing,partitura,0.6853871941566467,NO
suora,suora,NOUN,S,Gender=Fem|Number=Sing,monaca,0.7358362078666687,NO
fratellanza,fratellanza,NOUN,S,Gender=Fem|Number=Sing,fraternità,0.7401639223098755,NO
malfunzionamento,malfunzionamento,NOUN,S,Gender=Masc|Number=Sing,malfunzionamenti,0.7181836366653442,NO
kamikaze,kamikaze,NOUN,S,Gender=Masc,terroristico,0.5137699246406555,NO
suffragio,suffragio,NOUN,S,Gender=Masc|Number=Sing,voto,0.45583799481391907,YES
volley,volley,NOUN,V,Gender=Fem|Number=Plur,pallavolo,0.6964386105537415,NO
salvia,salvia,NOUN,S,Gender=Fem|Number=Sing,rosmarino,0.6806057095527649,NO
capolino,capolino,NOUN,S,Gender=Masc|Number=Sing,prepotentemente,0.5179537534713745,NO
tipografia,tipografia,NOUN,S,Gender=Fem|Number=Sing,tipografo,0.6457837820053101,NO
nunzio,nunzio,NOUN,S,Gender=Masc|Number=Sing,ambasciatore,0.5824030041694641,YES
accada,accada,NOUN,S,Gender=Fem|Number=Sing,succeda,0.8656907081604004,NO
geologo,geologo,NOUN,S,Gender=Masc|Number=Sing,paleontologo,0.6671847105026245,NO
ostello,ostello,NOUN,S,Gender=Masc|Number=Sing,ostelli,0.6603249907493591,NO
sez,sez,NOUN,S,,sezione,0.46471813321113586,NO
ko,ko,NOUN,S,Gender=Masc,ga,0.41258564591407776,NO
ghetto,ghetto,NOUN,S,Gender=Masc|Number=Sing,quartiere,0.5776700973510742,YES
mainstream,mainstream,NOUN,S,Gender=Masc,underground,0.608772337436676,YES
customer,customer,NOUN,S,Gender=Masc|Number=Sing,service,0.522056519985199,YES
esodo,esodo,NOUN,S,Gender=Masc|Number=Sing,emigrazione,0.5968030691146851,NO
pompino,pompino,NOUN,S,Gender=Masc|Number=Sing,pompini,0.7776111364364624,NO
crittografia,crittografia,NOUN,S,Gender=Fem|Number=Sing,cifratura,0.8386898040771484,NO
nbsp,nbsp,NOUN,S,Gender=Fem|Number=Plur,quot,0.5791659355163574,NO
stupidi,stupidi,NOUN,S,Gender=Masc|Number=Plur,idioti,0.7757918238639832,NO
sciatore,sciatore,NOUN,S,Gender=Masc|Number=Sing,sciatrice,0.6510694622993469,NO
ispirò,ispirò,NOUN,S,Gender=Fem|Number=Plur,influenzò,0.7071470618247986,NO
cartongesso,cartongesso,NOUN,S,Gender=Masc|Number=Sing,muratura,0.5572605133056641,NO
mailto,mailto,NOUN,S,Gender=Masc|Number=Sing,libero.it,0.3626505434513092,NO
planetario,planetario,NOUN,S,Gender=Masc|Number=Sing,planetaria,0.6285864114761353,NO
elmo,elmo,NOUN,S,Gender=Masc|Number=Sing,copricapo,0.5691612958908081,NO
liturgico,liturgico,NOUN,S,Gender=Masc|Number=Sing,liturgia,0.705920398235321,NO
impedì,impedì,NOUN,S,Gender=Masc,permise,0.8754442930221558,NO
colomba,colomba,NOUN,S,Gender=Fem|Number=Sing,falco,0.5454637408256531,NO
malore,malore,NOUN,S,Gender=Masc|Number=Sing,infarto,0.6949612498283386,YES
rappresaglia,rappresaglia,NOUN,S,Gender=Fem|Number=Sing,rappresaglie,0.6595571637153625,NO
bassorilievo,bassorilievo,NOUN,S,Gender=Masc|Number=Sing,bassorilievi,0.7120229601860046,NO
microscopio,microscopio,NOUN,S,Gender=Masc|Number=Sing,telescopio,0.551378607749939,YES
feel,feel,NOUN,S,,feeling,0.4716262221336365,YES
acceleratore,acceleratore,NOUN,S,Gender=Masc|Number=Sing,accelerazione,0.5487328767776489,NO
n.1981,n.1981,NOUN,S,Gender=Fem|Number=Plur,n.1980,0.9767051935195923,NO
ginnasta,ginnasta,NOUN,A,Number=Sing,atleta,0.6402561664581299,YES
swing,swing,NOUN,S,Gender=Masc,jazz,0.6116740703582764,YES
aggiunsero,aggiunsero,NOUN,S,Gender=Masc|Number=Sing,aggiunse,0.7785740494728088,NO
gassificatore,gassificatore,NOUN,S,Gender=Masc|Number=Sing,inceneritore,0.40461793541908264,NO
sò,sò,NOUN,V,Gender=Fem|Number=Sing,so,0.7964284420013428,NO
ospedaliero,ospedaliero,NOUN,S,Gender=Masc|Number=Sing,sanitario,0.7347633242607117,NO
manzo,manzo,NOUN,S,Gender=Masc|Number=Sing,maiale,0.6900384426116943,NO
don,don,NOUN,S,Gender=Masc,should,0.6291264891624451,NO
nient,nient,NOUN,S,,qualcos',0.6883611083030701,NO
did,did,NOUN,B,,we,0.571230411529541,NO
sinodo,sinodo,NOUN,S,Gender=Masc|Number=Sing,concilio,0.7518693208694458,YES
smarrimento,smarrimento,NOUN,S,Gender=Masc|Number=Sing,sconforto,0.5999187231063843,NO
campionamento,campionamento,NOUN,S,Gender=Masc|Number=Sing,rilevamento,0.5190293192863464,YES
gatta,gatta,NOUN,S,Gender=Fem|Number=Sing,gatto,0.641466498374939,YES
pilotaggio,pilotaggio,NOUN,S,Gender=Masc|Number=Sing,pilotare,0.5633825063705444,NO
sostentamento,sostentamento,NOUN,S,Gender=Masc|Number=Sing,nutrimento,0.6469114422798157,NO
accrescimento,accrescimento,NOUN,S,Gender=Masc|Number=Sing,arricchimento,0.592507004737854,YES
mattone,mattone,NOUN,S,Gender=Fem|Number=Sing,mattoni,0.6792894601821899,NO
tube,tube,NOUN,S,Gender=Fem|Number=Plur,youtube,0.4545033574104309,YES
intonaco,intonaco,NOUN,S,Gender=Masc|Number=Sing,murature,0.5672103762626648,NO
oblast,oblast,NOUN,S,Number=Plur,rajon,0.4605208933353424,NO
podi,podi,NOUN,S,,piazzamenti,0.7037326097488403,NO
mucchio,mucchio,NOUN,S,Gender=Masc|Number=Sing,sacco,0.6610015034675598,YES
ombrello,ombrello,NOUN,S,Gender=Masc|Number=Sing,cappello,0.5736998319625854,YES
sparito,sparito,NOUN,S,Gender=Masc|Number=Sing,sparita,0.7432559728622437,NO
proiettore,proiettore,NOUN,S,Gender=Masc|Number=Sing,proiettori,0.7099258303642273,NO
tassello,tassello,NOUN,S,Gender=Masc|Number=Sing,tasselli,0.6613804697990417,NO
veglia,veglia,NOUN,S,Gender=Fem|Number=Sing,preghiera,0.5639246106147766,YES
head,head,NOUN,S,Number=Plur,back,0.49670422077178955,YES
temperamento,temperamento,NOUN,S,Gender=Masc|Number=Sing,carattere,0.6645507216453552,YES
vegan,vegan,NOUN,S,Gender=Masc,vegana,0.7908235788345337,NO
application,application,NOUN,S,Gender=Fem,services,0.46183234453201294,NO
quarzo,quarzo,NOUN,S,Gender=Masc|Number=Sing,cristallo,0.5694568753242493,NO
stele,stele,NOUN,SP,Gender=Fem|Number=Plur,lapide,0.6297624111175537,NO
rancore,rancore,NOUN,S,Gender=Masc|Number=Sing,risentimento,0.6984407901763916,NO
corazza,corazza,NOUN,S,Gender=Fem|Number=Sing,armatura,0.7312697768211365,YES
conchiglia,conchiglia,NOUN,S,Gender=Fem|Number=Sing,conchiglie,0.6822367310523987,NO
pediatra,pediatra,NOUN,S,Gender=Fem|Number=Sing,ginecologo,0.7193484306335449,NO
ventenne,ventenne,NOUN,S,Gender=Fem|Number=Sing,trentenne,0.8600035309791565,NO
celtica,celtica,NOUN,S,Gender=Fem|Number=Sing,celtico,0.7458986043930054,NO
contraddistinto,contraddistinto,NOUN,S,Gender=Masc|Number=Sing,caratterizzato,0.8242567181587219,NO
escort,escort,NOUN,S,,prostituta,0.5943833589553833,NO
memory,memory,NOUN,S,Gender=Fem|Number=Sing,memoria,0.47130391001701355,YES
sovrappeso,sovrappeso,NOUN,S,Gender=Masc|Number=Sing,obesità,0.644803524017334,NO
tessitura,tessitura,NOUN,S,Gender=Fem|Number=Sing,tessile,0.5804663896560669,NO
falco,falco,NOUN,S,Gender=Masc|Number=Sing,falchi,0.6326088905334473,NO
azionista,azionista,NOUN,S,Number=Sing,azionisti,0.620892345905304,NO
timo,timo,NOUN,A,Gender=Masc|Number=Sing,rosmarino,0.6853565573692322,NO
ragù,ragù,NOUN,S,Gender=Masc,sugo,0.8298605680465698,YES
pontificia,pontificia,NOUN,S,Gender=Fem|Number=Sing,papale,0.699683427810669,NO
fondotinta,fondotinta,NOUN,S,Gender=Fem|Number=Sing,blush,0.7433405518531799,NO
allergia,allergia,NOUN,S,Gender=Fem|Number=Sing,allergica,0.7759841680526733,NO
folklore,folklore,NOUN,S,Gender=Masc,folclore,0.910996675491333,NO
bebè,bebè,NOUN,S,,bimbo,0.6371245980262756,YES
lampadina,lampadina,NOUN,S,Gender=Fem|Number=Sing,lampada,0.7467818260192871,YES
alibi,alibi,NOUN,S,Gender=Fem|Number=Sing,pretesto,0.5338808298110962,NO
esonero,esonero,NOUN,S,Gender=Masc|Number=Sing,esonerato,0.7589334845542908,NO
vassoio,vassoio,NOUN,S,Gender=Masc|Number=Sing,piattino,0.6799530982971191,NO
drone,drone,NOUN,S,Gender=Fem|Number=Sing,droni,0.7552470564842224,NO
beneficiario,beneficiario,NOUN,S,Gender=Masc|Number=Sing,beneficiari,0.6434451937675476,NO
sitcom,sitcom,NOUN,S,Gender=Fem|Number=Sing,televisiva,0.627146303653717,NO
scorcio,scorcio,NOUN,S,Gender=Masc|Number=Sing,scenario,0.6040091514587402,YES
maiuscolo,maiuscolo,NOUN,S,Gender=Masc|Number=Sing,maiuscole,0.7198370099067688,NO
money,money,NOUN,S,Number=Sing,cash,0.6225072145462036,NO
bedroom,bedroom,NOUN,S,Gender=Masc|Number=Plur,bedrooms,0.7787299752235413,NO
talo,talo,NOUN,S,Gender=Masc|Number=Sing,woning,0.6150321960449219,NO
biscotto,biscotto,NOUN,S,Gender=Masc|Number=Sing,biscotti,0.7172338962554932,NO
opuscolo,opuscolo,NOUN,S,Gender=Masc|Number=Sing,opuscoli,0.6410104036331177,NO
cordone,cordone,NOUN,S,Gender=Fem|Number=Sing,ombelicale,0.5760824680328369,NO
proprieta,proprieta,NOUN,S,Gender=Fem|Number=Sing,proprietà,0.6852807402610779,NO
rum,rum,NOUN,S,Gender=Masc,liquore,0.6423527002334595,YES
apparecchiatura,apparecchiatura,NOUN,S,Gender=Fem|Number=Sing,apparecchiature,0.6867486834526062,NO
chalet,chalet,NOUN,S,Gender=Masc,cottage,0.623650074005127,YES
decoder,decoder,NOUN,S,Gender=Masc,modem,0.6023602485656738,NO
delfino,delfino,NOUN,S,Gender=Masc|Number=Sing,delfini,0.6123235821723938,NO
scintilla,scintilla,NOUN,S,Gender=Fem|Number=Sing,scintille,0.6028639078140259,NO
dogma,dogma,NOUN,S,Gender=Masc|Number=Sing,dogmi,0.655139684677124,NO
lorenzo,lorenzo,NOUN,S,Gender=Masc|Number=Sing,francesco,0.634791910648346,NO
sdraio,sdraio,NOUN,S,Gender=Masc|Number=Sing,sedie,0.6477048993110657,NO
table,table,NOUN,S,Gender=Masc,count,0.4532206356525421,NO
espletamento,espletamento,NOUN,S,Gender=Masc|Number=Sing,svolgimento,0.6586504578590393,YES
navicella,navicella,NOUN,S,Gender=Fem|Number=Sing,astronave,0.7848996520042419,YES
fusa,fusa,NOUN,S,Gender=Fem|Number=Sing,fuse,0.6087567210197449,NO
still,still,NOUN,S,Gender=Fem,never,0.5396604537963867,NO
omicida,omicida,NOUN,A,Number=Sing,assassino,0.7750786542892456,NO
danneggiamento,danneggiamento,NOUN,S,Gender=Masc|Number=Sing,danneggiamenti,0.7163817882537842,NO
phi,phi,NOUN,S,Gender=Masc|Number=Sing,theta,0.5966606140136719,NO
inquadratura,inquadratura,NOUN,S,Gender=Fem|Number=Sing,inquadrature,0.7529588937759399,NO
cargo,cargo,NOUN,S,Gender=Masc|Number=Sing,container,0.5518901944160461,NO
think,think,NOUN,S,Gender=Masc,know,0.5405088067054749,NO
cup,cup,NOUN,S,Gender=Fem,tea,0.44955697655677795,NO
since,since,NOUN,S,Gender=Fem|Number=Sing,before,0.5259745121002197,YES
sodo,sodo,NOUN,S,Gender=Masc|Number=Sing,duro,0.5781819224357605,NO
giucam61,giucam61,NOUN,S,Gender=Fem|Number=Plur,dinamanu,0.6746841669082642,NO
rinviato,rinviato,NOUN,S,Gender=Masc|Number=Sing,rimandato,0.7727484107017517,NO
astensione,astensione,NOUN,S,Gender=Fem|Number=Sing,astenersi,0.5428853631019592,NO
ombrellone,ombrellone,NOUN,S,Gender=Fem|Number=Sing,ombrelloni,0.6315633058547974,NO
met,met,NOUN,S,Gender=Masc,gi,0.47734618186950684,NO
recettore,recettore,NOUN,S,Gender=Masc|Number=Sing,recettori,0.7381491661071777,NO
relitto,relitto,NOUN,S,Gender=Masc|Number=Sing,naufragio,0.5603948831558228,YES
self,self,NOUN,S,Gender=Masc,service,0.5181706547737122,YES
ping,ping,NOUN,S,,pong,0.4921357035636902,NO
bagagliaio,bagagliaio,NOUN,S,Gender=Masc|Number=Sing,baule,0.6622114777565002,NO
accoppiata,accoppiata,NOUN,S,Gender=Fem|Number=Sing,accoppiato,0.6279752850532532,NO
cecoslovacco,cecoslovacco,NOUN,S,Gender=Masc|Number=Sing,ceco,0.7248966693878174,YES
esecutore,esecutore,NOUN,S,Gender=Masc|Number=Sing,esecutori,0.6630991101264954,NO
porpora,porpora,NOUN,S,Gender=Fem|Number=Sing,rosso,0.5316469669342041,NO
rendendola,rendendola,NOUN,S,Gender=Fem|Number=Sing,renderla,0.8011617660522461,NO
drenaggio,drenaggio,NOUN,S,Gender=Masc|Number=Sing,deflusso,0.6692830920219421,NO
cravatta,cravatta,NOUN,S,Gender=Fem|Number=Sing,giacca,0.7258175015449524,NO
pres,pres,NOUN,S,Gender=Masc,vice,0.33768078684806824,NO
dadini,dadini,NOUN,S,Gender=Masc|Number=Plur,tocchetti,0.8112708926200867,NO
solaio,solaio,NOUN,S,Gender=Masc|Number=Sing,solai,0.6894028782844543,NO
paypal,paypal,NOUN,S,Number=Sing,postepay,0.6753785610198975,NO
sconforto,sconforto,NOUN,V,Gender=Masc|Number=Sing,sgomento,0.7267336249351501,NO
including,including,NOUN,S,Gender=Masc,with,0.5485365986824036,NO
ottocento,ottocento,NOUN,S,Gender=Masc|Number=Sing,settecento,0.8573243618011475,NO
stregone,stregone,NOUN,S,Gender=Fem|Number=Sing,mago,0.7292373180389404,NO
photo,photo,NOUN,S,Gender=Masc|Number=Sing,image,0.5918885469436646,YES
liberty,liberty,NOUN,V,Gender=Masc,neoclassico,0.5976434946060181,NO
videosorveglianza,videosorveglianza,NOUN,S,Gender=Fem|Number=Sing,telecamere,0.6257004737854004,NO
tufo,tufo,NOUN,S,Gender=Masc|Number=Plur,travertino,0.7023259401321411,NO
ilmessaggio,ilmessaggio,NOUN,S,Gender=Masc|Number=Sing,carbonica,0.37523043155670166,NO
mucca,mucca,NOUN,S,Gender=Fem|Number=Sing,capra,0.7162217497825623,NO
fregio,fregio,NOUN,S,Gender=Masc|Number=Sing,fregi,0.6774885654449463,NO
ie,ie,NOUN,E,,ro,0.4997658133506775,NO
lett,lett,NOUN,S,Gender=Fem|Number=Plur,lett.,0.6201575398445129,YES
retail,retail,NOUN,S,Gender=Masc|Number=Plur,consumer,0.5829457640647888,NO
commissariato,commissariato,NOUN,S,Gender=Masc|Number=Sing,commissario,0.6655540466308594,YES
frenante,frenante,NOUN,S,Number=Sing,freni,0.603181779384613,NO
samsung,samsung,NOUN,S,Gender=Masc|Number=Sing,galaxy,0.6927757859230042,NO
terziario,terziario,NOUN,S,Gender=Masc|Number=Sing,manifatturiero,0.6185138821601868,NO
carestia,carestia,NOUN,S,Gender=Fem|Number=Sing,siccità,0.6672044396400452,NO
locanda,locanda,NOUN,S,Gender=Fem|Number=Sing,osteria,0.6802284121513367,NO
cloruro,cloruro,NOUN,S,Gender=Masc|Number=Sing,solfato,0.6834971308708191,NO
prossimamente,prossimamente,NOUN,S,Gender=Fem|Number=Sing,vedremo,0.6353573203086853,NO
canestro,canestro,NOUN,S,Gender=Masc|Number=Sing,lunetta,0.5926095247268677,YES
mausoleo,mausoleo,NOUN,S,Gender=Masc|Number=Sing,monumento,0.6596401929855347,YES
ca,ca,NOUN,E,,mq.,0.6997911334037781,YES
c.a,c.a,NOUN,S,Gender=Masc|Number=Sing,ca.,0.4867411255836487,YES
rossoblù,rossoblù,NOUN,S,Number=Sing,rossoblu,0.8973183035850525,NO
holding,holding,NOUN,S,Gender=Fem,società,0.5686355233192444,NO
portamento,portamento,NOUN,S,Gender=Masc|Number=Sing,comportamento,0.45870620012283325,YES
servitù,servitù,NOUN,S,Gender=Fem,feudali,0.5134913921356201,NO
bada,bada,NOUN,S,Gender=Fem|Number=Sing,tenere,0.6199814081192017,NO
contenga,contenga,NOUN,S,Gender=Fem|Number=Sing,contengano,0.7531378865242004,NO
orgasmo,orgasmo,NOUN,S,Gender=Masc|Number=Sing,eiaculazione,0.6585487127304077,NO
catalizzatore,catalizzatore,NOUN,S,Gender=Masc|Number=Sing,propulsore,0.5341938138008118,YES
sottotitolo,sottotitolo,NOUN,S,Gender=Masc|Number=Sing,titolo,0.6097220778465271,YES
elogio,elogio,NOUN,S,Gender=Masc|Number=Sing,elogi,0.6230730414390564,NO
accorgo,accorgo,NOUN,S,Gender=Masc|Number=Sing,scopro,0.7451248168945312,NO
corpus,corpus,NOUN,V,Gender=Masc,repertorio,0.5765101313591003,NO
bambù,bambù,NOUN,S,Gender=Masc,legno,0.6246272325515747,YES
cosí,cosí,NOUN,S,Number=Sing,piú,0.7610551714897156,NO
sottogruppo,sottogruppo,NOUN,S,Gender=Masc|Number=Sing,sottogruppi,0.6926460862159729,NO
commercialista,commercialista,NOUN,A,Number=Sing,avvocato,0.6081048250198364,YES
disperso,disperso,NOUN,S,Gender=Masc|Number=Sing,dispersa,0.6878426671028137,NO
prequel,prequel,NOUN,S,Gender=Masc,sequel,0.7859982252120972,NO
sacerdozio,sacerdozio,NOUN,S,Gender=Masc|Number=Sing,sacerdotale,0.7125865817070007,NO
infusione,infusione,NOUN,S,Gender=Fem|Number=Sing,infuso,0.601460337638855,NO
cinico,cinico,NOUN,S,Gender=Masc|Number=Sing,spietato,0.7417020201683044,NO
fior,fior,NOUN,S,Gender=Masc|Number=Sing,fiore,0.5806686282157898,YES
romeno,romeno,NOUN,A,Gender=Masc|Number=Sing,rumeno,0.8954151272773743,YES
buffer,buffer,NOUN,S,Gender=Fem|Number=Sing,stack,0.5400843620300293,NO
braccialetto,braccialetto,NOUN,S,Gender=Masc|Number=Sing,bracciale,0.8055989742279053,NO
deterioramento,deterioramento,NOUN,S,Gender=Masc|Number=Sing,peggioramento,0.7191004157066345,YES
tiratore,tiratore,NOUN,S,Gender=Masc|Number=Sing,cecchino,0.5637484192848206,NO
raffica,raffica,NOUN,S,Gender=Fem|Number=Sing,raffiche,0.6666580438613892,NO
beffa,beffa,NOUN,S,Gender=Fem|Number=Sing,clamorosa,0.5762454867362976,NO
denota,denota,NOUN,S,Gender=Masc,indica,0.6629502177238464,NO
intercessione,intercessione,NOUN,S,Gender=Fem|Number=Sing,grazia,0.5604276061058044,NO
contrasta,contrasta,NOUN,A,Number=Sing,favorisce,0.6460844874382019,NO
contrattacco,contrattacco,NOUN,S,Gender=Masc|Number=Sing,controffensiva,0.6537570357322693,NO
minimal,minimal,NOUN,S,Gender=Masc|Number=Sing,minimalista,0.7209993004798889,NO
nocciolo,nocciolo,NOUN,S,Gender=Masc|Number=Sing,succo,0.5230668187141418,YES
concessionario,concessionario,NOUN,S,Number=Sing,concessionaria,0.7840017676353455,NO
franchising,franchising,NOUN,S,Gender=Masc,retail,0.4848509728908539,YES
amnistia,amnistia,NOUN,S,Gender=Fem|Number=Sing,indulto,0.6976401209831238,NO
rullo,rullo,NOUN,S,Gender=Masc|Number=Sing,rulli,0.6902579665184021,NO
sormontata,sormontata,NOUN,S,Gender=Fem|Number=Sing,sormontato,0.8436359763145447,NO
scalpore,scalpore,NOUN,S,Gender=Masc|Number=Sing,clamore,0.72488933801651,NO
section,section,NOUN,S,,this,0.45683223009109497,NO
labbro,labbro,NOUN,S,Gender=Masc|Number=Sing,mascella,0.557473361492157,NO
retina,retina,NOUN,S,Gender=Fem|Number=Sing,cornea,0.4947683811187744,NO
sack,sack,NOUN,V,Gender=Masc,tackle,0.6740748882293701,NO
lâ,lâ,NOUN,S,Gender=Masc|Number=Sing,â,0.7275512218475342,NO
run,run,NOUN,SW,Gender=Masc,running,0.564020037651062,YES
anarchia,anarchia,NOUN,S,Gender=Fem|Number=Sing,anarchica,0.6387620568275452,NO
scampo,scampo,NOUN,S,Gender=Masc|Number=Sing,sfuggire,0.5416870713233948,NO
sovrasta,sovrasta,NOUN,V,Number=Sing,domina,0.7341956496238708,NO
biliardo,biliardo,NOUN,A,Gender=Masc|Number=Sing,bocce,0.6206545829772949,NO
rendering,rendering,NOUN,S,Gender=Masc,render,0.6110571622848511,NO
breccia,breccia,NOUN,S,Gender=Fem|Number=Sing,sfondare,0.5579230785369873,NO
covo,covo,NOUN,S,Gender=Masc|Number=Sing,nascondiglio,0.6896305084228516,NO
cu,cu,NOUN,S,,pe,0.6400126218795776,YES
grafia,grafia,NOUN,S,Gender=Fem|Number=Sing,ortografia,0.692149817943573,NO
maligno,maligno,NOUN,S,Gender=Masc|Number=Sing,maligna,0.6308689117431641,NO
ascia,ascia,NOUN,S,Gender=Fem|Number=Sing,spada,0.5668017864227295,YES
accenna,accenna,NOUN,S,Gender=Fem|Number=Sing,accenno,0.6498904228210449,NO
geologia,geologia,NOUN,S,Gender=Fem|Number=Sing,geologica,0.6693210601806641,NO
settecentesco,settecentesco,NOUN,S,Gender=Masc|Number=Sing,seicentesco,0.8363398909568787,NO
estorsione,estorsione,NOUN,S,Gender=Fem|Number=Sing,frode,0.5652613043785095,YES
impedimento,impedimento,NOUN,S,Gender=Masc|Number=Sing,ostacolo,0.6611692309379578,YES
offro,offro,NOUN,S,Gender=Fem|Number=Sing,cerco,0.7026220560073853,NO
ensemble,ensemble,NOUN,PE,Gender=Masc,orchestra,0.6534311771392822,NO
saccheggio,saccheggio,NOUN,S,Gender=Masc|Number=Sing,saccheggi,0.6776528358459473,NO
retrocessa,retrocessa,NOUN,V,Gender=Fem|Number=Sing,retrocesso,0.7478551864624023,NO
gentiluomo,gentiluomo,NOUN,S,Gender=Masc|Number=Sing,aristocratico,0.5955089926719666,NO
custom,custom,NOUN,V,Gender=Fem|Number=Sing,racing,0.5131453275680542,NO
trombone,trombone,NOUN,S,Gender=Masc|Number=Sing,sassofono,0.7536295652389526,NO
sommerso,sommerso,NOUN,S,Gender=Masc|Number=Sing,sommersa,0.7554025650024414,NO
tossine,tossine,NOUN,S,Gender=Fem|Number=Plur,scorie,0.6037111878395081,NO
approfitto,approfitto,NOUN,S,Gender=Masc|Number=Sing,colgo,0.6447243094444275,NO
donatore,donatore,NOUN,S,Gender=Masc|Number=Sing,donatori,0.7283130288124084,NO
rimorchio,rimorchio,NOUN,S,Gender=Masc|Number=Sing,rimorchi,0.6468318700790405,NO
prigioniera,prigioniera,NOUN,S,Gender=Fem|Number=Sing,rinchiusa,0.6688828468322754,NO
vivaio,vivaio,NOUN,S,Gender=Masc|Number=Sing,giovanile,0.5008824467658997,NO
allusione,allusione,NOUN,S,Gender=Fem|Number=Sing,allude,0.6171568632125854,NO
affetta,affetta,NOUN,S,Gender=Fem|Number=Plur,affette,0.6526551842689514,NO
palestre,palestre,NOUN,S,Gender=Masc|Number=Sing,palestra,0.7156457304954529,NO
sipario,sipario,NOUN,S,Gender=Masc|Number=Sing,palcoscenico,0.5407469272613525,NO
ottemperanza,ottemperanza,NOUN,S,Gender=Fem|Number=Sing,ossequio,0.6851175427436829,NO
court,court,NOUN,S,Gender=Fem|Number=Sing,tout,0.454684317111969,NO
improvvisi,improvvisi,NOUN,S,Gender=Fem,improvvise,0.6337303519248962,NO
predicatore,predicatore,NOUN,S,Gender=Masc|Number=Sing,teologo,0.6368890404701233,YES
elabora,elabora,NOUN,S,Gender=Fem|Number=Sing,predispone,0.6512961983680725,NO
plan,plan,NOUN,S,Gender=Masc,planning,0.5585336089134216,NO
better,better,NOUN,S,,good,0.586329996585846,NO
coccodrillo,coccodrillo,NOUN,S,Gender=Masc|Number=Sing,coccodrilli,0.6506438255310059,NO
cellulite,cellulite,NOUN,S,Gender=Fem|Number=Sing,acne,0.6447789669036865,NO
slave,slave,NOUN,S,Gender=Fem|Number=Sing,slavi,0.5453482866287231,NO
venture,venture,NOUN,S,,capital,0.5604760646820068,NO
espanso,espanso,NOUN,S,Gender=Masc|Number=Sing,ampliato,0.6170510053634644,NO
battello,battello,NOUN,S,Gender=Masc|Number=Sing,battelli,0.7258977890014648,NO
elettrone,elettrone,NOUN,S,Gender=Fem|Number=Sing,elettroni,0.731620728969574,NO
priore,priore,NOUN,S,Gender=Masc|Number=Sing,frate,0.5707781910896301,NO
convertitore,convertitore,NOUN,V,Gender=Masc|Number=Sing,conversione,0.5073930025100708,YES
panneggio,panneggio,NOUN,S,Gender=Masc|Number=Sing,drappo,0.40520167350769043,NO
eccidio,eccidio,NOUN,S,Gender=Masc|Number=Sing,massacro,0.6531442403793335,YES
litigio,litigio,NOUN,S,Gender=Masc|Number=Sing,lite,0.7142791152000427,NO
bue,bue,NOUN,S,Gender=Masc|Number=Sing,vitello,0.6264647245407104,YES
ingombro,ingombro,NOUN,S,Gender=Masc|Number=Sing,ingombrante,0.5886508822441101,NO
scacchiera,scacchiera,NOUN,SP,Gender=Fem|Number=Sing,scacchi,0.6759199500083923,NO
editto,editto,NOUN,S,Gender=Masc|Number=Sing,decreto,0.5367794036865234,YES
colmo,colmo,NOUN,S,Gender=Masc|Number=Sing,colma,0.5947824716567993,NO
cedimento,cedimento,NOUN,S,Gender=Masc|Number=Sing,crollo,0.6411022543907166,YES
gangster,gangster,NOUN,S,Gender=Masc,gang,0.6186202764511108,NO
recensioni3,recensioni3,NOUN,S,Gender=Masc|Number=Sing,recensioni4,0.9739810824394226,NO
lattosio,lattosio,NOUN,S,Gender=Masc|Number=Sing,glutine,0.6822720766067505,YES
và,và,NOUN,PC,Gender=Masc,va,0.8536241054534912,NO
affondamento,affondamento,NOUN,S,Gender=Masc|Number=Sing,naufragio,0.6007509231567383,YES
pittorico,pittorico,NOUN,S,Gender=Masc|Number=Sing,pittorica,0.698728084564209,NO
ancoraggio,ancoraggio,NOUN,S,Gender=Masc|Number=Sing,fissaggio,0.6288264393806458,YES
calciatrice,calciatrice,NOUN,S,Gender=Fem|Number=Sing,pallavolista,0.6479966044425964,YES
pendio,pendio,NOUN,S,Gender=Masc|Number=Sing,ripido,0.6904854774475098,NO
fanciullo,fanciullo,NOUN,S,Gender=Masc|Number=Sing,bambino,0.6693543791770935,YES
motorino,motorino,NOUN,S,Gender=Masc|Number=Sing,scooter,0.6809983849525452,YES
panettone,panettone,NOUN,S,Gender=Fem|Number=Sing,biscotto,0.5839073061943054,YES
compresso,compresso,NOUN,S,Gender=Masc|Number=Sing,compressi,0.6519984006881714,NO
squadrone,squadrone,NOUN,S,Gender=Fem|Number=Sing,squadroni,0.6953316926956177,NO
deluxe,deluxe,NOUN,S,,classic,0.5044878721237183,NO
plancia,plancia,NOUN,S,Gender=Fem|Number=Sing,cruscotto,0.6033861637115479,NO
scogliera,scogliera,NOUN,S,Gender=Fem|Number=Sing,scogliere,0.6751481294631958,NO
esamina,esamina,NOUN,S,Gender=Fem|Number=Sing,analizza,0.7926036715507507,NO
egizio,egizio,NOUN,S,Gender=Masc|Number=Sing,egizia,0.7001851201057434,NO
avena,avena,NOUN,B,Gender=Fem|Number=Sing,orzo,0.6887187361717224,NO
sciolse,sciolse,NOUN,S,Gender=Fem|Number=Plur,unì,0.7002488374710083,YES
otturatore,otturatore,NOUN,S,Gender=Masc|Number=Sing,diaframma,0.6070646047592163,NO
prosieguo,prosieguo,NOUN,S,Gender=Masc|Number=Sing,proseguimento,0.5762328505516052,YES
arresta,arresta,NOUN,S,Number=Sing,arrestano,0.6946281790733337,NO
language,language,NOUN,S,Gender=Masc,english,0.5046656727790833,NO
longobardo,longobardo,NOUN,S,Gender=Masc|Number=Sing,longobarda,0.7617668509483337,NO
contraente,contraente,NOUN,S,Number=Sing,contraenti,0.610460102558136,NO
raquo,raquo,NOUN,S,Gender=Masc|Number=Sing,laquo,0.9122865200042725,NO
corner,corner,NOUN,S,Gender=Masc,cross,0.5129368305206299,YES
order,order,NOUN,S,,process,0.48264920711517334,NO
fermento,fermento,NOUN,S,Gender=Masc|Number=Sing,fervore,0.5860269665718079,NO
incoraggiamento,incoraggiamento,NOUN,S,Gender=Masc|Number=Sing,apprezzamento,0.6146278977394104,YES
fave,fave,NOUN,S,Number=Sing,ceci,0.6835423707962036,NO
prospetta,prospetta,NOUN,S,Gender=Fem|Number=Sing,preannuncia,0.7059764266014099,NO
serratura,serratura,NOUN,S,Gender=Fem|Number=Sing,serrature,0.7538116574287415,NO
vigna,vigna,NOUN,S,Gender=Fem|Number=Sing,vigneto,0.721081554889679,NO
governante,governante,NOUN,S,Number=Sing,governanti,0.5687183141708374,NO
reservation,reservation,NOUN,S,,canceled,0.5142806172370911,NO
ananas,ananas,NOUN,S,Gender=Masc,avocado,0.677543580532074,NO
checkout,checkout,NOUN,S,Gender=Masc,check-out,0.45919784903526306,NO
commentatore,commentatore,NOUN,S,Gender=Masc|Number=Sing,opinionista,0.6589665412902832,NO
curò,curò,NOUN,S,Gender=Masc|Number=Plur,occupò,0.7544223070144653,NO
restaurants,restaurants,NOUN,S,Gender=Masc,shops,0.669233500957489,NO
gaming,gaming,NOUN,S,,videoludico,0.6108840703964233,NO
each,each,NOUN,S,Gender=Masc,every,0.6382939219474792,NO
massello,massello,NOUN,S,Gender=Masc|Number=Sing,legno,0.6476706862449646,YES
follow,follow,NOUN,S,Gender=Masc|Number=Sing,following,0.5703165531158447,NO
astrologia,astrologia,NOUN,S,Gender=Fem|Number=Sing,astronomia,0.6592633724212646,YES
coming,coming,NOUN,S,,going,0.5106385350227356,NO
vertebre,vertebre,NOUN,S,Gender=Masc|Number=Sing,costole,0.6445313692092896,NO
cod,cod,NOUN,S,Gender=Masc,c.c.,0.5745861530303955,NO
mascotte,mascotte,NOUN,S,Gender=Fem|Number=Sing,pupazzo,0.4774814546108246,NO
corridore,corridore,NOUN,S,Gender=Masc|Number=Sing,ciclista,0.6933529376983643,YES
modern,modern,NOUN,S,Gender=Masc,old,0.6191003918647766,NO
alchimia,alchimia,NOUN,S,Gender=Fem|Number=Sing,magia,0.6037132143974304,YES
make,make,NOUN,S,Gender=Masc,makeup,0.9071592688560486,NO
voodoo,voodoo,NOUN,S,Gender=Masc|Number=Sing,sciamano,0.43011510372161865,NO
doping,doping,NOUN,S,Gender=Masc,ciclismo,0.5614082217216492,NO
lucky,lucky,NOUN,S,Gender=Fem|Number=Sing,loser,0.5968195199966431,NO
ione,ione,NOUN,S,Gender=Fem|Number=Sing,ioni,0.6274406313896179,NO
ausiliario,ausiliario,NOUN,S,Gender=Masc|Number=Sing,ausiliari,0.6347160339355469,NO
region,region,NOUN,S,,regione,0.4900725185871124,YES
ecografia,ecografia,NOUN,S,Gender=Fem|Number=Sing,biopsia,0.6590072512626648,NO
raffreddore,raffreddore,NOUN,S,Gender=Masc|Number=Sing,tosse,0.6400375366210938,YES
using,using,NOUN,S,,used,0.5665495991706848,NO
mascarpone,mascarpone,NOUN,S,Gender=Fem|Number=Sing,ricotta,0.722459614276886,NO
coronamento,coronamento,NOUN,S,Gender=Masc|Number=Sing,coronato,0.6385213732719421,NO
villeggiatura,villeggiatura,NOUN,S,Gender=Fem|Number=Sing,vacanza,0.6060760617256165,YES
gruppetto,gruppetto,NOUN,S,Gender=Masc|Number=Sing,gruppo,0.701209306716919,YES
equipe,equipe,NOUN,S,Gender=Fem,équipe,0.8396732807159424,NO
isolotto,isolotto,NOUN,S,Gender=Masc|Number=Sing,arcipelago,0.617969274520874,YES
convention,convention,NOUN,S,,meeting,0.6089705228805542,YES
sigma,sigma,NOUN,S,Gender=Masc|Number=Sing,theta,0.5307642817497253,NO
mandibola,mandibola,NOUN,S,Gender=Fem|Number=Sing,mascella,0.8267567157745361,NO
carabiniere,carabiniere,NOUN,S,Gender=Masc|Number=Sing,carabinieri,0.7055464386940002,NO
giocatrice,giocatrice,NOUN,S,Gender=Masc|Number=Sing,giocatrici,0.7084430456161499,NO
egen,egen,NOUN,S,Gender=Masc|Number=Sing,lgh,0.6007837653160095,NO
romagnola,romagnola,NOUN,SP,Gender=Fem|Number=Sing,emiliana,0.7818379402160645,NO
political,political,NOUN,SP,Gender=Masc,religious,0.5332529544830322,NO
avambraccio,avambraccio,NOUN,S,Gender=Masc|Number=Sing,arto,0.5709924101829529,NO
anomala,anomala,NOUN,S,Gender=Fem|Number=Sing,insolita,0.6927431225776672,NO
osteria,osteria,NOUN,S,Gender=Fem|Number=Sing,trattoria,0.7257930040359497,NO
contra,contra,NOUN,S,Gender=Fem|Number=Sing,contro,0.48736098408699036,NO
ortografia,ortografia,NOUN,S,Gender=Fem|Number=Sing,grafia,0.6921497583389282,YES
indebitamento,indebitamento,NOUN,S,Gender=Masc|Number=Sing,debito,0.6944766640663147,YES
ingranaggi,ingranaggi,NOUN,S,Gender=Masc|Number=Plur,ingranaggio,0.7051559686660767,NO
epicentro,epicentro,NOUN,S,Gender=Masc|Number=Sing,magnitudo,0.532843291759491,YES
song,song,NOUN,S,Number=Sing,canzone,0.5677141547203064,YES
corvo,corvo,NOUN,S,Gender=Masc|Number=Sing,uccello,0.617179811000824,YES
mattine,mattine,NOUN,S,Gender=Fem|Number=Sing,mattino,0.6831345558166504,YES
frontman,frontman,NOUN,SP,Gender=Fem|Number=Sing,chitarrista,0.7544456124305725,YES
os,os,NOUN,PE,Gender=Fem|Number=Plur,z,0.4734392464160919,NO
rimpianto,rimpianto,NOUN,V,Gender=Masc|Number=Sing,rammarico,0.7070569396018982,NO
risentimento,risentimento,NOUN,S,Gender=Masc|Number=Sing,astio,0.7048501372337341,NO
bancone,bancone,NOUN,S,Gender=Masc|Number=Sing,banco,0.6351627707481384,YES
falda,falda,NOUN,S,Gender=Fem|Number=Sing,falde,0.6821266412734985,YES
message,message,NOUN,S,,send,0.49140024185180664,NO
distratto,distratto,NOUN,S,Gender=Masc|Number=Sing,distratta,0.6619595885276794,NO
sacramento,sacramento,NOUN,S,Gender=Masc|Number=Sing,sacramenti,0.6941879987716675,NO
currency,currency,NOUN,S,,forex,0.49048125743865967,YES
clavicembalo,clavicembalo,NOUN,S,Gender=Masc|Number=Sing,violoncello,0.7200322151184082,YES
pagina1,pagina1,NOUN,SP,Gender=Fem|Number=Sing,pagina50,0.5820547938346863,NO
saltuariamente,saltuariamente,NOUN,S,Number=Sing,sporadicamente,0.8364319801330566,NO
pad,pad,NOUN,S,,controller,0.6806986331939697,YES
ascoltatore,ascoltatore,NOUN,S,Gender=Masc|Number=Sing,ascoltatori,0.6413414478302002,NO
photos,photos,NOUN,S,,pictures,0.6375011801719666,NO
pallanuotista,pallanuotista,NOUN,S,Number=Sing,schermidore,0.6312856674194336,YES
tracciamento,tracciamento,NOUN,S,Gender=Masc|Number=Sing,rilevamento,0.6483754515647888,YES
cursore,cursore,NOUN,S,Gender=Masc|Number=Sing,mouse,0.6158082485198975,NO
brochure,brochure,NOUN,S,Gender=Fem,locandina,0.6275760531425476,NO
fragola,fragola,NOUN,S,Gender=Fem|Number=Sing,ciliegia,0.6995118260383606,NO
condizionatore,condizionatore,NOUN,S,Gender=Masc|Number=Sing,climatizzatore,0.7653130292892456,YES
servitore,servitore,NOUN,S,Gender=Masc|Number=Sing,servo,0.6835820078849792,NO
views0,views0,NOUN,S,Gender=Masc|Number=Sing,slut,0.408435583114624,NO
família,família,NOUN,S,Gender=Fem|Number=Sing,sobrenome,0.6281483769416809,NO
bugiardo,bugiardo,NOUN,S,Gender=Masc|Number=Sing,stupido,0.54542475938797,NO
canoa,canoa,NOUN,S,Gender=Masc|Number=Plur,kayak,0.7270306944847107,NO
ridimensionamento,ridimensionamento,NOUN,S,Gender=Masc|Number=Sing,drastico,0.6143574714660645,NO
psi,psi,NOUN,S,Gender=Masc|Number=Sing,phi,0.5518891215324402,YES
etero,etero,NOUN,S,Gender=Masc|Number=Sing,gay,0.7144249677658081,YES
loser,loser,NOUN,S,Gender=Masc,lucky,0.5968195796012878,YES
friends,friends,NOUN,B,Gender=Masc,friend,0.7350903153419495,NO
veto,veto,NOUN,S,Gender=Masc|Number=Sing,divieto,0.5136834383010864,YES
sottopone,sottopone,NOUN,S,Gender=Fem|Number=Sing,sottoposto,0.7054940462112427,NO
olivo,olivo,NOUN,S,Gender=Masc|Number=Sing,ulivo,0.8316176533699036,NO
acero,acero,NOUN,S,Gender=Masc|Number=Sing,abete,0.6285852789878845,NO
division,division,NOUN,S,Gender=Fem,conference,0.5587374567985535,NO
sciarpa,sciarpa,NOUN,S,Gender=Fem|Number=Sing,felpa,0.7205806374549866,NO
accompagnatore,accompagnatore,NOUN,S,Gender=Masc|Number=Sing,accompagnatori,0.6796647906303406,NO
sfuggita,sfuggita,NOUN,S,Gender=Fem|Number=Sing,sfuggito,0.7507811188697815,NO
prelievi,prelievi,NOUN,S,Gender=Masc|Number=Plur,prelievo,0.7395939826965332,NO
anemia,anemia,NOUN,S,Gender=Fem|Number=Sing,ipertensione,0.5995219945907593,YES
trip,trip,NOUN,S,Gender=Fem|Number=Plur,road,0.5147438645362854,YES
pos,pos,NOUN,S,,int,0.415239542722702,NO
torino,torino,NOUN,S,Gender=Masc|Number=Sing,milano,0.7594542503356934,NO
networking,networking,NOUN,A,Gender=Masc,network,0.6614715456962585,NO
sughero,sughero,NOUN,S,Gender=Masc|Number=Sing,legno,0.627822756767273,YES
quarantina,quarantina,NOUN,S,Gender=Fem|Number=Sing,cinquantina,0.8969479203224182,NO
ordigno,ordigno,NOUN,S,Gender=Masc|Number=Sing,esplosivo,0.6864672899246216,YES
smantellamento,smantellamento,NOUN,S,Gender=Masc|Number=Sing,demolizione,0.6133241653442383,NO
cartografia,cartografia,NOUN,S,Gender=Fem|Number=Sing,topografia,0.6565898060798645,NO
capitalista,capitalista,NOUN,S,Number=Sing,capitalismo,0.8153501749038696,NO
cabaret,cabaret,NOUN,S,Gender=Masc,comico,0.610568642616272,NO
ammoniaca,ammoniaca,NOUN,S,Gender=Fem|Number=Sing,azoto,0.5468788743019104,YES
ricavandone,ricavandone,NOUN,S,Gender=Fem|Number=Sing,ricavarne,0.5454185009002686,NO
canceled,canceled,NOUN,S,Gender=Fem|Number=Plur,reservation,0.5142806768417358,YES
technology,technology,NOUN,S,Gender=Masc|Number=Sing,information,0.6123379468917847,YES
cinematografia,cinematografia,NOUN,S,Gender=Fem|Number=Sing,cinematografica,0.742649257183075,NO
scrigno,scrigno,NOUN,S,Gender=Masc|Number=Sing,baule,0.5619940757751465,NO
campanello,campanello,NOUN,S,Gender=Masc|Number=Sing,allarme,0.5645241737365723,YES
esta,esta,NOUN,S,Number=Sing,para,0.4008193016052246,NO
grandiosa,grandiosa,NOUN,S,Gender=Fem|Number=Sing,magnifica,0.7836187481880188,NO
n.1970,n.1970,NOUN,S,Gender=Masc|Number=Plur,n.1971,0.9707779288291931,NO
portandolo,portandolo,NOUN,S,Gender=Masc|Number=Sing,portandola,0.8216208815574646,NO
ciuffo,ciuffo,NOUN,S,Gender=Fem|Number=Plur,biondo,0.5414705872535706,NO
attack,attack,NOUN,S,,attacks,0.5293199419975281,NO
corallo,corallo,NOUN,S,Gender=Masc|Number=Sing,coralli,0.67244952917099,NO
lustro,lustro,NOUN,S,Gender=Masc|Number=Sing,splendore,0.520342230796814,YES
partitura,partitura,NOUN,S,Gender=Fem|Number=Sing,sinfonia,0.685387134552002,YES
following,following,NOUN,S,,follow,0.5703166127204895,YES
instaura,instaura,NOUN,S,Gender=Fem|Number=Sing,instaurato,0.7035580277442932,NO
stratagemma,stratagemma,NOUN,S,Gender=Masc|Number=Sing,espediente,0.7847805023193359,NO
bad,bad,NOUN,S,,good,0.6639910936355591,NO
torcia,torcia,NOUN,S,Gender=Fem|Number=Sing,torce,0.6894308924674988,NO
correttore,correttore,NOUN,S,Gender=Masc|Number=Sing,rossetto,0.4884534776210785,NO
trattino,trattino,NOUN,S,Gender=Masc|Number=Sing,virgola,0.4730265438556671,NO
orfanotrofio,orfanotrofio,NOUN,S,Gender=Masc|Number=Plur,ospizio,0.582277774810791,NO
rivolgo,rivolgo,NOUN,S,Gender=Masc|Number=Sing,chiedo,0.6900597214698792,NO
tinello,tinello,NOUN,S,Gender=Masc|Number=Sing,cucinino,0.7529277205467224,NO
arduo,arduo,NOUN,S,Gender=Masc|Number=Sing,difficile,0.7795085310935974,NO
striscione,striscione,NOUN,S,Gender=Masc|Number=Sing,striscioni,0.7829263210296631,NO
toeletta,toeletta,NOUN,S,Gender=Fem|Number=Sing,asciugacapelli,0.512305498123169,NO
mld,mld,NOUN,S,Gender=Masc,miliardi,0.7952089309692383,NO
dimore,dimore,NOUN,S,Gender=Masc|Number=Sing,residenze,0.6991349458694458,NO
we,we,NOUN,S,Gender=Masc,you',0.674653947353363,NO
ary29,ary29,NOUN,S,Number=Sing,--valepert,0.5952682495117188,NO
showgirl,showgirl,NOUN,S,Gender=Masc|Number=Sing,conduttrice,0.6967206597328186,NO
devoto,devoto,NOUN,S,Gender=Masc|Number=Sing,devota,0.6602492928504944,NO
pois,pois,NOUN,S,,fiorellini,0.574826180934906,NO
figo,figo,NOUN,S,Gender=Masc|Number=Sing,bello,0.6040685772895813,NO
bouquet,bouquet,NOUN,S,Gender=Fem|Number=Sing,fiori,0.5851702094078064,NO
diaframma,diaframma,NOUN,S,Gender=Fem|Number=Plur,otturatore,0.6070646643638611,YES
riff,riff,NOUN,S,Gender=Fem|Number=Sing,assoli,0.6747444272041321,NO
viewed,viewed,NOUN,S,Gender=Fem|Number=Plur,view,0.4562946557998657,YES
bond,bond,NOUN,S,,obbligazionari,0.6474491953849792,NO
dinamanu,dinamanu,NOUN,S,Gender=Fem|Number=Sing,giucam61,0.6746841073036194,YES
salvatore,salvatore,NOUN,S,Gender=Masc|Number=Sing,eroe,0.546534538269043,YES
disappunto,disappunto,NOUN,S,Gender=Masc,dispiacere,0.7310699820518494,NO
tunisino,tunisino,NOUN,S,Gender=Masc|Number=Sing,marocchino,0.7872098088264465,NO
filologia,filologia,NOUN,S,Gender=Fem|Number=Sing,letteratura,0.6610738039016724,YES
prolifico,prolifico,NOUN,S,Gender=Masc|Number=Sing,talentuoso,0.6143884062767029,NO
disarmo,disarmo,NOUN,S,Gender=Masc|Number=Sing,smantellamento,0.4980008602142334,YES
fantacalcio,fantacalcio,NOUN,S,Gender=Masc|Number=Sing,calciomercato,0.41480743885040283,NO
vantaggiosa,vantaggiosa,NOUN,S,Gender=Fem|Number=Sing,vantaggioso,0.7288380265235901,NO
questore,questore,NOUN,S,Gender=Masc|Number=Sing,prefetto,0.6541133522987366,YES
frullatore,frullatore,NOUN,S,Gender=Masc|Number=Sing,mixer,0.6752933859825134,NO
indeciso,indeciso,NOUN,S,Gender=Masc|Number=Sing,indecisa,0.7847445011138916,NO
cuscinetto,cuscinetto,NOUN,S,Gender=Masc|Number=Sing,cuscinetti,0.6780707240104675,NO
patologica,patologica,NOUN,S,Gender=Fem|Number=Sing,patologia,0.7667805552482605,YES
fabbro,fabbro,NOUN,S,Gender=Masc|Number=Sing,falegname,0.6773975491523743,NO
c.p,c.p,NOUN,S,Gender=Masc|Number=Sing,c.p.c.,0.5668718218803406,NO
rooms,rooms,NOUN,S,Gender=Fem,room,0.7293692827224731,YES
alveo,alveo,NOUN,S,Gender=Masc|Number=Sing,argine,0.5867568254470825,NO
ventilatore,ventilatore,NOUN,S,Gender=Masc|Number=Sing,condizionatore,0.665656328201294,YES
vendemmia,vendemmia,NOUN,V,Gender=Fem|Number=Sing,vigna,0.6238812208175659,YES
fittizio,fittizio,NOUN,S,Gender=Masc|Number=Sing,fittizia,0.7087634205818176,NO
operator,operator,NOUN,S,Gender=Fem|Number=Plur,tour,0.5063634514808655,YES
gonfiore,gonfiore,NOUN,S,Gender=Masc|Number=Sing,bruciore,0.7206207513809204,NO
divine,divine,NOUN,S,Gender=Fem|Number=Sing,divina,0.6196168661117554,NO
coautore,coautore,NOUN,S,Gender=Masc|Number=Sing,autore,0.5637347102165222,YES
periodicity,periodicity,NOUN,S,Gender=Masc|Number=Sing,viewed,0.32541462779045105,YES
antropologo,antropologo,NOUN,S,Gender=Masc|Number=Sing,sociologo,0.7359524965286255,YES
sdegno,sdegno,NOUN,S,Gender=Masc|Number=Sing,indignazione,0.7380951642990112,NO
etichettatura,etichettatura,NOUN,S,Gender=Fem|Number=Sing,etichetta,0.618297278881073,NO
contrappone,contrappone,NOUN,S,Gender=Fem|Number=Sing,oppone,0.717984676361084,NO
n.1969,n.1969,NOUN,S,Gender=Masc|Number=Plur,n.1960,0.9686405658721924,NO
lembo,lembo,NOUN,S,,lembi,0.6487206816673279,NO
auditorium,auditorium,NOUN,S,Gender=Masc|Number=Sing,polifunzionale,0.584754467010498,NO
revival,revival,NOUN,S,Gender=Masc,folk,0.5519109964370728,NO
choc,choc,NOUN,S,Gender=Masc,shock,0.7482055425643921,YES
tant,tant,NOUN,S,Gender=Masc,tutt,0.5687825679779053,YES
corro,corro,NOUN,S,Gender=Masc|Number=Sing,vado,0.7061429023742676,NO
sciabola,sciabola,NOUN,S,Gender=Fem|Number=Sing,spada,0.6471744775772095,YES
maniero,maniero,NOUN,S,Gender=Masc|Number=Sing,castello,0.6250158548355103,YES
consigliera,consigliera,NOUN,S,Gender=Fem|Number=Sing,consigliere,0.6779550313949585,YES
pudore,pudore,NOUN,S,Gender=Masc|Number=Sing,decenza,0.6060465574264526,NO
lanciatore,lanciatore,NOUN,S,Gender=Masc|Number=Sing,lanciatori,0.6627241969108582,NO
leghista,leghista,NOUN,S,Number=Sing,leghisti,0.6690883636474609,NO
omeopatia,omeopatia,NOUN,S,Gender=Fem|Number=Sing,medicina,0.6003698706626892,NO
feldmaresciallo,feldmaresciallo,NOUN,S,Gender=Masc|Number=Sing,maresciallo,0.5597606897354126,YES
origina,origina,NOUN,S,Gender=Fem|Number=Sing,originato,0.5980401039123535,NO
lobo,lobo,NOUN,S,Gender=Masc|Number=Sing,lobi,0.5762256979942322,NO
afferra,afferra,NOUN,S,Gender=Fem|Number=Sing,afferrare,0.6161898374557495,NO
ambulatorio,ambulatorio,NOUN,S,Gender=Masc|Number=Sing,ospedale,0.698773205280304,YES
stereotipo,stereotipo,NOUN,S,Gender=Masc|Number=Sing,stereotipi,0.726309597492218,NO
congelamento,congelamento,NOUN,S,Gender=Masc|Number=Sing,congelare,0.6152937412261963,NO
mandolino,mandolino,NOUN,S,Gender=Masc|Number=Sing,flauto,0.5887649059295654,NO
trial,trial,NOUN,S,Gender=Fem|Number=Plur,clinici,0.4700186252593994,NO
bizzarra,bizzarra,NOUN,S,Gender=Fem|Number=Sing,strana,0.8199162483215332,NO
missaggio,missaggio,NOUN,S,Gender=Masc|Number=Sing,arrangiamento,0.5180029273033142,YES
radiatore,radiatore,NOUN,S,Gender=Masc|Number=Sing,radiatori,0.7171034812927246,NO
radicchio,radicchio,NOUN,S,Gender=Masc|Number=Sing,cavolfiore,0.6319234371185303,NO
phone,phone,NOUN,S,Gender=Fem|Number=Sing,cell,0.5173239707946777,NO
tacchino,tacchino,NOUN,S,Gender=Masc|Number=Sing,pollo,0.764565646648407,YES
troie,troie,NOUN,S,Gender=Fem|Number=Plur,puttane,0.6686211824417114,NO
monografia,monografia,NOUN,S,Gender=Fem|Number=Sing,monografie,0.641180694103241,NO
omesso,omesso,NOUN,V,Gender=Masc|Number=Sing,omessa,0.6723368167877197,NO
annullo,annullo,NOUN,S,Gender=Masc|Number=Sing,annullata,0.43588000535964966,NO
regressione,regressione,NOUN,S,Gender=Fem|Number=Sing,progressione,0.5878570079803467,YES
castagno,castagno,NOUN,S,Gender=Masc|Number=Sing,faggio,0.6767843961715698,NO
équipe,équipe,NOUN,S,Gender=Fem,equipe,0.8396732807159424,YES
sperone,sperone,NOUN,S,Gender=Fem|Number=Sing,torrione,0.5135320425033569,NO
pretorio,pretorio,NOUN,S,Gender=Masc|Number=Sing,prefetto,0.44519367814064026,YES
sillaba,sillaba,NOUN,S,Gender=Fem|Number=Sing,consonante,0.6883513331413269,NO
caddero,caddero,NOUN,V,Gender=Masc|Number=Sing,cadde,0.7897342443466187,NO
cigno,cigno,NOUN,S,Gender=Masc|Number=Sing,uccello,0.6034067273139954,YES
briciole,briciole,NOUN,S,Gender=Masc|Number=Sing,fette,0.5043355822563171,NO
arrangiatore,arrangiatore,NOUN,S,Gender=Masc|Number=Sing,paroliere,0.6660069823265076,NO
cruscotto,cruscotto,NOUN,S,Gender=Masc|Number=Sing,parabrezza,0.6633120775222778,NO
transitorio,transitorio,NOUN,S,Gender=Masc|Number=Sing,transitoria,0.7015140056610107,NO
presumo,presumo,NOUN,S,Gender=Masc|Number=Sing,suppongo,0.8707098364830017,NO
nascondiglio,nascondiglio,NOUN,S,Gender=Masc|Number=Sing,covo,0.6896305680274963,YES
let,let,NOUN,SW,Gender=Masc,get,0.5182544589042664,NO
denominatore,denominatore,NOUN,S,Gender=Masc|Number=Sing,comune,0.5618941187858582,NO
saggia,saggia,NOUN,S,Gender=Fem|Number=Sing,coraggiosa,0.6240658760070801,NO
geopolitica,geopolitica,NOUN,S,Gender=Fem|Number=Sing,geografia,0.616140604019165,YES
sorsero,sorsero,NOUN,S,Gender=Masc|Number=Sing,sorse,0.7419276833534241,NO
spinsero,spinsero,NOUN,S,Gender=Masc|Number=Sing,spinse,0.8843721151351929,NO
condensatore,condensatore,NOUN,S,Gender=Masc|Number=Sing,condensatori,0.6844478845596313,NO
plotone,plotone,NOUN,S,Gender=Fem|Number=Sing,battaglione,0.6582226753234863,YES
nordest,nordest,NOUN,SW,,nord-est,0.856559157371521,YES
suppongo,suppongo,NOUN,S,Gender=Masc|Number=Sing,presumo,0.8707098364830017,YES
supervisore,supervisore,NOUN,S,Gender=Masc|Number=Sing,coordinatore,0.6169453859329224,YES
antibagno,antibagno,NOUN,S,Gender=Masc|Number=Sing,ripostiglio,0.6861016750335693,YES
rendiconto,rendiconto,NOUN,S,Gender=Masc|Number=Sing,consuntivo,0.7024996876716614,NO
chiocciola,chiocciola,NOUN,S,Gender=Fem|Number=Sing,scala,0.48468825221061707,NO
vicesindaco,vicesindaco,NOUN,S,Gender=Masc|Number=Sing,sindaco,0.8597127795219421,YES
ultimatum,ultimatum,NOUN,S,Gender=Masc,avvertimento,0.542850911617279,YES
corrosione,corrosione,NOUN,S,Gender=Fem|Number=Sing,ossidazione,0.6029825806617737,NO
francobollo,francobollo,NOUN,S,Gender=Masc|Number=Sing,francobolli,0.7213196158409119,NO
riepilogo,riepilogo,NOUN,S,Gender=Masc|Number=Sing,riassunto,0.649194061756134,YES
fucsia,fucsia,NOUN,S,Gender=Fem|Number=Sing,arancione,0.6885817050933838,NO
ammortamento,ammortamento,NOUN,S,Gender=Masc|Number=Sing,ammortamenti,0.6112558245658875,NO
legga,legga,NOUN,S,Gender=Masc|Number=Sing,scriva,0.7650772333145142,NO
centro-sinistra,centro-sinistra,NOUN,S,Gender=Masc|Number=Sing,centro-destra,0.8600658178329468,NO
soddisfacente,soddisfacente,NOUN,S,Number=Sing,soddisfacente,0.4300641119480133,NO
rasoio,rasoio,NOUN,S,Gender=Masc|Number=Sing,coltello,0.551186203956604,YES
pellegrino,pellegrino,NOUN,S,Gender=Masc|Number=Sing,pellegrini,0.6291908025741577,NO
cha,cha,NOUN,RD,Gender=Masc,che,0.599953293800354,NO
scrutinio,scrutinio,NOUN,S,Gender=Masc|Number=Sing,voto,0.6241123080253601,YES
escalation,escalation,NOUN,S,,impennata,0.5925034284591675,NO
manicure,manicure,NOUN,S,Gender=Fem|Number=Plur,nail,0.6595431566238403,NO
riavvio,riavvio,NOUN,V,Gender=Masc|Number=Sing,riavviare,0.7404321432113647,NO
vassallo,vassallo,NOUN,S,Gender=Masc|Number=Sing,vassalli,0.6683875918388367,NO
viadotto,viadotto,NOUN,S,Gender=Masc|Number=Sing,cavalcavia,0.6395242214202881,NO
omissione,omissione,NOUN,S,Gender=Fem|Number=Sing,omessa,0.6664999127388,NO
sassofonista,sassofonista,NOUN,S,Number=Sing,trombettista,0.8064540028572083,NO
mathcal,mathcal,NOUN,S,Gender=Fem|Number=Plur,mathbb,0.6385635733604431,NO
scelgo,scelgo,NOUN,V,Gender=Masc|Number=Sing,preferisco,0.741921067237854,NO
motociclista,motociclista,NOUN,S,Number=Sing,ciclista,0.6556029915809631,YES
registratore,registratore,NOUN,S,Gender=Masc|Number=Sing,microfono,0.5896279215812683,NO
vitro,vitro,NOUN,B,Gender=Masc|Number=Sing,situ,0.5149931907653809,NO
penitenziario,penitenziario,NOUN,S,Gender=Masc|Number=Sing,carcere,0.73243248462677,YES
scopritore,scopritore,NOUN,S,Gender=Masc|Number=Sing,inventore,0.5454092025756836,YES
commediografo,commediografo,NOUN,S,Gender=Masc|Number=Sing,drammaturgo,0.8318520784378052,YES
assassina,assassina,NOUN,SP,Gender=Fem|Number=Sing,assassino,0.6928039789199829,NO
job,job,NOUN,SP,Gender=Masc|Number=Sing,work,0.5742943286895752,NO
alzo,alzo,NOUN,S,Gender=Fem|Number=Plur,alza,0.5525323748588562,NO
clamore,clamore,NOUN,S,Gender=Masc|Number=Sing,scalpore,0.72488933801651,YES
four,four,NOUN,S,Gender=Masc|Number=Plur,three,0.6886835098266602,NO
precetti,precetti,NOUN,B,Gender=Masc|Number=Plur,dettami,0.6927679181098938,NO
stacco,stacco,NOUN,A,Gender=Masc|Number=Sing,distacco,0.5359895825386047,YES
equatore,equatore,NOUN,S,Gender=Masc|Number=Sing,equatoriale,0.6486883759498596,NO
picnic,picnic,NOUN,S,Gender=Masc|Number=Sing,barbecue,0.596221923828125,YES
predatore,predatore,NOUN,S,Gender=Masc|Number=Sing,predatori,0.6718084812164307,NO
marmorea,marmorea,NOUN,S,Gender=Fem|Number=Sing,lignea,0.6486917734146118,NO
straccio,straccio,NOUN,S,Gender=Masc|Number=Sing,stracci,0.5298197269439697,NO
placebo,placebo,NOUN,S,Gender=Fem,farmaco,0.5165848135948181,YES
giglio,giglio,NOUN,S,Gender=Masc|Number=Sing,gigli,0.7029167413711548,NO
making,making,NOUN,S,Gender=Masc,maker,0.49813443422317505,NO
nerone,nerone,NOUN,S,Gender=Fem|Number=Sing,mt196,0.5529851317405701,NO
balene,balene,NOUN,S,Gender=Fem|Number=Sing,balena,0.6553786993026733,NO
rotore,rotore,NOUN,S,Gender=Masc|Number=Sing,turbina,0.5517197847366333,YES
curry,curry,NOUN,S,Gender=Masc|Number=Sing,curcuma,0.6756068468093872,NO
spider,spider,NOUN,S,,coupé,0.566837728023529,NO
lead,lead,NOUN,S,Gender=Fem|Number=Plur,senior,0.4478875994682312,NO
dischetto,dischetto,NOUN,S,Gender=Masc|Number=Sing,floppy,0.5308808088302612,NO
pupazzo,pupazzo,NOUN,S,Gender=Masc|Number=Sing,pupazzi,0.72552889585495,NO
lucidatura,lucidatura,NOUN,S,Gender=Fem|Number=Sing,verniciatura,0.6456174850463867,NO
tomo,tomo,NOUN,S,Gender=Masc|Number=Sing,volume,0.5811055302619934,YES
goyim,goyim,NOUN,S,Gender=Masc|Number=Sing,goym,0.5430358052253723,NO
podcast,podcast,NOUN,S,,playlist,0.5205376744270325,NO
dismissione,dismissione,NOUN,S,Gender=Fem|Number=Sing,riconversione,0.6550838351249695,NO
ammenda,ammenda,NOUN,S,Gender=Fem|Number=Sing,multa,0.6512188911437988,YES
tirar,tirar,NOUN,S,Number=Plur,tirare,0.8474322557449341,NO
stento,stento,NOUN,S,Gender=Masc|Number=Sing,malapena,0.7539806962013245,NO
predominio,predominio,NOUN,S,Gender=Masc|Number=Sing,supremazia,0.7004197239875793,NO
felpa,felpa,NOUN,S,Gender=Fem|Number=Sing,maglietta,0.7955742478370667,NO
sommario,sommario,NOUN,S,Gender=Masc|Number=Sing,riepilogo,0.6061961054801941,YES
princìpi,princìpi,NOUN,S,Gender=Masc|Number=Plur,principi,0.8607879281044006,NO
property,property,NOUN,V,Gender=Masc,rights,0.4592340588569641,YES
pasticcio,pasticcio,NOUN,S,Gender=Masc|Number=Sing,pasticci,0.6896501779556274,NO
autoprodotto,autoprodotto,NOUN,S,Gender=Masc|Number=Sing,autoproduzione,0.6642882227897644,NO
rangle,rangle,NOUN,A,Gender=Masc,langle,0.6403446197509766,NO
pancreas,pancreas,NOUN,S,Gender=Fem|Number=Sing,fegato,0.6579552292823792,YES
concepimento,concepimento,NOUN,S,Gender=Masc|Number=Sing,feto,0.6245707273483276,NO
desta,desta,NOUN,S,Gender=Fem|Number=Plur,destato,0.7118545770645142,NO
ciliegio,ciliegio,NOUN,S,Gender=Masc|Number=Sing,castagno,0.6293090581893921,YES
plug,plug,NOUN,S,Number=Sing,plugin,0.752658486366272,YES
glitter,glitter,NOUN,S,,strass,0.6863775253295898,NO
passatempo,passatempo,NOUN,S,Gender=Masc|Number=Sing,hobby,0.674126923084259,NO
lastrico,lastrico,NOUN,S,Gender=Masc|Number=Sing,terrazzo,0.4400794208049774,YES
zitto,zitto,NOUN,S,Gender=Masc|Number=Sing,stronzo,0.5027790069580078,NO
buonsenso,buonsenso,NOUN,S,Gender=Masc|Number=Sing,prudenza,0.5855463147163391,NO
stanziamento,stanziamento,NOUN,S,Gender=Masc|Number=Sing,stanziato,0.6929214000701904,NO
embargo,embargo,NOUN,S,Gender=Masc|Number=Sing,esportazioni,0.464958131313324,NO
scontrino,scontrino,NOUN,S,Gender=Masc|Number=Sing,coupon,0.4752159118652344,NO
cordoglio,cordoglio,NOUN,S,Gender=Masc|Number=Sing,lutto,0.5772116184234619,NO
fazzoletto,fazzoletto,NOUN,S,Gender=Masc|Number=Sing,foulard,0.6522838473320007,NO
caffetteria,caffetteria,NOUN,S,Gender=Fem|Number=Sing,gelateria,0.6168069243431091,NO
distaccamento,distaccamento,NOUN,S,Gender=Masc|Number=Sing,contingente,0.5333618521690369,NO
villino,villino,NOUN,S,Gender=Masc|Number=Sing,villetta,0.7287378907203674,NO
teenager,teenager,NOUN,S,Gender=Masc,adolescenti,0.6826265454292297,NO
ghiaia,ghiaia,NOUN,S,Gender=Masc|Number=Plur,sabbia,0.7136442065238953,YES
bufera,bufera,NOUN,S,Gender=Fem|Number=Sing,tempesta,0.6709935665130615,YES
porco,porco,NOUN,S,Gender=Masc|Number=Sing,maiale,0.6426151990890503,NO
reperimento,reperimento,NOUN,S,Gender=Masc|Number=Sing,reperire,0.6519509553909302,NO
lemma,lemma,NOUN,S,Gender=Fem|Number=Sing,dizionario,0.6327062249183655,YES
drappo,drappo,NOUN,B,Gender=Masc|Number=Sing,stendardo,0.6046749949455261,NO
autoritario,autoritario,NOUN,S,Gender=Masc|Number=Sing,autoritaria,0.6892386674880981,NO
puntatore,puntatore,NOUN,S,Gender=Masc|Number=Sing,cursore,0.6115500926971436,YES
legamento,legamento,NOUN,A,Gender=Masc|Number=Sing,legamenti,0.6605213284492493,NO
buoi,buoi,NOUN,S,Gender=Masc|Number=Plur,cavalli,0.562998354434967,NO
gemma,gemma,NOUN,S,Gender=Masc|Number=Sing,perla,0.6517205834388733,NO
piumaggio,piumaggio,NOUN,S,Gender=Masc|Number=Sing,becco,0.5588150024414062,YES
bestseller,bestseller,NOUN,S,Gender=Fem|Number=Sing,romanzi,0.5594997406005859,NO
concistoro,concistoro,NOUN,S,Gender=Masc|Number=Sing,conclave,0.5629756450653076,NO
calunnia,calunnia,NOUN,S,Gender=Fem|Number=Sing,diffamazione,0.6120331883430481,NO
plesso,plesso,NOUN,S,Gender=Masc|Number=Sing,plessi,0.6522681713104248,NO
tantino,tantino,NOUN,S,Gender=Masc|Number=Sing,pochino,0.7915801405906677,YES
import,import,NOUN,S,Gender=Masc,export,0.691646933555603,YES
piercing,piercing,NOUN,S,,tatuaggi,0.6395334005355835,NO
catering,catering,NOUN,S,,ristorazione,0.6110204458236694,NO
bè,bè,NOUN,SW,Gender=Masc,ah,0.7888736128807068,NO
baluardo,baluardo,NOUN,S,Gender=Masc|Number=Sing,bastione,0.6502315402030945,NO
fosso,fosso,NOUN,S,Gender=Masc|Number=Sing,fossato,0.6215264797210693,NO
ascensione,ascensione,NOUN,S,Gender=Fem|Number=Sing,ascesa,0.5703139901161194,YES
gettito,gettito,NOUN,S,Gender=Masc|Number=Sing,introiti,0.5483235120773315,NO
controllore,controllore,NOUN,S,Gender=Masc|Number=Sing,controllori,0.6853373646736145,NO
grafo,grafo,NOUN,S,Gender=Masc|Number=Sing,grafi,0.6595512628555298,NO
stazza,stazza,NOUN,S,Gender=Fem|Number=Sing,corporatura,0.6550683975219727,NO
fessura,fessura,NOUN,S,Gender=Fem|Number=Sing,fessure,0.6297532320022583,NO
buffo,buffo,NOUN,S,Gender=Fem|Number=Plur,bizzarro,0.7156469821929932,NO
sofferma,sofferma,NOUN,S,Gender=Fem|Number=Sing,soffermarsi,0.6939024925231934,NO
rosario,rosario,NOUN,S,Gender=Masc|Number=Sing,preghiere,0.5015925168991089,NO
laterizio,laterizio,NOUN,S,Gender=Masc|Number=Sing,muratura,0.6516960263252258,NO
atroce,atroce,NOUN,S,,terribile,0.7574636936187744,NO
passeggio,passeggio,NOUN,S,Gender=Masc|Number=Sing,passeggiare,0.6999102234840393,NO
chipset,chipset,NOUN,S,Gender=Masc|Number=Sing,processori,0.6747438311576843,NO
tormentone,tormentone,NOUN,S,Gender=Fem|Number=Sing,ritornello,0.6190760731697083,YES
exploit,exploit,NOUN,S,Gender=Masc|Number=Plur,successo,0.5142478942871094,YES
leopardo,leopardo,NOUN,S,Gender=Masc|Number=Sing,leone,0.5745364427566528,YES
stralcio,stralcio,NOUN,S,Gender=Masc|Number=Sing,riporto,0.5447931885719299,NO
mosto,mosto,NOUN,S,Gender=Masc|Number=Sing,vino,0.5366808176040649,YES
etiope,etiope,NOUN,S,Gender=Masc|Number=Plur,egiziano,0.5772570371627808,NO
ginecologo,ginecologo,NOUN,S,Gender=Masc|Number=Sing,medico,0.7230665683746338,YES
sintomatologia,sintomatologia,NOUN,S,Gender=Fem|Number=Sing,patologia,0.7074149250984192,YES
calza,calza,NOUN,S,Gender=Fem|Number=Sing,calze,0.5383334755897522,NO
cipriota,cipriota,NOUN,S,Gender=Fem|Number=Sing,greca,0.6269013285636902,NO
geografo,geografo,NOUN,S,Gender=Masc|Number=Sing,cartografo,0.6588081121444702,NO
joint,joint,NOUN,S,,venture,0.5254256129264832,YES
autonoleggio,autonoleggio,NOUN,S,Gender=Masc|Number=Sing,autonoleggi,0.6475078463554382,NO
patrizio,patrizio,NOUN,S,Gender=Masc|Number=Sing,patrizia,0.6409772634506226,NO
fondamentalista,fondamentalista,NOUN,A,Number=Sing,estremista,0.7019509673118591,NO
scempio,scempio,NOUN,S,Gender=Masc|Number=Sing,devastazione,0.5730363726615906,NO
testosterone,testosterone,NOUN,S,Gender=Fem|Number=Sing,ormone,0.7024293541908264,YES
taiwanese,taiwanese,NOUN,S,Number=Sing,cinese,0.708362877368927,NO
carburatore,carburatore,NOUN,S,Gender=Masc|Number=Sing,motore,0.5444689989089966,YES
cromo,cromo,NOUN,S,Gender=Masc|Number=Sing,manganese,0.595564067363739,NO
artrite,artrite,NOUN,S,Gender=Fem|Number=Sing,osteoporosi,0.5900771021842957,NO
futurista,futurista,NOUN,S,Number=Sing,minimalista,0.5575611591339111,NO
guasta,guasta,NOUN,S,Number=Sing,manca,0.5413954854011536,NO
scettro,scettro,NOUN,S,Gender=Masc|Number=Sing,corona,0.5279209017753601,NO
peace,peace,NOUN,A,Gender=Masc,pace,0.5275774002075195,NO
cofondatore,cofondatore,NOUN,S,Gender=Masc|Number=Sing,fondatore,0.8305930495262146,YES
ipod,ipod,NOUN,S,Gender=Masc|Number=Sing,iphone,0.5684573650360107,YES
supermarket,supermarket,NOUN,S,Gender=Masc,supermercato,0.8082572817802429,NO
percussione,percussione,NOUN,S,Gender=Masc|Number=Sing,percussioni,0.5881749391555786,NO
progress,progress,NOUN,S,Gender=Masc,work,0.7214856147766113,NO
perseguimento,perseguimento,NOUN,S,Gender=Masc|Number=Sing,perseguire,0.707629919052124,NO
inquilino,inquilino,NOUN,B,Gender=Masc|Number=Sing,inquilini,0.676115870475769,NO
pie,pie,NOUN,S,Gender=Fem|Number=Plur,piè,0.5129808783531189,NO
character,character,NOUN,S,Gender=Masc,graphic,0.5175612568855286,NO
terrace,terrace,NOUN,S,Number=Sing,balcony,0.7433715462684631,NO
indebolimento,indebolimento,NOUN,S,Gender=Masc|Number=Sing,impoverimento,0.6884500980377197,NO
picchiaduro,picchiaduro,NOUN,S,Gender=Masc|Number=Sing,arcade,0.629371166229248,NO
summer,summer,NOUN,S,,school,0.5399437546730042,NO
simulacro,simulacro,NOUN,S,Gender=Masc|Number=Sing,statua,0.5551425218582153,NO
ciclone,ciclone,NOUN,S,Gender=Fem|Number=Sing,uragano,0.6650916337966919,NO
torsione,torsione,NOUN,S,Gender=Fem|Number=Sing,curvatura,0.5359230041503906,NO
medaglione,medaglione,NOUN,S,Gender=Fem|Number=Sing,ciondolo,0.6605616807937622,NO
leucemia,leucemia,NOUN,S,Gender=Fem|Number=Sing,tumore,0.7045802474021912,YES
cowboy,cowboy,NOUN,S,Gender=Fem|Number=Sing,western,0.6346998810768127,NO
matrigna,matrigna,NOUN,SP,Gender=Fem|Number=Sing,sorellastra,0.6566886305809021,NO
oltranza,oltranza,NOUN,S,Gender=Fem|Number=Sing,strenuamente,0.5144150257110596,NO
scambia,scambia,NOUN,S,Gender=Fem|Number=Sing,scambiano,0.7783265113830566,NO
zoccolo,zoccolo,NOUN,S,Gender=Masc|Number=Sing,zoccoli,0.5547957420349121,NO
origin,origin,NOUN,S,Gender=Masc|Number=Sing,language,0.41248372197151184,YES
rosone,rosone,NOUN,S,Gender=Fem|Number=Sing,abside,0.5546531081199646,NO
s.m.i,s.m.i,NOUN,V,,lett.,0.3587211072444916,YES
confettura,confettura,NOUN,S,Gender=Fem|Number=Sing,marmellata,0.8098363876342773,NO
retaggio,retaggio,NOUN,S,Gender=Masc|Number=Sing,nostalgico,0.5656964182853699,NO
collettore,collettore,NOUN,S,Gender=Masc|Number=Sing,collettori,0.6573866009712219,NO
advertising,advertising,NOUN,S,Gender=Masc|Number=Plur,marketing,0.6857067942619324,YES
mandarino,mandarino,NOUN,S,Gender=Masc|Number=Sing,cinese,0.5507900714874268,NO
sarcasmo,sarcasmo,NOUN,S,Gender=Masc|Number=Sing,ironia,0.7467763423919678,NO
stufe,stufe,NOUN,S,Gender=Masc|Number=Sing,stufa,0.659125566482544,NO
moderatore,moderatore,NOUN,S,Gender=Masc|Number=Sing,moderatori,0.6794516444206238,NO
pressing,pressing,NOUN,S,,contropiede,0.45899465680122375,NO
piroscafo,piroscafo,NOUN,S,Gender=Masc|Number=Sing,battello,0.5738983154296875,YES
muratore,muratore,NOUN,S,Gender=Masc|Number=Sing,operaio,0.6466060280799866,NO
tormento,tormento,NOUN,S,Gender=Masc|Number=Sing,angoscia,0.6290434002876282,NO
reach,reach,NOUN,S,Gender=Masc,within,0.433342844247818,NO
aggressore,aggressore,NOUN,S,Gender=Masc|Number=Sing,aggressori,0.6311236023902893,NO
followers,followers,NOUN,V,Gender=Masc|Number=Sing,follower,0.8842527270317078,NO
melodramma,melodramma,NOUN,S,Gender=Fem|Number=Sing,dramma,0.6651142835617065,YES
montatura,montatura,NOUN,S,Gender=Fem|Number=Sing,occhiali,0.48396918177604675,NO
finocchio,finocchio,NOUN,S,Gender=Masc|Number=Sing,rosmarino,0.591413140296936,NO
mortaio,mortaio,NOUN,S,Gender=Masc|Number=Sing,mortai,0.6106663942337036,NO
sospiro,sospiro,NOUN,S,Gender=Masc|Number=Sing,sollievo,0.6141838431358337,NO
butto,butto,NOUN,S,Gender=Masc|Number=Sing,metto,0.6232145428657532,NO
sneakers,sneakers,NOUN,S,Gender=Fem|Number=Plur,scarpe,0.7481350898742676,NO
caffé,caffé,NOUN,S,Gender=Masc,caffè,0.9126867651939392,YES
plagio,plagio,NOUN,S,Gender=Masc|Number=Sing,diffamazione,0.5404326319694519,NO
conoscitore,conoscitore,NOUN,S,Gender=Masc|Number=Sing,appassionato,0.6301966905593872,NO
daccordo,daccordo,NOUN,S,Gender=Masc|Number=Sing,concordo,0.7233229875564575,YES
cart,cart,NOUN,SP,Gender=Masc|Number=Plur,carrello,0.39383405447006226,YES
inadempimento,inadempimento,NOUN,S,Gender=Masc|Number=Sing,adempimento,0.5626950263977051,YES
filmografia,filmografia,NOUN,S,Gender=Fem|Number=Sing,cinematografia,0.6038748025894165,YES
cabinet,cabinet,NOUN,S,Gender=Masc,rack,0.4645940661430359,NO
cinturino,cinturino,NOUN,S,Gender=Masc|Number=Sing,bracciale,0.6286418437957764,NO
scrupolo,scrupolo,NOUN,S,Gender=Masc|Number=Sing,zelo,0.5664146542549133,NO
edema,edema,NOUN,S,Gender=Masc|Number=Sing,gonfiore,0.647252082824707,YES
bass,bass,NOUN,S,Gender=Masc,guitar,0.57853764295578,NO
agent,agent,NOUN,SP,Gender=Fem|Number=Sing,free,0.46250277757644653,NO
fervore,fervore,NOUN,S,Gender=Masc|Number=Sing,ardore,0.7566415667533875,NO
mitra,mitra,NOUN,S,Gender=Fem|Number=Sing,fucile,0.6653189063072205,YES
geometra,geometra,NOUN,S,Number=Sing,architetto,0.6605924367904663,YES
zoologo,zoologo,NOUN,S,Gender=Masc|Number=Sing,entomologo,0.713496744632721,NO
carnagione,carnagione,NOUN,S,Gender=Fem|Number=Sing,corporatura,0.5625296235084534,NO
basic,basic,NOUN,S,Gender=Masc|Number=Sing,minimal,0.5955160856246948,YES
aristocratico,aristocratico,NOUN,S,Gender=Masc|Number=Sing,aristocratica,0.7198927998542786,NO
maionese,maionese,NOUN,V,Number=Sing,besciamella,0.638523280620575,NO
secret,secret,NOUN,S,Gender=Masc,top,0.5025112628936768,NO
anoressia,anoressia,NOUN,S,Gender=Fem|Number=Sing,obesità,0.618049144744873,NO
ecommerce,ecommerce,NOUN,SP,Gender=Fem,e-commerce,0.8692301511764526,NO
tabellino,tabellino,NOUN,V,Gender=Masc|Number=Sing,referto,0.4761176109313965,NO
disuguaglianza,disuguaglianza,NOUN,S,Gender=Fem|Number=Sing,disuguaglianze,0.7683733701705933,NO
below,below,NOUN,S,Gender=Masc|Number=Sing,above,0.5944728255271912,NO
pentimento,pentimento,NOUN,S,Gender=Masc|Number=Sing,rimorso,0.638708233833313,NO
passaparola,passaparola,NOUN,S,Gender=Fem|Number=Sing,virale,0.4894707202911377,NO
ns0,ns0,NOUN,S,Gender=Masc|Number=Sing,namespace,0.6379719376564026,NO
ipoteca,ipoteca,NOUN,S,Gender=Fem|Number=Sing,pignoramento,0.4909898638725281,NO
sussidio,sussidio,NOUN,S,Gender=Masc|Number=Sing,sussidi,0.6709212064743042,NO
dolo,dolo,NOUN,S,Gender=Masc|Number=Sing,negligenza,0.5199938416481018,NO
meridione,meridione,NOUN,S,Gender=Fem|Number=Sing,settentrione,0.7032036185264587,NO
astro,astro,NOUN,S,Gender=Masc|Number=Sing,nascente,0.5969406962394714,NO
acne,acne,NOUN,V,Gender=Fem|Number=Sing,psoriasi,0.6475751399993896,NO
comizio,comizio,NOUN,S,Gender=Masc|Number=Sing,comizi,0.6304421424865723,NO
prodigio,prodigio,NOUN,S,Gender=Masc|Number=Sing,miracolo,0.6487680673599243,YES
contado,contado,NOUN,S,Gender=Masc|Number=Sing,feudo,0.5609872341156006,YES
ciglio,ciglio,NOUN,S,Gender=Masc|Number=Sing,marciapiede,0.5363568663597107,NO
ferocia,ferocia,NOUN,S,Gender=Fem|Number=Sing,brutalità,0.7536439299583435,NO
macello,macello,NOUN,S,Gender=Masc|Number=Sing,macelleria,0.5949999094009399,NO
reader,reader,NOUN,X,,ebook,0.5475965738296509,NO
gaelico,gaelico,NOUN,S,Gender=Masc|Number=Sing,irlandese,0.5833836793899536,NO
monopattino,monopattino,NOUN,S,Gender=Masc|Number=Sing,scooter,0.4468691349029541,YES
vanto,vanto,NOUN,S,Gender=Masc|Number=Sing,orgoglio,0.6578323841094971,YES
maglione,maglione,NOUN,S,Gender=Fem|Number=Sing,felpa,0.6865893602371216,YES
i.v,i.v,NOUN,PC,,euro,0.35656648874282837,YES
tagliatelle,tagliatelle,NOUN,SP,Gender=Fem|Number=Plur,lasagne,0.7052712440490723,NO
soda,soda,NOUN,S,Gender=Fem|Number=Sing,cremosa,0.5471639037132263,NO
learning,learning,NOUN,S,,machine,0.5507453680038452,NO
reset,reset,NOUN,S,Gender=Masc|Number=Sing,resettare,0.6316827535629272,NO
ignaro,ignaro,NOUN,S,Gender=Masc|Number=Sing,inconsapevole,0.6802806258201599,NO
mitologico,mitologico,NOUN,S,Gender=Masc|Number=Sing,mitologici,0.6633720397949219,NO
aspira,aspira,NOUN,S,Gender=Fem|Number=Sing,aspirare,0.7807972431182861,NO
given,given,NOUN,S,Gender=Fem|Number=Plur,provided,0.5123528838157654,NO
op,op,NOUN,X,Gender=Masc|Number=Plur,cit,0.6080465316772461,NO
dotto,dotto,NOUN,SP,Gender=Masc|Number=Sing,dotti,0.6391769647598267,NO
eguaglianza,eguaglianza,NOUN,S,Gender=Fem|Number=Sing,uguaglianza,0.9040907025337219,NO
rigetto,rigetto,NOUN,S,Gender=Masc|Number=Sing,accoglimento,0.650214672088623,NO
malincuore,malincuore,NOUN,S,Gender=Masc|Number=Sing,volentieri,0.5186787843704224,NO
irrompe,irrompe,NOUN,S,Gender=Fem|Number=Plur,entra,0.6250690221786499,NO
minerario,minerario,NOUN,S,Gender=Masc|Number=Sing,mineraria,0.6979510188102722,NO
euforia,euforia,NOUN,S,Gender=Fem|Number=Sing,eccitazione,0.6819039583206177,NO
canottaggio,canottaggio,NOUN,S,Gender=Masc|Number=Sing,nuoto,0.6195465922355652,YES
comodino,comodino,NOUN,S,Gender=Masc|Number=Sing,scrivania,0.5884339809417725,YES
camping,camping,NOUN,S,Gender=Masc,campeggio,0.7584052085876465,YES
guaio,guaio,NOUN,S,Gender=Masc|Number=Sing,pasticcio,0.624768853187561,YES
patrolling,patrolling,NOUN,S,Gender=Masc,ns0,0.5682488083839417,YES
block,block,NOUN,S,Gender=Masc,notes,0.5575786828994751,NO
matches,matches,NOUN,S,Gender=Fem|Number=Plur,match,0.5897800326347351,YES
start,start,NOUN,S,Gender=Fem|Number=Plur,startup,0.859635055065155,NO
affaticamento,affaticamento,NOUN,S,Gender=Masc|Number=Sing,stanchezza,0.653118908405304,NO
pantalone,pantalone,NOUN,S,Gender=Fem|Number=Sing,pantaloni,0.7557274699211121,NO
redshift,redshift,NOUN,S,Gender=Masc,galassie,0.43265730142593384,NO
porn,porn,NOUN,S,Gender=Masc|Number=Sing,porno,0.5476545691490173,YES
middle,middle,NOUN,S,Gender=Masc|Number=Plur,front,0.5384525656700134,YES
centro,centro,NOUN,S,Gender=Masc|Number=Sing,centro-sinistra,0.8600656986236572,YES
lavello,lavello,NOUN,B,Gender=Masc|Number=Sing,lavandino,0.7743097543716431,NO
invii,invii,NOUN,A,Gender=Masc,mandi,0.6503198742866516,NO
trash,trash,NOUN,A,Gender=Fem|Number=Sing,demenziale,0.5960317254066467,NO
amaranto,amaranto,NOUN,S,Gender=Masc|Number=Sing,rossoblu,0.5610876679420471,NO
snodo,snodo,NOUN,A,Gender=Masc|Number=Sing,crocevia,0.6481533646583557,NO
impeto,impeto,NOUN,A,Gender=Masc|Number=Sing,ardore,0.7081502676010132,NO
24option,24option,NOUN,S,,broker,0.5493599772453308,NO
svuotamento,svuotamento,NOUN,S,Gender=Masc|Number=Sing,riempimento,0.645579993724823,YES
romagnolo,romagnolo,NOUN,S,Gender=Masc|Number=Sing,emiliano,0.7931551337242126,NO
antiscivolo,antiscivolo,NOUN,S,Gender=Masc|Number=Sing,antiaderente,0.5469626784324646,NO
sudest,sudest,NOUN,S,,sud-est,0.8242365717887878,YES
filamento,filamento,NOUN,S,Gender=Masc|Number=Sing,filamenti,0.702919602394104,NO
recovery,recovery,NOUN,S,Gender=Fem|Number=Plur,backup,0.5455920100212097,NO
gemellaggio,gemellaggio,NOUN,S,Gender=Masc|Number=Sing,gemellata,0.5509961247444153,NO
más,más,NOUN,S,Gender=Fem|Number=Sing,muy,0.5451787114143372,NO
sollecita,sollecita,NOUN,S,Gender=Fem|Number=Sing,sollecitare,0.7302320003509521,NO
process,process,NOUN,SW,Gender=Masc,system,0.5379245281219482,NO
musicologo,musicologo,NOUN,S,Gender=Masc|Number=Sing,compositore,0.7176730036735535,YES
copriletto,copriletto,NOUN,S,Gender=Masc|Number=Sing,cuscini,0.501733660697937,NO
vestiario,vestiario,NOUN,S,Gender=Masc|Number=Sing,abbigliamento,0.7397595643997192,YES
settecento,settecento,NOUN,S,Gender=Masc|Number=Sing,ottocento,0.8573243618011475,YES
intrinseco,intrinseco,NOUN,S,Gender=Fem,valore,0.6764400005340576,YES
s.p.a.,s.p.a.,NOUN,S,Number=Sing,srl,0.6954188942909241,YES
interconnessione,interconnessione,NOUN,S,Gender=Fem|Number=Sing,connessione,0.6105872988700867,YES
pedaliera,pedaliera,NOUN,S,Gender=Fem|Number=Sing,pedale,0.5683003067970276,NO
banconota,banconota,NOUN,S,Gender=Fem|Number=Sing,banconote,0.753068745136261,NO
crowdfunding,crowdfunding,NOUN,S,Gender=Masc,finanziamento,0.501727819442749,YES
tomaia,tomaia,NOUN,S,Gender=Fem|Number=Plur,suola,0.7840040922164917,NO
ingestione,ingestione,NOUN,S,Gender=Fem|Number=Sing,intossicazione,0.6324303150177002,NO
jumping,jumping,NOUN,S,,ball,0.4672042727470398,NO
pazzesco,pazzesco,NOUN,S,Gender=Masc|Number=Sing,incredibile,0.7006879448890686,NO
oltremodo,oltremodo,NOUN,S,Gender=Masc|Number=Sing,alquanto,0.8157453536987305,YES
logge,logge,NOUN,S,Gender=Fem|Number=Sing,loggia,0.7169891595840454,NO
dipenda,dipenda,NOUN,S,Gender=Fem|Number=Sing,dipende,0.7597960829734802,NO
realista,realista,NOUN,S,Number=Sing,pessimista,0.6208992600440979,NO
greggio,greggio,NOUN,S,Gender=Masc|Number=Sing,petrolio,0.7814168930053711,YES
setup,setup,NOUN,A,Gender=Fem|Number=Plur,configurazione,0.5500693321228027,NO
looking,looking,NOUN,S,,going,0.5661042332649231,NO
n.1956,n.1956,NOUN,S,Gender=Masc|Number=Sing,n.1953,0.9689768552780151,NO
demanio,demanio,NOUN,S,Gender=Masc|Number=Sing,patrimonio,0.5142810344696045,YES
varo,varo,NOUN,S,Gender=Masc|Number=Sing,varato,0.6186530590057373,NO
pistone,pistone,NOUN,S,Gender=Fem|Number=Sing,pistoni,0.6899257302284241,NO
martedi,martedi,NOUN,S,Gender=Masc|Number=Plur,giovedi,0.9043958187103271,NO
trasformatore,trasformatore,NOUN,S,Gender=Masc|Number=Sing,alimentatore,0.6330794095993042,YES
package,package,NOUN,S,Gender=Masc,pacchetto,0.5263098478317261,YES
agricoltore,agricoltore,NOUN,S,Gender=Masc|Number=Sing,contadino,0.7506874203681946,YES
n.1957,n.1957,NOUN,S,,n.1958,0.9680279493331909,NO
bridge,bridge,NOUN,S,Gender=Masc|Number=Plur,gateway,0.4234202802181244,NO
slim,slim,NOUN,S,Gender=Fem|Number=Plur,ps3,0.4770718216896057,NO
multicanale,multicanale,NOUN,S,Gender=Masc|Number=Sing,digitale,0.49499091506004333,NO
self,self,NOUN,S,Gender=Masc,lavanderia,0.44360727071762085,NO
frenesia,frenesia,NOUN,S,Gender=Fem|Number=Sing,frenetica,0.7514699101448059,NO
n.1958,n.1958,NOUN,S,Gender=Fem|Number=Plur,n.1954,0.9717743992805481,NO
spavento,spavento,NOUN,S,Gender=Masc|Number=Sing,sgomento,0.6526250839233398,NO
falce,falce,NOUN,A,Number=Sing,martello,0.5627576112747192,YES
rucola,rucola,NOUN,S,Gender=Fem|Number=Sing,verza,0.6181985139846802,NO
gorilla,gorilla,NOUN,S,Gender=Masc,scimmia,0.5621592402458191,YES
enter,enter,NOUN,S,,cannot,0.4575118124485016,NO
grappa,grappa,NOUN,S,Gender=Fem|Number=Sing,liquore,0.6052207946777344,YES
visionario,visionario,NOUN,S,Gender=Masc|Number=Sing,sognatore,0.6166461110115051,NO
sentir,sentir,NOUN,S,Number=Plur,parlare,0.7035761475563049,NO
accoglimento,accoglimento,NOUN,S,Gender=Masc|Number=Sing,rigetto,0.650214672088623,YES
deg,deg,NOUN,S,,egrave,0.5799983739852905,NO
calcolatrice,calcolatrice,NOUN,S,Gender=Fem|Number=Sing,calcolatore,0.5162841081619263,YES
pasqua,pasqua,NOUN,S,,pasquale,0.6834338307380676,NO
opinionista,opinionista,NOUN,S,Gender=Fem|Number=Sing,commentatore,0.6589664816856384,YES
trasmettitore,trasmettitore,NOUN,S,Gender=Masc|Number=Sing,ricevitore,0.7327630519866943,NO
places,places,NOUN,S,,place,0.5541697144508362,NO
shower,shower,NOUN,S,Gender=Masc,bathroom,0.5998272895812988,YES
trascritto,trascritto,NOUN,SYM,Gender=Masc|Number=Sing,trascrizione,0.6572679281234741,NO
mt,mt,NOUN,S,,mt,0.7288910746574402,YES
preload,preload,NOUN,S,,champd,0.32894712686538696,NO
selvaggina,selvaggina,NOUN,S,Gender=Fem|Number=Sing,caccia,0.5743488669395447,NO
transitoria,transitoria,NOUN,S,Gender=Fem|Number=Sing,transitorio,0.701513946056366,YES
mandamento,mandamento,NOUN,S,Gender=Masc|Number=Sing,circondario,0.46093180775642395,YES
touchscreen,touchscreen,NOUN,S,Gender=Masc,display,0.7286503314971924,NO
orchidee,orchidee,NOUN,S,Gender=Fem|Number=Plur,piante,0.7022321224212646,NO
punteggiatura,punteggiatura,NOUN,S,Gender=Fem|Number=Sing,sintassi,0.6219978332519531,NO
usuraio,usuraio,NOUN,S,Gender=Masc|Number=Sing,strozzino,0.602032482624054,NO
mestolo,mestolo,NOUN,S,Gender=Masc|Number=Sing,cucchiaio,0.7071197032928467,YES
cefalea,cefalea,NOUN,S,Gender=Fem|Number=Sing,emicrania,0.7062365412712097,NO
singolo2,singolo2,NOUN,S,,singolo1,0.8794145584106445,NO
fondista,fondista,NOUN,S,Gender=Fem|Number=Sing,mezzofondista,0.6516201496124268,NO
pong,pong,NOUN,S,,ping,0.4921357333660126,YES
bastardo,bastardo,NOUN,S,Gender=Masc|Number=Sing,stronzo,0.632595956325531,NO
iodio,iodio,NOUN,S,Gender=Masc|Number=Sing,sodio,0.5975664258003235,YES
ripensamento,ripensamento,NOUN,S,Gender=Masc|Number=Sing,cambiamento,0.6269680857658386,YES
reinserimento,reinserimento,NOUN,S,Gender=Masc|Number=Sing,inserimento,0.6724289059638977,YES
scoiattolo,scoiattolo,NOUN,S,Gender=Masc|Number=Sing,uccellino,0.588449239730835,NO
zen,zen,NOUN,S,Gender=Masc|Number=Sing,buddista,0.6007921099662781,NO
concretizza,concretizza,NOUN,S,Gender=Fem|Number=Sing,realizza,0.763513445854187,NO
important,important,NOUN,DD,Number=Sing,this,0.4875863790512085,NO
pistacchio,pistacchio,NOUN,S,Gender=Masc|Number=Sing,pistacchi,0.7601752877235413,NO
bocciatura,bocciatura,NOUN,S,Gender=Fem|Number=Sing,bocciata,0.6514381766319275,NO
rinascimento,rinascimento,NOUN,S,Gender=Masc|Number=Sing,rinascimentale,0.7421919107437134,NO
cannot,cannot,NOUN,S,,could,0.633263885974884,NO
interior,interior,NOUN,V,Gender=Masc|Number=Sing,design,0.5636629462242126,YES
sabotaggio,sabotaggio,NOUN,S,Gender=Masc|Number=Sing,spionaggio,0.5797495245933533,YES
smartwatch,smartwatch,NOUN,S,Gender=Fem|Number=Plur,smartphone,0.685538113117218,YES
preparatore,preparatore,NOUN,S,Gender=Masc|Number=Sing,allenatore,0.5306396484375,YES
smog,smog,NOUN,S,Gender=Masc,inquinamento,0.6531813740730286,YES
ventitré,ventitré,NOUN,S,,ventuno,0.8824342489242554,NO
done,done,NOUN,S,Gender=Fem|Number=Sing,well,0.4490611255168915,NO
boicottaggio,boicottaggio,NOUN,S,Gender=Masc|Number=Sing,sabotaggio,0.5529347062110901,YES
associo,associo,NOUN,S,Gender=Masc|Number=Sing,unisco,0.7116817831993103,NO
c.p.c,c.p.c,NOUN,S,Gender=Masc|Number=Sing,c.c.,0.6422598361968994,NO
synth,synth,NOUN,S,Gender=Masc|Number=Sing,sintetizzatori,0.7117317318916321,NO
called,called,NOUN,S,Gender=Fem|Number=Plur,where,0.4818809926509857,YES
furore,furore,NOUN,S,Gender=Masc|Number=Sing,impeto,0.6111299395561218,YES
lasciandolo,lasciandolo,NOUN,S,Gender=Masc|Number=Sing,lasciando,0.7937971353530884,NO
scrittoio,scrittoio,NOUN,S,Gender=Masc|Number=Sing,scrivania,0.5778993964195251,YES
eyeliner,eyeliner,NOUN,S,Gender=Masc,ombretto,0.7776036858558655,NO
ginnasio,ginnasio,NOUN,S,Gender=Masc|Number=Sing,liceo,0.7115390300750732,YES
squadriglia,squadriglia,NOUN,S,Gender=Fem|Number=Sing,stormo,0.5583509802818298,NO
analysis,analysis,NOUN,S,Gender=Masc|Number=Sing,study,0.5457161068916321,NO
riconversione,riconversione,NOUN,S,Gender=Fem|Number=Sing,riqualificazione,0.6700727343559265,NO
senzatetto,senzatetto,NOUN,S,Gender=Masc|Number=Sing,rifugiati,0.54241544008255,NO
soffro,soffro,NOUN,S,Gender=Fem|Number=Sing,soffre,0.622452437877655,NO
televoto,televoto,NOUN,S,Gender=Masc|Number=Sing,ballottaggio,0.5514286756515503,YES
dead,dead,NOUN,S,Gender=Fem|Number=Plur,walking,0.5099097490310669,NO
compendio,compendio,NOUN,S,Gender=Masc|Number=Sing,riassunto,0.5446146726608276,YES
crepuscolo,crepuscolo,NOUN,S,Gender=Masc|Number=Sing,tramonto,0.7263219952583313,YES
sagrestia,sagrestia,NOUN,S,Gender=Fem|Number=Sing,sacrestia,0.8852206468582153,NO
surriscaldamento,surriscaldamento,NOUN,S,Gender=Masc|Number=Sing,raffreddamento,0.6284772157669067,YES
cablaggio,cablaggio,NOUN,S,Gender=Masc|Number=Sing,cavi,0.6200786828994751,NO
sitter,sitter,NOUN,SP,,babysitter,0.6461386680603027,NO
testing,testing,NOUN,S,,test,0.6359062194824219,YES
polpo,polpo,NOUN,S,Gender=Masc|Number=Sing,calamari,0.5630763173103333,NO
cesso,cesso,NOUN,S,Gender=Masc|Number=Sing,cacca,0.51711106300354,NO
naviglio,naviglio,NOUN,S,Gender=Masc|Number=Sing,navale,0.515359103679657,NO
bye,bye,NOUN,S,Gender=Masc,good,0.44271302223205566,NO
pegno,pegno,NOUN,S,Gender=Masc|Number=Sing,danaro,0.4955880045890808,NO
spoglio,spoglio,NOUN,S,Gender=Masc|Number=Sing,spoglia,0.5412637591362,NO
ovvi,ovvi,NOUN,V,Gender=Fem|Number=Plur,motivi,0.7033588886260986,NO
catalizza,catalizza,NOUN,S,Gender=Fem|Number=Sing,catalizzatore,0.45645686984062195,YES
morbillo,morbillo,NOUN,S,Gender=Masc|Number=Sing,vaiolo,0.6447052359580994,NO
racing,racing,NOUN,S,Gender=Masc,race,0.5503802299499512,NO
ornamento,ornamento,NOUN,S,Gender=Masc|Number=Sing,ornamentale,0.6961411237716675,NO
ricambista,ricambista,NOUN,S,Number=Sing,ricambio,0.3734499514102936,YES
ortodossia,ortodossia,NOUN,V,Gender=Fem|Number=Sing,ortodossa,0.646317183971405,NO
chakra,chakra,NOUN,S,Gender=Masc|Number=Sing,loto,0.45351487398147583,NO
police,police,NOUN,S,Gender=Masc|Number=Sing,forces,0.434150755405426,NO
sottoinsieme,sottoinsieme,NOUN,S,Gender=Masc|Number=Sing,insiemi,0.6046662330627441,NO
dogmi,dogmi,NOUN,S,Gender=Masc|Number=Plur,dogma,0.6551398038864136,YES
calcarea,calcarea,NOUN,S,Gender=Fem|Number=Sing,rocciosa,0.6751924753189087,NO
bt,bt,NOUN,RD,,cl,0.3903321623802185,NO
percento,percento,NOUN,S,Gender=Masc|Number=Sing,cento,0.7689028382301331,NO
finish,finish,NOUN,B,Gender=Masc,gloss,0.6671328544616699,NO
diciassettenne,diciassettenne,NOUN,V,Gender=Masc|Number=Sing,diciottenne,0.8388813138008118,NO
cookie,cookie,NOUN,S,Gender=Masc|Number=Plur,cookie,0.42291706800460815,YES
affollata,affollata,NOUN,S,Gender=Fem|Number=Sing,affollato,0.7059227228164673,NO
gip,gip,NOUN,PD,Gender=Masc,procura,0.5266945362091064,NO
scalone,scalone,NOUN,S,Gender=Fem|Number=Sing,scalinata,0.606734037399292,YES
welcoming,welcoming,NOUN,S,Gender=Masc,helpful,0.6785035133361816,NO
cecchino,cecchino,NOUN,S,Gender=Masc|Number=Sing,cecchini,0.6059383749961853,NO
maniacale,maniacale,NOUN,S,Number=Sing,ossessiva,0.6625061631202698,NO
microchip,microchip,NOUN,B,Gender=Masc,chip,0.6490994095802307,YES
rotaie,rotaie,NOUN,S,Gender=Fem|Number=Sing,rotaia,0.6791397333145142,NO
coaching,coaching,NOUN,S,Gender=Masc,coach,0.5990498065948486,YES
doing,doing,NOUN,S,Gender=Masc,going,0.5216563940048218,NO
ranch,ranch,NOUN,S,Gender=Masc|Number=Plur,cowboy,0.520029604434967,YES
carpet,carpet,NOUN,S,Gender=Masc,dress,0.457381010055542,NO
consumer,consumer,NOUN,S,Gender=Masc|Number=Sing,enterprise,0.6097537875175476,NO
morning,morning,NOUN,SP,,night,0.5299932956695557,YES
window,window,NOUN,V,,windows,0.5420479774475098,YES
tracklist,tracklist,NOUN,SW,,discografia,0.6354120969772339,YES
muco,muco,NOUN,S,Gender=Masc|Number=Sing,secrezione,0.5720570683479309,NO
trasgressione,trasgressione,NOUN,S,Gender=Fem|Number=Sing,perversione,0.6126794815063477,NO
dan,dan,NOUN,S,Gender=Fem|Number=Plur,karate,0.37191084027290344,NO
height,height,NOUN,V,Gender=Masc,width,0.6018380522727966,NO
showroom,showroom,NOUN,S,Gender=Fem|Number=Plur,atelier,0.5890262722969055,YES
oboe,oboe,NOUN,S,Gender=Masc|Number=Plur,flauto,0.692645788192749,NO
diletto,diletto,NOUN,S,Gender=Masc|Number=Sing,passatempo,0.5577263832092285,YES
tuning,tuning,NOUN,S,Gender=Masc,custom,0.50226229429245,YES
metalmeccanico,metalmeccanico,NOUN,S,Gender=Masc|Number=Sing,operaio,0.6257585883140564,NO
fotocopiatrice,fotocopiatrice,NOUN,S,Gender=Fem|Number=Sing,stampante,0.5204958915710449,NO
slip,slip,NOUN,S,Gender=Masc,shorts,0.6369187235832214,NO
stelline,stelline,NOUN,S,Gender=Fem|Number=Sing,stelle,0.6668370366096497,NO
provocatorio,provocatorio,NOUN,SP,Gender=Masc|Number=Sing,ironico,0.7127532958984375,NO
imam,imam,NOUN,S,Gender=Masc|Number=Sing,musulmano,0.5587867498397827,NO
going,going,NOUN,S,Gender=Masc,get,0.5830379724502563,NO
mezzofondista,mezzofondista,NOUN,S,Number=Sing,velocista,0.73515784740448,YES
archetipo,archetipo,NOUN,S,Gender=Masc|Number=Sing,mito,0.5914539694786072,YES
motel,motel,NOUN,S,Gender=Masc,albergo,0.5700746774673462,NO
penitenziaria,penitenziaria,NOUN,S,Gender=Fem|Number=Sing,penitenziario,0.6791050434112549,YES
nearby,nearby,NOUN,S,Gender=Fem|Number=Plur,near,0.5516672134399414,YES
attentatore,attentatore,NOUN,S,Gender=Masc|Number=Sing,attentato,0.6462828516960144,YES
limbo,limbo,NOUN,S,,abisso,0.5039676427841187,YES
pretore,pretore,NOUN,S,Gender=Masc|Number=Sing,tribuno,0.5826220512390137,NO
za,za,NOUN,S,,ro,0.6625975370407104,NO
fotogramma,fotogramma,NOUN,S,Gender=Fem|Number=Sing,fotogrammi,0.7000901699066162,NO
tesseramento,tesseramento,NOUN,S,Gender=Masc|Number=Sing,tesserati,0.604901909828186,NO
fraterno,fraterno,NOUN,B,Gender=Masc|Number=Sing,amico,0.5999831557273865,YES
caotico,caotico,NOUN,S,Gender=Masc|Number=Sing,frenetico,0.7052066922187805,NO
commistione,commistione,NOUN,S,Gender=Fem|Number=Sing,mescolanza,0.7220763564109802,NO
pet,pet,NOUN,S,Gender=Fem|Number=Sing,dog,0.5258980989456177,NO
capanne,capanne,NOUN,V,Number=Sing,baracche,0.6442083716392517,NO
gl,gl,NOUN,S,Gender=Masc,gli,0.7000851631164551,NO
marcio,marcio,NOUN,S,Gender=Masc|Number=Sing,corrotto,0.5328295826911926,NO
contributore,contributore,NOUN,S,Gender=Masc|Number=Sing,contributori,0.6159887909889221,NO
inteiro,inteiro,NOUN,A,Gender=Masc|Number=Sing,apto,0.7582924962043762,NO
albume,albume,NOUN,S,Gender=Masc|Number=Sing,tuorlo,0.7942168712615967,NO
appartenuta,appartenuta,NOUN,S,Number=Sing,appartenuto,0.7996677160263062,NO
natia,natia,NOUN,S,Gender=Fem|Number=Sing,patria,0.6346332430839539,NO
domus,domus,NOUN,S,Gender=Masc|Number=Sing,necropoli,0.5276289582252502,NO
mattarello,mattarello,NOUN,S,Gender=Masc|Number=Sing,spianatoia,0.5566115975379944,NO
capitolina,capitolina,NOUN,S,Gender=Fem|Number=Sing,romana,0.5788965225219727,NO
omelia,omelia,NOUN,S,Gender=Fem|Number=Sing,orazione,0.6021815538406372,NO
macellaio,macellaio,NOUN,S,Gender=Masc|Number=Sing,macelleria,0.6424684524536133,NO
lido,lido,NOUN,A,Gender=Masc|Number=Sing,lungomare,0.6162814497947693,NO
vicentino,vicentino,NOUN,S,Gender=Masc|Number=Sing,padovano,0.7251487374305725,NO
eccezion,eccezion,NOUN,S,,eccezione,0.6887010931968689,NO
portino,portino,NOUN,S,Gender=Masc|Number=Sing,porti,0.6825766563415527,NO
tofu,tofu,NOUN,S,Gender=Masc|Number=Sing,soia,0.6455472707748413,YES
neutra,neutra,NOUN,S,Gender=Fem|Number=Sing,neutrale,0.6234709024429321,NO
tripudio,tripudio,NOUN,S,Gender=Masc|Number=Sing,trionfo,0.6360129117965698,YES
telegramma,telegramma,NOUN,S,Gender=Masc|Number=Sing,messaggio,0.5614089965820312,YES
dichiaro,dichiaro,NOUN,S,Gender=Masc|Number=Sing,dichiara,0.5794386267662048,NO
pinza,pinza,NOUN,S,Gender=Fem|Number=Sing,pinze,0.617949366569519,NO
peccatore,peccatore,NOUN,S,Gender=Masc|Number=Sing,peccatori,0.6414302587509155,NO
ozono,ozono,NOUN,S,Gender=Masc|Number=Sing,azoto,0.562734842300415,YES
primer,primer,NOUN,S,Gender=Masc|Number=Sing,mascara,0.5740481615066528,NO
compilatore,compilatore,NOUN,A,Number=Sing,programmatore,0.5536476373672485,YES
accorgi,accorgi,NOUN,S,Gender=Fem|Number=Plur,capisci,0.7362127304077148,NO
women,women,NOUN,A,,woman,0.617463231086731,NO
ubuntu,ubuntu,NOUN,S,Gender=Fem|Number=Plur,linux,0.7151016592979431,NO
mediterranei,mediterranei,NOUN,SP,Gender=Masc|Number=Plur,mediterraneo,0.6844577789306641,NO
tech,tech,NOUN,S,Gender=Masc|Number=Sing,technology,0.5163944959640503,YES
patrizia,patrizia,NOUN,S,Gender=Fem|Number=Sing,patrizio,0.6409772634506226,YES
peperone,peperone,NOUN,S,Gender=Fem|Number=Sing,peperoni,0.6930352449417114,NO
offers,offers,NOUN,S,Gender=Fem|Number=Plur,offer,0.6094775795936584,NO
ripasso,ripasso,NOUN,S,Gender=Masc|Number=Sing,ripassare,0.7212563753128052,NO
decentramento,decentramento,NOUN,S,Gender=Masc|Number=Sing,federalismo,0.5306156873703003,NO
distrussero,distrussero,NOUN,S,Gender=Masc|Number=Sing,distrusse,0.790017306804657,NO
biografo,biografo,NOUN,S,Gender=Masc|Number=Sing,scrittore,0.6045849919319153,YES
generation,generation,NOUN,S,,new,0.5101286172866821,NO
pensatore,pensatore,NOUN,S,Gender=Masc|Number=Sing,filosofo,0.7689964175224304,NO
pulci,pulci,NOUN,S,,zecche,0.5260881781578064,NO
copricapo,copricapo,NOUN,S,Gender=Masc|Number=Sing,cappello,0.6829330921173096,YES
operetta,operetta,NOUN,S,Gender=Fem|Number=Sing,lirica,0.5997819304466248,NO
quinquennio,quinquennio,NOUN,S,Gender=Masc|Number=Sing,triennio,0.7866061925888062,YES
automobilista,automobilista,NOUN,S,Number=Sing,automobilisti,0.7130261659622192,NO
limousine,limousine,NOUN,S,Gender=Fem,cabriolet,0.5971813201904297,NO
spoglia,spoglia,NOUN,S,Gender=Fem|Number=Sing,nuda,0.6285908222198486,NO
magister,magister,NOUN,S,Gender=Masc,maestro,0.4527685046195984,YES
prediletto,prediletto,NOUN,S,Gender=Masc|Number=Sing,preferito,0.6416862607002258,NO
autoradio,autoradio,NOUN,S,Gender=Masc|Number=Sing,stereo,0.5745241045951843,NO
polittico,polittico,NOUN,S,Gender=Masc|Number=Sing,trittico,0.6716278791427612,NO
pipì,pipì,NOUN,S,Gender=Fem,cacca,0.6845991611480713,NO
ciliegia,ciliegia,NOUN,S,Gender=Fem|Number=Sing,fragola,0.6995118856430054,YES
torpediniera,torpediniera,NOUN,S,Gender=Fem|Number=Sing,torpediniere,0.6963947415351868,NO
scivolo,scivolo,NOUN,S,Gender=Masc|Number=Sing,rampa,0.5464611053466797,YES
approssimativo,approssimativo,NOUN,S,Gender=Masc|Number=Sing,approssimativa,0.7041231393814087,NO
frontone,frontone,NOUN,S,Gender=Fem|Number=Sing,timpano,0.6212628483772278,NO
romance,romance,NOUN,S,Gender=Fem|Number=Plur,fantasy,0.6329491138458252,NO
ripescaggio,ripescaggio,NOUN,S,Gender=Masc|Number=Sing,spareggio,0.5794112682342529,YES
cornicione,cornicione,NOUN,S,Gender=Fem|Number=Sing,parapetto,0.589494526386261,NO
panetto,panetto,NOUN,S,Gender=Masc|Number=Sing,impasto,0.6302890181541443,NO
already,already,NOUN,S,Gender=Masc|Number=Sing,been,0.6478623151779175,YES
cabriolet,cabriolet,NOUN,S,Gender=Masc,coupé,0.7965449094772339,NO
traduttrice,traduttrice,NOUN,S,Gender=Fem|Number=Sing,traduttore,0.6892756223678589,YES
jr,jr,NOUN,S,Gender=Fem,cl,0.4186629354953766,NO
perversione,perversione,NOUN,S,Gender=Fem|Number=Sing,trasgressione,0.6126794815063477,YES
evangelista,evangelista,NOUN,S,Number=Sing,apostolo,0.6893730163574219,NO
giappone,giappone,NOUN,S,Gender=Fem|Number=Sing,giapponese,0.6335310935974121,NO
doppione,doppione,NOUN,S,Gender=Fem|Number=Sing,inutile,0.5196048021316528,NO
hour,hour,NOUN,E,,hours,0.6777577996253967,NO
firefox,firefox,NOUN,S,Gender=Masc|Number=Plur,ubuntu,0.6115227341651917,YES
farmacologica,farmacologica,NOUN,S,Gender=Fem|Number=Sing,terapeutica,0.71296626329422,NO
tank,tank,NOUN,S,Gender=Masc|Number=Sing,think,0.5080947279930115,YES
ospizio,ospizio,NOUN,S,Gender=Masc|Number=Sing,convento,0.5930652618408203,YES
accorpamento,accorpamento,NOUN,B,Gender=Masc|Number=Sing,scorporo,0.5865421891212463,NO
in.8,in.8,NOUN,S,,in.10,0.8418176770210266,NO
begin,begin,NOUN,SP,Gender=Fem|Number=Plur,end,0.4970346689224243,YES
locatore,locatore,NOUN,S,Gender=Masc|Number=Sing,inquilino,0.5739837288856506,YES
sporcizia,sporcizia,NOUN,S,Gender=Fem|Number=Sing,immondizia,0.6082010269165039,NO
avanzo,avanzo,NOUN,S,Gender=Masc|Number=Sing,avanzi,0.6351661682128906,NO
possedimento,possedimento,NOUN,S,Gender=Masc|Number=Sing,feudo,0.673431396484375,YES
danaro,danaro,NOUN,S,Gender=Masc|Number=Sing,denaro,0.8889403939247131,YES
elegantemente,elegantemente,NOUN,S,Number=Sing,splendidamente,0.67140793800354,NO
olii,olii,NOUN,S,Gender=Fem|Number=Plur,oli,0.9104056358337402,NO
condiziona,condiziona,NOUN,S,Gender=Fem|Number=Sing,influisce,0.6953198313713074,NO
impoverimento,impoverimento,NOUN,S,Gender=Masc|Number=Sing,indebolimento,0.6884500980377197,YES
intermezzo,intermezzo,NOUN,S,Gender=Masc|Number=Sing,prologo,0.5408336520195007,YES
miscuglio,miscuglio,NOUN,S,Gender=Masc|Number=Sing,mix,0.7087981700897217,NO
mammifero,mammifero,NOUN,S,Gender=Masc|Number=Sing,mammiferi,0.6659718155860901,NO
stronzo,stronzo,NOUN,V,Gender=Masc|Number=Sing,coglione,0.6751874089241028,NO
came,came,NOUN,V,Gender=Masc|Number=Sing,went,0.5238196849822998,NO
spillo,spillo,NOUN,S,Gender=Masc|Number=Sing,tacchi,0.5599938631057739,NO
gialloblu,gialloblu,NOUN,S,Gender=Fem|Number=Plur,gialloblù,0.8601051568984985,NO
scalogno,scalogno,NOUN,S,Gender=Masc|Number=Sing,cipolla,0.6346025466918945,NO
gioiellino,gioiellino,NOUN,S,Gender=Masc|Number=Sing,gioiello,0.7685738801956177,YES
agency,agency,NOUN,S,Gender=Masc|Number=Plur,agenzia,0.5296483635902405,NO
stelo,stelo,NOUN,S,Gender=Masc|Number=Sing,gambo,0.6218501329421997,NO
ses,ses,NOUN,V,,les,0.6255283951759338,NO
path,path,NOUN,S,Gender=Fem,percorso,0.4344578981399536,NO
prematuro,prematuro,NOUN,V,Gender=Masc|Number=Sing,prematura,0.5804497599601746,YES
header,header,NOUN,S,,intestazione,0.5252967476844788,NO
giogo,giogo,NOUN,S,Gender=Masc|Number=Sing,oppressione,0.4731653034687042,YES
coprite,coprite,NOUN,S,Gender=Fem|Number=Sing,aggiungete,0.6192970871925354,NO
flacone,flacone,NOUN,S,Gender=Fem|Number=Sing,barattolo,0.6205926537513733,YES
manipolo,manipolo,NOUN,S,Gender=Masc|Number=Sing,gruppetto,0.6177313327789307,YES
mongolo,mongolo,NOUN,S,Gender=Masc|Number=Sing,persiano,0.5528334975242615,NO
pronipote,pronipote,NOUN,S,Gender=Fem|Number=Plur,nipote,0.7830280661582947,YES
communication,communication,NOUN,S,,technology,0.531622588634491,YES
friend,friend,NOUN,S,Gender=Masc|Number=Sing,friends,0.7350904941558838,YES
magistralmente,magistralmente,NOUN,S,Gender=Masc|Number=Sing,sapientemente,0.7618306279182434,NO
nach,nach,NOUN,S,Gender=Fem,aus,0.5699966549873352,YES
bestemmia,bestemmia,NOUN,S,Gender=Fem|Number=Sing,offesa,0.5300873517990112,YES
english,english,NOUN,S,Gender=Masc,italian,0.5514424443244934,NO
insulta,insulta,NOUN,S,Gender=Fem|Number=Sing,offende,0.7659996747970581,NO
pattugliamento,pattugliamento,NOUN,S,Gender=Masc|Number=Sing,pattuglie,0.5807356238365173,NO
fornello,fornello,NOUN,S,Gender=Masc|Number=Sing,fornelli,0.6346251964569092,NO
piantina,piantina,NOUN,S,Gender=Fem|Number=Sing,piantine,0.7487301826477051,YES
terr,terr,NOUN,SYM,Gender=Masc|Number=Sing,can,0.4275338649749756,YES
agitato,agitato,NOUN,S,Gender=Masc|Number=Sing,calmo,0.6336817145347595,NO
usurpatore,usurpatore,NOUN,A,Gender=Masc|Number=Sing,imperatore,0.545960545539856,YES
nord,nord,NOUN,S,Gender=Masc|Number=Sing,ovest,0.5501391291618347,YES
accorgimento,accorgimento,NOUN,S,Gender=Masc|Number=Sing,accorgimenti,0.6821973323822021,NO
cricket,cricket,NOUN,S,,rugby,0.6813034415245056,YES
specchietto,specchietto,NOUN,S,Gender=Masc|Number=Sing,specchietti,0.6074618101119995,NO
intro,intro,NOUN,S,Gender=Masc|Number=Sing,assolo,0.605827271938324,NO
latitanza,latitanza,NOUN,S,Gender=Fem|Number=Sing,latitante,0.7174021005630493,NO
foglietto,foglietto,NOUN,S,Gender=Masc|Number=Sing,foglio,0.6870620250701904,YES
diaspora,diaspora,NOUN,S,Gender=Fem|Number=Sing,emigrazione,0.6081512570381165,NO
sgomento,sgomento,NOUN,S,Gender=Masc|Number=Sing,stupore,0.8134326338768005,YES
pedone,pedone,NOUN,S,Gender=Fem|Number=Sing,pedoni,0.7123076915740967,NO
ciel,ciel,NOUN,S,Gender=Masc|Number=Sing,cielo,0.5219227075576782,YES
castrum,castrum,NOUN,S,Gender=Fem,fortificato,0.5512685179710388,NO
barbaro,barbaro,NOUN,S,Gender=Masc|Number=Sing,barbari,0.5683837532997131,NO
pen,pen,NOUN,B,,penna,0.4271506667137146,YES
unaeducazionemigliore,unaeducazionemigliore,NOUN,S,Gender=Masc|Number=Sing,propriopreposizionepronomepunteggiaturasostantivoverbo,0.46708300709724426,NO
reporting,reporting,NOUN,S,Gender=Masc,report,0.5458269715309143,YES
ovario,ovario,NOUN,S,Gender=Masc|Number=Sing,peduncolo,0.5134409070014954,NO
disparte,disparte,NOUN,S,Gender=Fem|Number=Sing,stare,0.47959211468696594,NO
filtraggio,filtraggio,NOUN,S,Gender=Masc|Number=Sing,filtro,0.7137091755867004,YES
nicht,nicht,NOUN,S,Gender=Fem|Number=Sing,ich,0.6006036400794983,NO
rezulteo,rezulteo,NOUN,S,Gender=Masc|Number=Sing,pneumatici,0.3062403202056885,NO
trentennio,trentennio,NOUN,S,Gender=Masc|Number=Sing,ventennio,0.8361940383911133,YES
compianto,compianto,NOUN,S,Gender=Masc|Number=Sing,defunto,0.6314996480941772,NO
visi,visi,NOUN,S,Gender=Fem,volti,0.6396863460540771,NO
rapa,rapa,NOUN,S,Gender=Masc|Number=Sing,verza,0.5874269008636475,NO
ninfa,ninfa,NOUN,S,Gender=Fem|Number=Sing,dea,0.6145824193954468,YES
maligni,maligni,NOUN,S,Number=Plur,maligno,0.5814708471298218,YES
civ,civ,NOUN,NO,Gender=Masc,c.c.,0.4941200911998749,NO
question,question,NOUN,S,Gender=Fem,time,0.5917807817459106,NO
dispendio,dispendio,NOUN,S,Gender=Masc|Number=Sing,spreco,0.5977994799613953,YES
pièce,pièce,NOUN,S,Gender=Masc|Number=Plur,teatrale,0.6465645432472229,NO
pl,pl,NOUN,S,Number=Sing,fr,0.5047645568847656,YES
pedaggio,pedaggio,NOUN,S,Gender=Masc|Number=Sing,pagamento,0.5200313925743103,YES
sintetizza,sintetizza,NOUN,S,Gender=Fem|Number=Sing,riassume,0.8662071228027344,NO
camerino,camerino,NOUN,V,Gender=Masc|Number=Sing,bagno,0.48724913597106934,YES
dolcetto,dolcetto,NOUN,S,Gender=Masc|Number=Sing,dolcetti,0.6827167868614197,NO
prevendita,prevendita,NOUN,S,Gender=Fem|Number=Sing,biglietti,0.5591135025024414,NO
profumeria,profumeria,NOUN,S,Gender=Fem|Number=Sing,cosmetica,0.6481521725654602,NO
postino,postino,NOUN,S,Gender=Masc|Number=Sing,corriere,0.49544888734817505,NO
schiave,schiave,NOUN,S,Gender=Fem|Number=Plur,schiava,0.6160841584205627,NO
pay,pay,NOUN,S,Gender=Masc,wrestling,0.4904095530509949,YES
generalista,generalista,NOUN,S,Number=Sing,televisivo,0.5252557992935181,NO
chart,chart,NOUN,S,Gender=Masc|Number=Sing,classifiche,0.5553147196769714,NO
arcangelo,arcangelo,NOUN,S,Gender=Masc|Number=Sing,angelo,0.6966671943664551,YES
spore,spore,NOUN,S,Gender=Masc|Number=Sing,muffe,0.5569292306900024,NO
populista,populista,NOUN,S,Number=Sing,populismo,0.7496680617332458,NO
bruciore,bruciore,NOUN,V,Gender=Masc|Number=Sing,prurito,0.7615709900856018,NO
paleontologo,paleontologo,NOUN,S,Gender=Masc|Number=Sing,geologo,0.6671847105026245,YES
contrammiraglio,contrammiraglio,NOUN,S,Gender=Masc|Number=Sing,viceammiraglio,0.7707053422927856,NO
pallottola,pallottola,NOUN,S,Gender=Fem|Number=Sing,proiettile,0.6897234916687012,NO
pictures,pictures,NOUN,S,Gender=Fem,photos,0.6375011801719666,YES
lenzuolo,lenzuolo,NOUN,S,Gender=Masc|Number=Sing,telo,0.673978865146637,NO
gareggia,gareggia,NOUN,S,Gender=Fem|Number=Sing,gareggiare,0.7090723514556885,NO
document,document,NOUN,S,Gender=Masc,message,0.43244096636772156,YES
stakeholder,stakeholder,NOUN,S,,interlocutori,0.6156257390975952,NO
grappolo,grappolo,NOUN,S,Gender=Masc|Number=Sing,grappoli,0.6500902771949768,NO
melone,melone,NOUN,S,Gender=Fem|Number=Sing,ananas,0.6228381395339966,YES
responso,responso,NOUN,S,Gender=Masc|Number=Sing,verdetto,0.7104411721229553,YES
centro,centro,NOUN,S,Gender=Masc|Number=Sing,meridionale,0.7714465856552124,NO
superflui,superflui,NOUN,SW,Gender=Masc,inutili,0.6862871646881104,NO
blasfemia,blasfemia,NOUN,S,Gender=Fem|Number=Sing,apostasia,0.5218004584312439,NO
woman,woman,NOUN,SP,,women,0.6174633502960205,YES
granchè,granchè,NOUN,V,Gender=Masc,granché,0.8498340249061584,NO
cedro,cedro,NOUN,S,Gender=Masc|Number=Sing,pino,0.6307603716850281,NO
pendolo,pendolo,NOUN,S,Gender=Masc|Number=Sing,oscillazione,0.4960722029209137,NO
engineering,engineering,NOUN,S,Gender=Masc,ingegneria,0.5384157299995422,NO
qualità,qualità,NOUN,S,Gender=Fem,prezzo,0.5266578197479248,YES
dò,dò,NOUN,S,Gender=Fem|Number=Sing,do,0.7630287408828735,NO
autografo,autografo,NOUN,S,Gender=Masc|Number=Sing,autografi,0.7261865139007568,NO
brigantaggio,brigantaggio,NOUN,S,Gender=Masc|Number=Sing,briganti,0.619918167591095,NO
apostasia,apostasia,NOUN,V,Gender=Fem|Number=Sing,eresia,0.5879999995231628,YES
prepotentemente,prepotentemente,NOUN,B,Number=Sing,prepotente,0.641546368598938,NO
among,among,NOUN,S,,between,0.6180378198623657,NO
i.e,i.e,NOUN,S,Gender=Masc|Number=Plur,iii,0.4305894374847412,NO
rif,rif,NOUN,A,Gender=Masc,rif,0.7384635806083679,NO
pannolino,pannolino,NOUN,S,Gender=Masc|Number=Sing,pannolini,0.7167167067527771,NO
camomilla,camomilla,NOUN,S,Gender=Fem|Number=Sing,tisana,0.6765102744102478,NO
nordovest,nordovest,NOUN,S,Gender=Masc,nord-ovest,0.8358567357063293,YES
rinuncio,rinuncio,NOUN,S,Gender=Masc|Number=Sing,faccio,0.5075123310089111,NO
quark,quark,NOUN,S,,atomi,0.531304657459259,NO
discernimento,discernimento,NOUN,S,Gender=Masc|Number=Sing,discernere,0.6062966585159302,NO
palpebre,palpebre,NOUN,S,Gender=Masc|Number=Sing,labbra,0.6756611466407776,NO
-e,-e,NOUN,PC,Gender=Masc,-a,0.756981372833252,NO
unto,unto,NOUN,S,Gender=Masc|Number=Sing,unta,0.5546084046363831,NO
rasa,rasa,NOUN,S,Gender=Fem|Number=Sing,raso,0.49261993169784546,YES
subacqueo,subacqueo,NOUN,A,Gender=Masc|Number=Sing,subacquea,0.709606409072876,NO
took,took,NOUN,S,Gender=Masc|Number=Sing,gave,0.5653457045555115,NO
fuma,fuma,NOUN,S,Gender=Fem|Number=Sing,fumare,0.6570507884025574,NO
sencers,sencers,NOUN,S,Gender=Masc|Number=Plur,apartemen,0.6631490588188171,NO
afa,afa,NOUN,S,Gender=Fem|Number=Sing,caldo,0.5299960970878601,NO
treccia,treccia,NOUN,S,Gender=Fem|Number=Sing,acconciatura,0.5574433207511902,NO
spigolo,spigolo,NOUN,S,Gender=Masc|Number=Sing,spigoli,0.566063642501831,NO
temps,temps,NOUN,S,Gender=Masc|Number=Sing,monde,0.5024009943008423,NO
bloccaggio,bloccaggio,NOUN,S,Gender=Masc|Number=Sing,fissaggio,0.6724697351455688,YES
trois,trois,NOUN,S,Gender=Masc|Number=Sing,deux,0.6699326634407043,NO
prender,prender,NOUN,S,,prendere,0.7630162239074707,NO
ossequio,ossequio,NOUN,A,Gender=Masc|Number=Sing,ottemperanza,0.6851174831390381,YES
finanziariamente,finanziariamente,NOUN,S,Number=Sing,economicamente,0.7837238311767578,NO
clou,clou,NOUN,S,Gender=Masc,culmine,0.5697439908981323,NO
curcuma,curcuma,NOUN,S,Gender=Masc|Number=Sing,curry,0.6756068468093872,YES
precetto,precetto,NOUN,S,Gender=Masc|Number=Sing,comandamento,0.6102641820907593,NO
steel,steel,NOUN,S,Gender=Masc,guitar,0.5116738677024841,NO
sionista,sionista,NOUN,S,Number=Sing,palestinese,0.6577216386795044,NO
n.1942,n.1942,NOUN,V,Gender=Masc|Number=Sing,n.1947,0.967815101146698,NO
inoltro,inoltro,NOUN,A,Gender=Masc|Number=Sing,invio,0.6999227404594421,YES
collaudatore,collaudatore,NOUN,S,Gender=Masc|Number=Sing,pilota,0.6116694211959839,YES
dentatura,dentatura,NOUN,S,Gender=Fem|Number=Sing,denti,0.6282839179039001,NO
accounts,accounts,NOUN,S,Number=Plur,account,0.48415839672088623,YES
sarto,sarto,NOUN,S,Gender=Masc|Number=Sing,falegname,0.6043959856033325,NO
interne3,interne3,NOUN,S,Gender=Fem|Number=Sing,interne2,0.9040971398353577,YES
indirizza,indirizza,NOUN,S,Gender=Fem|Number=Sing,rivolge,0.7122945189476013,NO
ergonomia,ergonomia,NOUN,S,Gender=Fem|Number=Sing,ergonomico,0.6309232115745544,NO
puntamento,puntamento,NOUN,S,Gender=Masc|Number=Sing,puntatore,0.5308883786201477,YES
km15,km15,NOUN,SP,Gender=Masc|Number=Sing,km10,0.7784006595611572,NO
miraggio,miraggio,NOUN,S,Gender=Masc|Number=Sing,sogno,0.5601168274879456,YES
todo,todo,NOUN,S,Gender=Masc|Number=Sing,todos,0.5255953073501587,NO
compositrice,compositrice,NOUN,S,Gender=Masc|Number=Sing,compositore,0.6525333523750305,YES
autoctone,autoctone,NOUN,PQ,Gender=Fem|Number=Sing,indigene,0.698756217956543,NO
smontaggio,smontaggio,NOUN,A,Gender=Masc|Number=Sing,montaggio,0.6863692402839661,YES
rovesciamento,rovesciamento,NOUN,S,Gender=Masc|Number=Sing,ribaltamento,0.6875288486480713,NO
sonetto,sonetto,NOUN,V,Gender=Masc|Number=Sing,componimento,0.7433493137359619,NO
prod,prod,NOUN,S,Gender=Masc|Number=Sing,feat,0.42317846417427063,NO
sanguinamento,sanguinamento,NOUN,S,Gender=Masc|Number=Sing,emorragia,0.5853119492530823,NO
arido,arido,NOUN,V,Gender=Masc|Number=Sing,deserto,0.5775969624519348,NO
coop,coop,NOUN,A,Number=Plur,cooperativa,0.7068942785263062,YES
reame,reame,NOUN,S,Gender=Masc|Number=Sing,regno,0.716640830039978,YES
indumento,indumento,NOUN,S,Gender=Masc|Number=Sing,indumenti,0.648021936416626,NO
corteggiamento,corteggiamento,NOUN,S,Gender=Masc|Number=Sing,fidanzamento,0.5414881110191345,YES
att,att,NOUN,B,Gender=Masc,attivita,0.39145421981811523,NO
avendone,avendone,NOUN,S,Gender=Fem|Number=Sing,avendo,0.7928783893585205,NO
siepe,siepe,NOUN,S,Gender=Fem|Number=Sing,siepi,0.6205818057060242,NO
tribuno,tribuno,NOUN,S,Gender=Masc|Number=Sing,pretore,0.5826221108436584,YES
features,features,NOUN,V,,feature,0.7753608226776123,NO
print,print,NOUN,S,,book,0.462245374917984,NO
coglione,coglione,NOUN,S,Gender=Fem|Number=Sing,stronzo,0.6751872897148132,YES
tavolozza,tavolozza,NOUN,S,Gender=Fem|Number=Sing,cromatica,0.5879761576652527,YES
magma,magma,NOUN,S,Gender=Masc|Number=Sing,vulcano,0.5640413761138916,NO
inserzionista,inserzionista,NOUN,S,Number=Sing,inserzionisti,0.51642906665802,NO
compratore,compratore,NOUN,S,Gender=Masc|Number=Sing,acquirente,0.8348379135131836,YES
muschio,muschio,NOUN,S,Gender=Masc|Number=Sing,fogliame,0.5399973392486572,NO
binocolo,binocolo,NOUN,S,Gender=Masc|Number=Sing,telescopio,0.6536356210708618,YES
cammello,cammello,NOUN,V,Gender=Masc|Number=Sing,asino,0.5725188851356506,YES
recepimento,recepimento,NOUN,S,Gender=Masc|Number=Sing,recepire,0.5465893149375916,NO
n.1945,n.1945,NOUN,E,,n.1947,0.9697721600532532,NO
femore,femore,NOUN,S,Gender=Masc|Number=Sing,tibia,0.6597748398780823,NO
desk,desk,NOUN,V_PC,Gender=Fem|Number=Plur,reception,0.5402997732162476,YES
portellone,portellone,NOUN,S,Gender=Fem|Number=Sing,finestrino,0.5816671848297119,NO
cavolfiore,cavolfiore,NOUN,S,Gender=Masc|Number=Sing,broccoli,0.691066563129425,NO
fully,fully,NOUN,S,Gender=Fem|Number=Sing,completely,0.547906756401062,NO
rasatura,rasatura,NOUN,S,Gender=Fem|Number=Sing,rasoio,0.5215796828269958,YES
together,together,NOUN,S,Gender=Fem|Number=Sing,with,0.5430712699890137,NO
opificio,opificio,NOUN,S,Gender=Masc|Number=Sing,capannone,0.5469357371330261,YES
mescolanza,mescolanza,NOUN,S,Gender=Fem|Number=Sing,commistione,0.7220763564109802,YES
ricettacolo,ricettacolo,NOUN,S,Gender=Masc|Number=Sing,contenitore,0.44540995359420776,YES
commendatore,commendatore,NOUN,S,Gender=Masc|Number=Sing,cavaliere,0.5477038621902466,NO
locator,locator,NOUN,S,Gender=Masc|Number=Sing,store,0.39184874296188354,YES
curling,curling,NOUN,S,,hockey,0.5379713773727417,YES
emigrò,emigrò,NOUN,S,Gender=Fem|Number=Plur,trasferì,0.745648205280304,NO
cioé,cioé,NOUN,V,Gender=Masc|Number=Sing,ossia,0.7167806625366211,NO
tosta,tosta,NOUN,S,Number=Sing,coraggiosa,0.5463809967041016,NO
spacciatore,spacciatore,NOUN,S,Gender=Masc|Number=Sing,spacciatori,0.6484841704368591,NO
enough,enough,NOUN,V,,good,0.5223594307899475,NO
appaltatore,appaltatore,NOUN,S,Gender=Masc|Number=Sing,committente,0.616439938545227,NO
pignoramento,pignoramento,NOUN,S,Gender=Masc|Number=Sing,sfratto,0.5595754384994507,NO
guinzaglio,guinzaglio,NOUN,S,Gender=Masc|Number=Sing,cane,0.6386141777038574,NO
inganna,inganna,NOUN,S,Gender=Fem|Number=Sing,ingannare,0.6207914352416992,NO
microsoft,microsoft,NOUN,S,,windows,0.7225719094276428,YES
capisaldi,capisaldi,NOUN,S,Gender=Masc|Number=Plur,cardini,0.6948358416557312,NO
viticoltura,viticoltura,NOUN,S,Gender=Fem|Number=Sing,agricoltura,0.6764721274375916,YES
capitello,capitello,NOUN,S,Gender=Masc|Number=Sing,capitelli,0.6783079504966736,YES
sosia,sosia,NOUN,S,Gender=Fem|Number=Sing,clone,0.4931335151195526,YES
avverto,avverto,NOUN,S,Gender=Masc|Number=Sing,sento,0.6599128246307373,NO
fumble,fumble,NOUN,SP,Gender=Masc,touchdown,0.633163571357727,NO
intercetto,intercetto,NOUN,S,Gender=Masc|Number=Sing,intercetti,0.6295729875564575,NO
optò,optò,NOUN,A,,scelse,0.7701966762542725,NO
windsurf,windsurf,NOUN,S,Gender=Masc,surf,0.6806898713111877,NO
costringendolo,costringendolo,NOUN,S,Gender=Masc|Number=Sing,costringendo,0.7351521849632263,NO
trovatore,trovatore,NOUN,S,Gender=Masc|Number=Sing,poeta,0.45506909489631653,YES
torrione,torrione,NOUN,S,Gender=Fem|Number=Sing,bastione,0.6429097056388855,NO
tam,tam,NOUN,S,Gender=Fem|Number=Plur,passaparola,0.4527837336063385,YES
ill,ill,NOUN,S,,ill,0.5512458086013794,NO
tr,tr,NOUN,S,Gender=Masc,trad.,0.7910537719726562,YES
cavalletto,cavalletto,NOUN,S,Gender=Masc|Number=Sing,manubrio,0.4997504651546478,YES
gialloblù,gialloblù,NOUN,S,Gender=Fem|Number=Sing,rossoblù,0.8617308139801025,YES
compositiva,compositiva,NOUN,S,Gender=Fem|Number=Sing,stilistica,0.7012853026390076,NO
bretone,bretone,NOUN,S,Gender=Fem|Number=Sing,francese,0.5896152257919312,NO
fun,fun,NOUN,B,Gender=Masc,good,0.5391498804092407,NO
capriccio,capriccio,NOUN,S,Gender=Masc|Number=Sing,capricci,0.6593965888023376,NO
raffronto,raffronto,NOUN,S,Gender=Masc|Number=Sing,confronto,0.6759731769561768,YES
pantofole,pantofole,NOUN,S,Number=Sing,scarpe,0.6418703198432922,NO
tosto,tosto,NOUN,S,Gender=Masc|Number=Sing,duro,0.5319706201553345,NO
nient,nient,NOUN,S,,nient',0.6606788635253906,YES
vergogno,vergogno,NOUN,S,Gender=Masc|Number=Sing,dispiace,0.5804690718650818,NO
mob,mob,NOUN,S,Gender=Masc,flash,0.5405644178390503,NO
accerchiamento,accerchiamento,NOUN,V,Gender=Masc|Number=Sing,annientamento,0.5483496189117432,NO
comandamento,comandamento,NOUN,S,Gender=Masc|Number=Sing,comandamenti,0.6609361171722412,NO
contrapposto,contrapposto,NOUN,S,Gender=Masc|Number=Sing,contrappone,0.7084837555885315,YES
babilonese,babilonese,NOUN,S,Number=Sing,ebraico,0.5803599953651428,NO
scomode,scomode,NOUN,S,Number=Sing,scomodi,0.6483948230743408,NO
transatlantico,transatlantico,NOUN,S,Gender=Masc|Number=Sing,piroscafo,0.5581524968147278,YES
murales,murales,NOUN,V,,graffiti,0.6936452984809875,NO
foratura,foratura,NOUN,S,Gender=Fem|Number=Sing,perforazione,0.5281516909599304,NO
slow,slow,NOUN,S,Gender=Masc|Number=Sing,fast,0.5953716039657593,YES
adopera,adopera,NOUN,S,Gender=Fem|Number=Sing,adoperato,0.6926886439323425,NO
accommodation,accommodation,NOUN,SW,Gender=Fem,apartment,0.6230539083480835,NO
primavera,primavera,NOUN,S,Gender=Fem|Number=Sing,primavera,0.6610794067382812,YES
mezzora,mezzora,NOUN,B,Gender=Fem|Number=Sing,mezz',0.8282491564750671,YES
estremista,estremista,NOUN,S,Number=Sing,fondamentalista,0.7019509077072144,YES
netbook,netbook,NOUN,S,Number=Sing,notebook,0.8235306143760681,NO
dimensionamento,dimensionamento,NOUN,V,Gender=Masc|Number=Sing,posizionamento,0.5202534198760986,YES
intrusione,intrusione,NOUN,S,Gender=Fem|Number=Sing,interferenza,0.5867973566055298,NO
enduro,enduro,NOUN,S,Gender=Masc|Number=Sing,motocross,0.6395495533943176,NO
drum,drum,NOUN,S,Gender=Masc,bass,0.577448844909668,YES
origen,origen,NOUN,S,Gender=Masc,origem,0.7430151104927063,NO
culpa,culpa,NOUN,S,Gender=Fem|Number=Plur,mea,0.5423707365989685,NO
operatorname,operatorname,NOUN,S,Gender=Masc|Number=Sing,mathrm,0.6025317907333374,NO
ill,ill,NOUN,A,,ill.,0.5512457489967346,YES
atollo,atollo,NOUN,S,Gender=Masc|Number=Sing,arcipelago,0.6213721632957458,YES
tracking,tracking,NOUN,S,Gender=Masc,tracciamento,0.5781950354576111,YES
ammiratore,ammiratore,NOUN,S,Gender=Masc|Number=Sing,sostenitore,0.6297656297683716,YES
dozzine,dozzine,NOUN,S,Gender=Fem,decine,0.8103901743888855,NO
milan,milan,NOUN,SP,Gender=Masc,inter,0.5912607908248901,NO
decrescita,decrescita,NOUN,S,Gender=Fem|Number=Sing,crescita,0.5793275833129883,YES
uccidendolo,uccidendolo,NOUN,S,Gender=Masc|Number=Sing,uccidendo,0.6721143126487732,NO
apartheid,apartheid,NOUN,S,Gender=Masc,segregazione,0.5417732000350952,NO
grip,grip,NOUN,S,Gender=Fem|Number=Plur,maneggevolezza,0.5460056066513062,NO
statement,statement,NOUN,S,Gender=Fem|Number=Sing,position,0.4199683964252472,YES
assicuratore,assicuratore,NOUN,S,Gender=Masc|Number=Sing,assicurativo,0.6430984139442444,NO
sciame,sciame,NOUN,S,Gender=Masc|Number=Sing,stormo,0.531109094619751,NO
cardinalizio,cardinalizio,NOUN,S,Gender=Masc|Number=Sing,cardinale,0.5521788001060486,NO
calvario,calvario,NOUN,S,Gender=Masc|Number=Sing,doloroso,0.5247388482093811,NO
stack,stack,NOUN,S,Gender=Masc,buffer,0.5400844216346741,YES
entomologo,entomologo,NOUN,S,Gender=Masc|Number=Sing,zoologo,0.7134966850280762,YES
snob,snob,NOUN,S,Gender=Fem|Number=Sing,arrogante,0.5801273584365845,NO
borchie,borchie,NOUN,S,Gender=Fem|Number=Plur,strass,0.6047687530517578,NO
assestamento,assestamento,NOUN,S,Gender=Masc|Number=Sing,bilancio,0.5612022280693054,YES
supposto,supposto,NOUN,S,Gender=Masc|Number=Sing,ipotizzato,0.7079819440841675,NO
sgabello,sgabello,NOUN,S,Gender=Masc|Number=Sing,sedia,0.6321640014648438,NO
tintura,tintura,NOUN,S,Gender=Fem|Number=Sing,colorante,0.5378128290176392,NO
works,works,NOUN,SP,Gender=Masc,work,0.6404330730438232,NO
emersione,emersione,NOUN,S,Gender=Fem|Number=Sing,emergere,0.5425602197647095,NO
mind,mind,NOUN,S,Gender=Fem|Number=Plur,life,0.5340563654899597,NO
piccione,piccione,NOUN,S,Gender=Fem|Number=Sing,piccioni,0.6339292526245117,NO
frequento,frequento,NOUN,S,Gender=Masc|Number=Sing,frequenta,0.6961314678192139,NO
ancient,ancient,NOUN,S,,old,0.5635442137718201,NO
inibitore,inibitore,NOUN,S,Gender=Masc|Number=Sing,inibitori,0.6917774677276611,NO
distro,distro,NOUN,S,Gender=Masc|Number=Sing,ubuntu,0.5626218914985657,YES
visiera,visiera,NOUN,B,Gender=Fem|Number=Sing,casco,0.622247040271759,YES
express,express,NOUN,S,Gender=Masc,train,0.45807087421417236,NO
inceneritore,inceneritore,NOUN,S,Gender=Masc|Number=Sing,inceneritori,0.7488315105438232,NO
persuasione,persuasione,NOUN,S,Gender=Fem|Number=Sing,seduzione,0.6374334096908569,NO
obsoleta,obsoleta,NOUN,S,Gender=Masc|Number=Sing,obsoleto,0.6644785404205322,NO
commissariamento,commissariamento,NOUN,S,Gender=Masc|Number=Sing,commissariato,0.5126557350158691,YES
patrigno,patrigno,NOUN,S,Gender=Masc|Number=Sing,fratellastro,0.7129069566726685,YES
termo,termo,NOUN,S,Gender=Masc|Number=Sing,riscaldamento,0.5373701453208923,YES
stable,stable,NOUN,S,Gender=Masc,release,0.44331124424934387,NO
cranica,cranica,NOUN,A,Gender=Fem|Number=Sing,cranio,0.6313009858131409,YES
bobbista,bobbista,NOUN,S,Number=Sing,cestista,0.6339990496635437,YES
published,published,NOUN,S,Gender=Fem|Number=Plur,posted,0.4817141592502594,NO
balconcino,balconcino,NOUN,S,Gender=Masc|Number=Sing,terrazzino,0.7700828909873962,NO
al-50,al-50,NOUN,S,Gender=Masc|Number=Sing,al-33,0.9363632202148438,NO
5a,5a,NOUN,NO,Gender=Masc|Number=Plur,4a,0.8807143568992615,NO
jeep,jeep,NOUN,S,Gender=Fem,fuoristrada,0.6175477504730225,YES
tachicardia,tachicardia,NOUN,S,Gender=Fem|Number=Sing,cefalea,0.5990172624588013,YES
aggiustamento,aggiustamento,NOUN,S,Gender=Masc|Number=Sing,aggiustamenti,0.6842595338821411,NO
peduncolo,peduncolo,NOUN,S,Gender=Masc|Number=Sing,picciolo,0.6298120021820068,NO
studios,studios,NOUN,S,,cinematografici,0.4847707152366638,NO
piglio,piglio,NOUN,S,Gender=Masc|Number=Sing,energico,0.5430335402488708,NO
cannoniere,cannoniere,NOUN,S,Gender=Masc|Number=Sing,capocannoniere,0.5646961331367493,YES
baronessa,baronessa,NOUN,S,Gender=Fem|Number=Sing,contessa,0.6771953701972961,NO
corporatura,corporatura,NOUN,S,Gender=Fem|Number=Sing,statura,0.6993952393531799,NO
cent,cent,NOUN,S,Gender=Fem|Number=Sing,trent',0.6292197108268738,NO
pessimista,pessimista,NOUN,S,Number=Sing,ottimista,0.8227031230926514,NO
saletta,saletta,NOUN,S,Gender=Fem|Number=Sing,sala,0.8225080370903015,NO
ranger,ranger,NOUN,SP,Gender=Masc,cowboy,0.5014211535453796,YES
socia,socia,NOUN,S,Gender=Fem|Number=Sing,socio,0.6075897812843323,YES
secchio,secchio,NOUN,S,Gender=Masc|Number=Sing,bidone,0.5814052224159241,NO
scollo,scollo,NOUN,S,Gender=Masc|Number=Sing,maniche,0.48726773262023926,NO
prateria,prateria,NOUN,S,Gender=Fem|Number=Sing,praterie,0.613258421421051,NO
espiatorio,espiatorio,NOUN,S,Gender=Masc|Number=Sing,capro,0.6092429757118225,NO
thing,thing,NOUN,S,,things,0.6033112406730652,NO
giorgio,giorgio,NOUN,S,Gender=Masc|Number=Sing,roberto,0.7044855356216431,NO
fotogallery,fotogallery,NOUN,V,Gender=Fem|Number=Plur,gallery,0.7483871579170227,YES
writing,writing,NOUN,S,,writer,0.6275626420974731,NO
organizzatrice,organizzatrice,NOUN,S,Number=Sing,organizzatore,0.6953222751617432,YES
mobilio,mobilio,NOUN,S,Gender=Masc|Number=Sing,arredi,0.6877722144126892,NO
folclore,folclore,NOUN,S,Gender=Masc|Number=Sing,folklore,0.910996675491333,YES
fusion,fusion,NOUN,S,,jazz,0.5392938852310181,YES
polistrumentista,polistrumentista,NOUN,S,Number=Sing,chitarrista,0.7761198878288269,YES
send,send,NOUN,V,Gender=Masc|Number=Sing,receive,0.5530229806900024,NO
demoniaco,demoniaco,NOUN,S,Gender=Masc|Number=Sing,demone,0.6689513325691223,NO
elettricista,elettricista,NOUN,S,Number=Sing,muratore,0.6347646117210388,YES
pigmento,pigmento,NOUN,S,Gender=Masc|Number=Sing,pigmenti,0.7801771759986877,NO
purea,purea,NOUN,S,Gender=Fem|Number=Sing,polpa,0.6107834577560425,YES
centro,centro,NOUN,S,Gender=Masc|Number=Sing,nord-occidentale,0.7672770619392395,YES
allenatore2,allenatore2,NOUN,S,Gender=Fem,allenatore,0.4405529201030731,YES
something,something,NOUN,S,Gender=Masc,everything,0.5564919710159302,YES
slittamento,slittamento,NOUN,S,Gender=Masc|Number=Sing,spostamento,0.620844841003418,YES
vessillo,vessillo,NOUN,S,Gender=Masc|Number=Sing,stendardo,0.7373195886611938,NO
flights,flights,NOUN,S,Gender=Masc|Number=Sing,countries,0.408976286649704,NO
cifratura,cifratura,NOUN,S,Gender=Fem|Number=Sing,crittografia,0.8386898636817932,YES
elaboratore,elaboratore,NOUN,S,Gender=Masc|Number=Sing,calcolatore,0.5860397815704346,YES
ruscello,ruscello,NOUN,S,Gender=Masc|Number=Sing,fiume,0.6860430836677551,NO
saturo,saturo,NOUN,S,Gender=Masc|Number=Sing,saturi,0.558628261089325,NO
producer,producer,NOUN,S,Number=Sing,director,0.5719577670097351,NO
group5,group5,NOUN,SP,Number=Sing,group4,0.8795059323310852,NO
merluzzo,merluzzo,NOUN,S,Gender=Masc|Number=Sing,baccalà,0.6688272953033447,NO
judo,judo,NOUN,S,Gender=Fem|Number=Sing,karate,0.7036290168762207,NO
singolo3,singolo3,NOUN,S,Gender=Masc|Number=Sing,singolo2,0.867451012134552,YES
frangia,frangia,NOUN,S,Gender=Fem|Number=Sing,frange,0.6377972364425659,NO
safe,safe,NOUN,S,Gender=Fem|Number=Sing,safety,0.4767129123210907,NO
conoscitiva,conoscitiva,NOUN,S,Gender=Fem|Number=Sing,indagine,0.5950717926025391,YES
psicoanalista,psicoanalista,NOUN,S,Gender=Fem|Number=Sing,psicoterapeuta,0.7621383666992188,NO
dress,dress,NOUN,S,Gender=Masc,white,0.5253588557243347,NO
events,events,NOUN,SP,Gender=Masc,event,0.6472721695899963,NO
ricettario,ricettario,NOUN,S,Gender=Masc|Number=Sing,ricette,0.6619315147399902,NO
parsec,parsec,NOUN,S,Gender=Masc|Number=Sing,nebulosa,0.46155816316604614,NO
telefono,telefono,NOUN,S,Gender=Masc|Number=Sing,dimmela,0.4966168999671936,NO
refettorio,refettorio,NOUN,S,Gender=Masc|Number=Sing,chiostro,0.5938277840614319,YES
calderone,calderone,NOUN,S,Gender=Fem|Number=Sing,miscuglio,0.5275328755378723,YES
dee,dee,NOUN,V,,divinità,0.6252751350402832,NO
perseveranza,perseveranza,NOUN,S,Gender=Fem|Number=Sing,tenacia,0.7926512360572815,NO
totem,totem,NOUN,S,Gender=Masc,pannelli,0.46965867280960083,NO
ready,ready,NOUN,S,Gender=Fem,get,0.47430750727653503,NO
baciano,baciano,NOUN,S,Gender=Masc|Number=Sing,bacia,0.7381571531295776,NO
ferimento,ferimento,NOUN,S,Gender=Masc|Number=Sing,feriti,0.5582940578460693,NO
dibattimento,dibattimento,NOUN,S,Gender=Masc|Number=Sing,processuale,0.6167610883712769,NO
carteggio,carteggio,NOUN,S,Gender=Masc|Number=Sing,epistolare,0.5433013439178467,NO
revisore,revisore,NOUN,S,Gender=Masc|Number=Sing,revisori,0.6962170004844666,NO
bivacco,bivacco,NOUN,S,Gender=Masc|Number=Sing,rifugio,0.5838249921798706,YES
pronome,pronome,NOUN,S,Gender=Masc|Number=Sing,pronomi,0.7433298826217651,NO
trail,trail,NOUN,S,Gender=Masc|Number=Sing,running,0.6096792817115784,YES
posticipo,posticipo,NOUN,S,Gender=Masc|Number=Sing,anticipo,0.5467739105224609,YES
oppositore,oppositore,NOUN,S,Gender=Masc|Number=Sing,sostenitore,0.6721180081367493,YES
circoscritto,circoscritto,NOUN,S,Gender=Masc|Number=Sing,ristretto,0.6553463935852051,NO
save,save,NOUN,S,Gender=Masc|Number=Sing,kill,0.4548340141773224,NO
door,door,NOUN,S,Number=Plur,back,0.4653160572052002,YES
cattedre,cattedre,NOUN,S,Number=Sing,cattedra,0.6506298780441284,YES
mesetto,mesetto,NOUN,V,Gender=Masc|Number=Sing,mese,0.6180340051651001,YES
camice,camice,NOUN,S,Number=Sing,camicie,0.5874580144882202,NO
wind,wind,NOUN,S,Gender=Masc,adsl,0.48133009672164917,NO
merchandising,merchandising,NOUN,S,,gadgets,0.5868756175041199,NO
riesame,riesame,NOUN,S,Gender=Masc|Number=Sing,revisione,0.51805180311203,YES
oscuramento,oscuramento,NOUN,S,Gender=Masc|Number=Sing,oscurare,0.5732640027999878,NO
films,films,NOUN,S,Gender=Masc|Number=Plur,film,0.6295459270477295,YES
sudovest,sudovest,NOUN,S,Gender=Masc,nordovest,0.8223251700401306,YES
channels,channels,NOUN,S,,channel,0.5727282762527466,NO
eros,eros,NOUN,V,Gender=Masc|Number=Sing,erotismo,0.761907696723938,NO
grill,grill,NOUN,S,Gender=Masc|Number=Plur,barbecue,0.5858429074287415,YES
programmatico,programmatico,NOUN,S,Gender=Masc|Number=Sing,manifesto,0.6121736168861389,YES
nomignolo,nomignolo,NOUN,S,Gender=Masc|Number=Sing,soprannome,0.8881605267524719,YES
bollino,bollino,NOUN,S,Gender=Masc|Number=Sing,certificato,0.5162475109100342,NO
quinoa,quinoa,NOUN,S,Gender=Masc|Number=Plur,soia,0.5948806405067444,YES
omologo,omologo,NOUN,S,Gender=Masc|Number=Sing,analogo,0.5338785648345947,YES
spazzolino,spazzolino,NOUN,S,Gender=Masc|Number=Sing,dentifricio,0.6161018013954163,NO
reunion,reunion,NOUN,S,,band,0.6117565631866455,YES
solstizio,solstizio,NOUN,S,Gender=Masc|Number=Sing,crepuscolo,0.4950348436832428,YES
topografia,topografia,NOUN,S,Gender=Fem|Number=Sing,geografia,0.6855952143669128,YES
mango,mango,NOUN,S,Gender=Masc|Number=Sing,avocado,0.5834726095199585,NO
leave,leave,NOUN,S,Gender=Fem|Number=Sing,let,0.49637481570243835,YES
sigh,sigh,NOUN,S,Gender=Masc|Number=Plur,mannaggia,0.676320493221283,NO
adito,adito,NOUN,S,Gender=Masc|Number=Sing,dar,0.5527763962745667,NO
cipollina,cipollina,NOUN,S,Gender=Fem|Number=Sing,tritata,0.5831648111343384,NO
render,render,NOUN,S,,rendere,0.632504403591156,NO
evaso,evaso,NOUN,V,Gender=Masc|Number=Sing,evadere,0.6055497527122498,NO
guelfi,guelfi,NOUN,S,Gender=Masc|Number=Sing,ghibellini,0.8065004348754883,NO
colgo,colgo,NOUN,S,Gender=Fem|Number=Plur,approfitto,0.6447242498397827,YES
aborti,aborti,NOUN,S,Gender=Masc|Number=Plur,aborto,0.643511950969696,YES
realizzo,realizzo,NOUN,S,Gender=Masc|Number=Sing,realizzazione,0.5479998588562012,NO
origem,origem,NOUN,B,Gender=Masc|Number=Sing,origen,0.7430150508880615,YES
confino,confino,NOUN,S,Gender=Masc|Number=Sing,esilio,0.5894032716751099,YES
remissione,remissione,NOUN,S,Gender=Fem|Number=Sing,guarigione,0.537455141544342,YES
strip,strip,NOUN,S,,strisce,0.5175199508666992,NO
torrent,torrent,NOUN,S,Gender=Fem|Number=Sing,download,0.5375757217407227,YES
delivery,delivery,NOUN,S,Gender=Fem|Number=Plur,service,0.5223740339279175,YES
viario,viario,NOUN,S,Gender=Masc|Number=Sing,urbanistico,0.6026973128318787,NO
notiziario,notiziario,NOUN,S,Gender=Masc|Number=Sing,giornale,0.6247111558914185,YES
orologeria,orologeria,NOUN,S,Gender=Fem|Number=Sing,gioielleria,0.5385640263557434,NO
predefinite,predefinite,NOUN,S,Gender=Fem|Number=Sing,predefiniti,0.6695162653923035,NO
crollò,crollò,NOUN,S,Gender=Fem|Number=Sing,cadde,0.7052148580551147,NO
piantagione,piantagione,NOUN,S,Gender=Fem|Number=Sing,piantagioni,0.7815222144126892,NO
terrorist,terrorist,NOUN,S,,attack,0.46534717082977295,YES
pappo,pappo,NOUN,S,Gender=Masc|Number=Sing,acheni,0.5519841313362122,NO
caricatura,caricatura,NOUN,S,Gender=Fem|Number=Sing,parodia,0.6723299622535706,YES
compostaggio,compostaggio,NOUN,S,Gender=Masc|Number=Sing,differenziata,0.561767578125,NO
polinomio,polinomio,NOUN,S,Gender=Masc|Number=Sing,teorema,0.5332156419754028,NO
pathos,pathos,NOUN,S,Gender=Masc|Number=Sing,suspense,0.6116847991943359,NO
tracollo,tracollo,NOUN,S,Gender=Masc|Number=Sing,crollo,0.7074984908103943,YES
sobrenome,sobrenome,NOUN,S,Gender=Fem|Number=Plur,apellido,0.7436341643333435,NO
elettrodo,elettrodo,NOUN,S,Gender=Masc|Number=Sing,elettrodi,0.7166194915771484,NO
fettina,fettina,NOUN,S,Gender=Fem|Number=Sing,fetta,0.7487635016441345,NO
settentrione,settentrione,NOUN,S,Gender=Fem|Number=Sing,nord,0.7408760190010071,YES
truffatore,truffatore,NOUN,S,Gender=Masc|Number=Sing,ladro,0.6100433468818665,YES
copio,copio,NOUN,S,Gender=Masc|Number=Sing,inserisco,0.5797141194343567,NO
emulsione,emulsione,NOUN,S,Gender=Fem|Number=Sing,crema,0.5664736032485962,YES
sventura,sventura,NOUN,S,Gender=Fem|Number=Sing,disgrazia,0.6496344804763794,YES
pilot,pilot,NOUN,S,,telefilm,0.578047513961792,YES
pianoro,pianoro,NOUN,S,Gender=Masc|Number=Sing,pendio,0.6640385389328003,YES
scorporo,scorporo,NOUN,S,Gender=Masc|Number=Sing,accorpamento,0.5865421891212463,YES
congegno,congegno,NOUN,S,Gender=Masc|Number=Sing,macchinario,0.6355403065681458,NO
sentore,sentore,NOUN,S,Gender=Masc|Number=Sing,retrogusto,0.5767491459846497,NO
sterlina,sterlina,NOUN,S,Gender=Fem|Number=Sing,dollaro,0.6351176500320435,YES
ritocco,ritocco,NOUN,S,Gender=Masc|Number=Sing,ritocchi,0.6826315522193909,NO
migratorio,migratorio,NOUN,S,Gender=Masc|Number=Sing,migratori,0.6281301379203796,NO
sostengo,sostengo,NOUN,S,Gender=Masc|Number=Sing,dico,0.6822499632835388,NO
cappellino,cappellino,NOUN,S,Gender=Masc|Number=Sing,berretto,0.7809415459632874,NO
microprocessore,microprocessore,NOUN,S,Gender=Masc|Number=Sing,processore,0.6874015927314758,YES
imaging,imaging,NOUN,S,,scanner,0.5087162256240845,YES
strike,strike,NOUN,S,Gender=Masc|Number=Sing,put,0.47362425923347473,NO
modalit,modalit,NOUN,S,Gender=Masc,modalità,0.7125228047370911,NO
verification,verification,NOUN,S,Gender=Fem|Number=Plur,message,0.4410179555416107,YES
distinguo,distinguo,NOUN,A,Gender=Masc|Number=Sing,distinzioni,0.617108166217804,NO
dovr,dovr,NOUN,S,Gender=Masc,sar,0.7486982345581055,NO
slittino,slittino,NOUN,B,Gender=Masc|Number=Sing,sci,0.6040096879005432,YES
uccellino,uccellino,NOUN,S,Gender=Masc|Number=Sing,uccello,0.7206255793571472,YES
whole,whole,NOUN,_SP,Gender=Masc,the,0.5420460104942322,NO
foulard,foulard,NOUN,S,Gender=Fem|Number=Plur,fazzoletto,0.6522838473320007,YES
crocifissione,crocifissione,NOUN,S,Gender=Fem|Number=Sing,decapitazione,0.5991418957710266,NO
grammo,grammo,NOUN,S,Gender=Masc|Number=Sing,chilo,0.7112393379211426,NO
frazionamento,frazionamento,NOUN,S,Gender=Masc|Number=Sing,accorpamento,0.5070428252220154,YES
socket,socket,NOUN,S,Gender=Masc|Number=Sing,chipset,0.5210899710655212,YES
sett,sett,NOUN,S,Gender=Masc|Number=Sing,settimane,0.48303449153900146,NO
occhiaie,occhiaie,NOUN,S,Gender=Masc|Number=Sing,rughe,0.6822124719619751,NO
paladino,paladino,NOUN,S,Gender=Masc|Number=Sing,eroe,0.5823964476585388,YES
schiaccia,schiaccia,NOUN,S,Gender=Fem|Number=Sing,schiacciare,0.6891267895698547,NO
gonfio,gonfio,NOUN,S,Gender=Masc|Number=Sing,gonfia,0.6083279252052307,NO
bagnetto,bagnetto,NOUN,S,Gender=Masc|Number=Sing,bagno,0.616737425327301,YES
ethernet,ethernet,NOUN,V,,usb,0.6352320909500122,NO
latinos,latinos,NOUN,S,Gender=Fem|Number=Sing,afroamericani,0.412098228931427,NO
infamia,infamia,NOUN,S,Gender=Fem|Number=Sing,lode,0.5628769993782043,YES
escavatore,escavatore,NOUN,S,Gender=Masc|Number=Sing,trattore,0.6177234649658203,NO
deep,deep,NOUN,S,Gender=Masc,black,0.5393326878547668,NO
ardore,ardore,NOUN,S,Gender=Masc|Number=Sing,fervore,0.7566416263580322,YES
mondana,mondana,NOUN,S,Gender=Fem|Number=Sing,aristocratica,0.5711544156074524,NO
stiratura,stiratura,NOUN,S,Gender=Fem|Number=Sing,pulitura,0.6227850914001465,NO
capigruppo,capigruppo,NOUN,PI,Gender=Masc|Number=Sing,consiglieri,0.5769073367118835,NO
ripiegamento,ripiegamento,NOUN,S,Gender=Masc|Number=Sing,ripiegare,0.5651676058769226,NO
standing,standing,NOUN,S,,front,0.4279114603996277,YES
sindromi,sindromi,NOUN,S,Gender=Masc|Number=Plur,patologie,0.731022298336029,NO
riformatore,riformatore,NOUN,S,Gender=Masc|Number=Sing,riformista,0.6775023937225342,NO
afroamericana,afroamericana,NOUN,S,Gender=Fem|Number=Sing,afroamericani,0.733239471912384,NO
request,request,NOUN,S,Gender=Masc,response,0.47078701853752136,NO
spianatoia,spianatoia,NOUN,S,Gender=Fem|Number=Sing,infarinato,0.6583876013755798,NO
string,string,NOUN,S,Gender=Masc,stringa,0.5038850903511047,NO
figliolo,figliolo,NOUN,S,Gender=Masc|Number=Sing,figlio,0.6688898801803589,YES
escludo,escludo,NOUN,S,Gender=Fem|Number=Sing,credo,0.7112972736358643,NO
terriccio,terriccio,NOUN,S,Gender=Masc|Number=Sing,substrato,0.5671452283859253,YES
twitter.com,twitter.com,NOUN,S,Gender=Masc,www.facebook.com,0.5662199854850769,NO
vagone,vagone,NOUN,S,Gender=Masc|Number=Sing,vagoni,0.7543826103210449,NO
editorialista,editorialista,NOUN,S,Number=Sing,giornalista,0.6903899312019348,YES
banalmente,banalmente,NOUN,A,Number=Sing,semplicemente,0.7016263008117676,NO
maltrattamento,maltrattamento,NOUN,S,Gender=Masc|Number=Sing,maltrattamenti,0.7184996604919434,NO
esofago,esofago,NOUN,S,Gender=Masc|Number=Sing,intestino,0.6051141023635864,NO
competitor,competitor,NOUN,S,Gender=Fem|Number=Plur,concorrenti,0.669389545917511,NO
words,words,NOUN,SP,,word,0.5059690475463867,NO
sassone,sassone,NOUN,S,Gender=Fem|Number=Sing,germanica,0.561552882194519,NO
hash,hash,NOUN,S,,cifratura,0.5022597908973694,YES
bidone,bidone,NOUN,S,Gender=Fem|Number=Sing,sacchetto,0.5994981527328491,NO
porticciolo,porticciolo,NOUN,A,Gender=Masc|Number=Sing,molo,0.7332845330238342,YES
maggioritaria,maggioritaria,NOUN,S,Gender=Fem|Number=Sing,maggioritario,0.6413888931274414,NO
gonfalone,gonfalone,NOUN,S,Gender=Fem|Number=Sing,stemma,0.6185387372970581,NO
treding,treding,NOUN,S,,trading,0.3880186975002289,YES
s.a.s,s.a.s,NOUN,S,Gender=Masc,s.n.c.,0.7209354043006897,NO
loading,loading,NOUN,S,Gender=Masc,system,0.3679486811161041,NO
planning,planning,NOUN,S,,plan,0.5585337281227112,YES
felpe,felpe,NOUN,S,Gender=Fem|Number=Sing,magliette,0.7335739731788635,NO
congestione,congestione,NOUN,S,Gender=Fem|Number=Sing,traffico,0.5553743243217468,YES
strass,strass,NOUN,S,Gender=Masc,glitter,0.6863775253295898,YES
imposero,imposero,NOUN,S,Gender=Masc|Number=Sing,impose,0.8108503818511963,NO
staying,staying,NOUN,S,,stay,0.7121884226799011,NO
caporedattore,caporedattore,NOUN,S,Gender=Masc|Number=Sing,vicedirettore,0.7325965762138367,NO
estetista,estetista,NOUN,S,Number=Sing,parrucchiere,0.6889554262161255,NO
cestello,cestello,NOUN,S,Gender=Masc|Number=Sing,coperchio,0.5886656641960144,YES
coadiutore,coadiutore,NOUN,S,Gender=Masc|Number=Sing,vescovo,0.5868706703186035,YES
filantropo,filantropo,NOUN,S,Gender=Masc|Number=Sing,benefattore,0.6676778197288513,NO
gattino,gattino,NOUN,S,Gender=Masc|Number=Sing,gatto,0.7918004989624023,YES
less,less,NOUN,S,Gender=Masc,more,0.6312603950500488,YES
skeleton,skeleton,NOUN,SP,,slittino,0.4680267870426178,YES
fintanto,fintanto,NOUN,S,Gender=Masc|Number=Sing,finché,0.7854700684547424,NO
stendardo,stendardo,NOUN,S,Gender=Masc|Number=Sing,vessillo,0.7373196482658386,YES
potenziometro,potenziometro,NOUN,S,Gender=Masc|Number=Sing,relè,0.5769451260566711,NO
auto,auto,NOUN,S,Gender=Fem,cantina.,0.7190871238708496,NO
voilà,voilà,NOUN,V,Gender=Fem|Number=Plur,eccola,0.4842328429222107,NO
giavellotto,giavellotto,NOUN,S,Gender=Masc|Number=Sing,martello,0.5736634731292725,YES
affinamento,affinamento,NOUN,S,Gender=Masc|Number=Sing,affinare,0.5246221423149109,NO
polistirolo,polistirolo,NOUN,S,Gender=Masc|Number=Sing,plastica,0.645959198474884,YES
schizzo,schizzo,NOUN,S,Gender=Masc|Number=Sing,schizzi,0.6517688632011414,NO
arruolamento,arruolamento,NOUN,S,Gender=Masc|Number=Sing,reclutamento,0.7040198445320129,NO
ciotole,ciotole,NOUN,S,Number=Sing,ciotola,0.655031681060791,NO
coast,coast,NOUN,S,,west,0.5521288514137268,NO
infetto,infetto,NOUN,S,Gender=Masc|Number=Sing,infetti,0.6891190409660339,NO
ciononostante,ciononostante,NOUN,V,Number=Sing,tuttavia,0.7019712328910828,NO
.png,.png,NOUN,S,Gender=Masc|Number=Sing,.svg,0.7060352563858032,NO
outsourcing,outsourcing,NOUN,S,Gender=Masc,management,0.47274911403656006,NO
offshore,offshore,NOUN,S,Gender=Masc|Number=Sing,petrolifere,0.5382826924324036,NO
divento,divento,NOUN,S,Gender=Masc|Number=Sing,diventa,0.6132577061653137,NO
dt,dt,NOUN,S,Gender=Fem|Number=Sing,ds,0.5136081576347351,NO
failed,failed,NOUN,V,Gender=Fem,error,0.4591202437877655,NO
comics,comics,NOUN,A,,fumetti,0.7466383576393127,NO
grandine,grandine,NOUN,S,Gender=Fem|Number=Sing,pioggia,0.5966883301734924,YES
levitra,levitra,NOUN,S,Gender=Fem|Number=Sing,cialis,0.8728798031806946,NO
propriet,propriet,NOUN,S,Gender=Masc|Number=Plur,proprieta,0.676777720451355,YES
toner,toner,NOUN,S,,inchiostri,0.6147220730781555,NO
comprenda,comprenda,NOUN,S,Gender=Fem|Number=Sing,capisca,0.6962512135505676,NO
scacchiere,scacchiere,NOUN,S,Gender=Masc|Number=Sing,pedine,0.5715819001197815,NO
catastrofico,catastrofico,NOUN,S,Gender=Masc|Number=Sing,disastroso,0.7281327247619629,NO
annientamento,annientamento,NOUN,S,Gender=Masc|Number=Sing,sterminio,0.6502591371536255,YES
clausura,clausura,NOUN,S,Gender=Fem|Number=Sing,convento,0.5806771516799927,YES
palloncino,palloncino,NOUN,S,Gender=Masc|Number=Sing,palloncini,0.7311553359031677,NO
distorto,distorto,NOUN,V,Gender=Masc|Number=Sing,distorta,0.6317886114120483,NO
production,production,NOUN,V_PC_PC,Gender=Fem,company,0.5323336124420166,YES
ldots,ldots,NOUN,S,Gender=Masc|Number=Sing,dots,0.6693495512008667,NO
stecchino,stecchino,NOUN,S,Gender=Masc|Number=Sing,spago,0.42686453461647034,NO
parapetto,parapetto,NOUN,S,Gender=Masc|Number=Sing,balaustra,0.6629635691642761,NO
tempore,tempore,NOUN,S,Gender=Masc|Number=Sing,pro,0.4860396087169647,YES
nipotina,nipotina,NOUN,S,Gender=Fem|Number=Sing,bimba,0.7861948013305664,NO
indipendente1,indipendente1,NOUN,S,Gender=Masc|Number=Sing,pranzo1,0.5127267241477966,NO
oder,oder,NOUN,S,,als,0.5629327297210693,NO
vodka,vodka,NOUN,V_PC,Gender=Fem,birra,0.6462000012397766,YES
manganese,manganese,NOUN,S,Gender=Masc|Number=Sing,zinco,0.6176917552947998,NO
move,move,NOUN,S,Gender=Fem|Number=Plur,motion,0.43947041034698486,NO
mesh,mesh,NOUN,S,Gender=Fem|Number=Sing,texture,0.4876018762588501,NO
sognatore,sognatore,NOUN,S,Gender=Masc|Number=Sing,visionario,0.6166459918022156,YES
porting,porting,NOUN,S,,emulatore,0.5244784355163574,NO
totalizza,totalizza,NOUN,S,Gender=Fem|Number=Sing,totalizzato,0.6952733397483826,NO
lungimiranza,lungimiranza,NOUN,S,Gender=Fem|Number=Sing,tenacia,0.6397110819816589,NO
xkè,xkè,NOUN,S,,anke,0.8318998217582703,NO
relaxing,relaxing,NOUN,S,,quiet,0.6369535326957703,NO
informatore,informatore,NOUN,A,Gender=Masc|Number=Sing,agente,0.5477949380874634,YES
strutto,strutto,NOUN,S,Gender=Masc|Number=Sing,lardo,0.4650972783565521,NO
pedagogista,pedagogista,NOUN,S,Number=Sing,educatore,0.6398345828056335,NO
enogastronomico,enogastronomico,NOUN,S,Gender=Masc|Number=Sing,gastronomico,0.8276328444480896,NO
tipografo,tipografo,NOUN,S,Gender=Masc|Number=Sing,tipografia,0.6457837820053101,YES
riconsegna,riconsegna,NOUN,A,Gender=Fem|Number=Sing,consegna,0.7085626721382141,YES
visiting,visiting,NOUN,S,Gender=Masc,visit,0.5371789336204529,NO
superbia,superbia,NOUN,S,Gender=Fem|Number=Sing,arroganza,0.6750245690345764,YES
ipertrofia,ipertrofia,NOUN,S,Gender=Fem|Number=Sing,muscolare,0.5468282699584961,NO
setto,setto,NOUN,S,Gender=Masc|Number=Sing,nasale,0.4682536721229553,NO
serotonina,serotonina,NOUN,S,Gender=Fem|Number=Sing,ormone,0.5973026156425476,YES
setaccio,setaccio,NOUN,S,Gender=Masc|Number=Sing,setacciata,0.4698059558868408,NO
stampaggio,stampaggio,NOUN,S,Gender=Masc|Number=Sing,saldatura,0.5499836802482605,NO
baratos,baratos,NOUN,S,Gender=Masc|Number=Sing,sus,0.4227566421031952,NO
oligarchia,oligarchia,NOUN,S,Gender=Fem|Number=Sing,aristocrazia,0.643017590045929,NO
solutions,solutions,NOUN,S,Gender=Masc|Number=Plur,systems,0.5705503225326538,NO
orafo,orafo,NOUN,S,Gender=Fem|Number=Sing,artigiano,0.695469081401825,NO
clear,clear,NOUN,S,Gender=Fem|Number=Plur,clean,0.45374569296836853,NO
stalking,stalking,NOUN,S,,bullismo,0.5774648785591125,NO
ppm,ppm,NOUN,B,Gender=Masc,mg,0.4262255132198334,NO
frontespizio,frontespizio,NOUN,S,Gender=Masc|Number=Sing,manoscritto,0.5234836935997009,NO
eccola,eccola,NOUN,S,Gender=Fem|Number=Sing,eccolo,0.7705493569374084,NO
factor,factor,NOUN,S,Gender=Fem|Number=Plur,form,0.450837641954422,NO
convincimento,convincimento,NOUN,S,Gender=Masc|Number=Sing,convinzione,0.6269798278808594,NO
agronomo,agronomo,NOUN,S,Gender=Masc|Number=Sing,agricoltore,0.6628997921943665,YES
nogoal,nogoal,NOUN,S,Gender=Fem|Number=Sing,draco,0.3626941740512848,NO
monofore,monofore,NOUN,S,Gender=Masc|Number=Sing,lesene,0.6436145901679993,NO
alesaggio,alesaggio,NOUN,S,Gender=Masc|Number=Sing,cilindrata,0.47861430048942566,NO
congettura,congettura,NOUN,S,Gender=Fem|Number=Sing,teorema,0.5791108012199402,NO
favoreggiamento,favoreggiamento,NOUN,S,Gender=Masc|Number=Sing,reato,0.6025238633155823,YES
micio,micio,NOUN,S,Gender=Masc|Number=Sing,gatto,0.7920655608177185,YES
cantina,cantina,NOUN,S,Gender=Masc|Number=Plur,bagno.,0.7346581816673279,YES
rank,rank,NOUN,S,Gender=Masc|Number=Sing,ranking,0.5969617962837219,YES
detailing,detailing,NOUN,S,,tuning,0.38981494307518005,YES
benefit,benefit,NOUN,S,Gender=Masc|Number=Sing,benefici,0.512018084526062,NO
emicrania,emicrania,NOUN,S,Gender=Fem|Number=Sing,cefalea,0.7062366008758545,YES
ozio,ozio,NOUN,S,Gender=Fem|Number=Plur,pigrizia,0.5253996253013611,NO
allevatore,allevatore,NOUN,S,Gender=Masc|Number=Sing,agricoltore,0.7154614925384521,YES
bertok,bertok,NOUN,S,Gender=Masc|Number=Sing,stefania,0.5033490657806396,NO
filesystem,filesystem,NOUN,S,Gender=Masc,kernel,0.635356605052948,NO
fenice,fenice,NOUN,S,Gender=Masc|Number=Sing,araba,0.5297454595565796,NO
rimprovero,rimprovero,NOUN,V,Gender=Masc|Number=Sing,rimprovera,0.6028659343719482,NO
effimero,effimero,NOUN,S,Gender=Masc|Number=Sing,effimera,0.7442646026611328,NO
compositivo,compositivo,NOUN,S,Gender=Masc|Number=Sing,stilistico,0.675857424736023,NO
sacrosanto,sacrosanto,NOUN,S,Gender=Masc|Number=Sing,diritto,0.6118592023849487,YES
soffritto,soffritto,NOUN,S,Gender=Masc|Number=Sing,soffriggere,0.6645879149436951,NO
tips,tips,NOUN,V,Gender=Masc|Number=Sing,tools,0.4464748799800873,NO
parrucchiera,parrucchiera,NOUN,S,Gender=Fem|Number=Sing,parrucchiere,0.746208906173706,NO
none,none,NOUN,S,Gender=Fem|Number=Sing,alt,0.40973320603370667,NO
solving,solving,NOUN,S,,problem,0.5711963772773743,YES
dribbling,dribbling,NOUN,S,Gender=Masc,gol,0.5648382306098938,YES
enne,enne,NOUN,S,Number=Sing,quarantenne,0.5814761519432068,NO
riluttanza,riluttanza,NOUN,S,Gender=Fem|Number=Sing,riluttante,0.6515569686889648,NO
sovraffollamento,sovraffollamento,NOUN,S,Gender=Masc|Number=Sing,disagio,0.5464754700660706,YES
collant,collant,NOUN,V,Gender=Masc,calze,0.6829172968864441,NO
sceicco,sceicco,NOUN,S,Gender=Masc|Number=Sing,emiro,0.5697608590126038,NO
forces,forces,NOUN,S,Gender=Fem|Number=Sing,force,0.4871893525123596,YES
femminicidio,femminicidio,NOUN,S,Gender=Masc|Number=Sing,omofobia,0.5623049736022949,NO
assiduo,assiduo,NOUN,S,Gender=Masc|Number=Sing,attento,0.5782163739204407,YES
cooking,cooking,NOUN,S,,kitchen,0.5410035252571106,NO
fucina,fucina,NOUN,S,Gender=Fem|Number=Sing,fornace,0.536791980266571,NO
predispone,predispone,NOUN,S,Gender=Fem|Number=Sing,elabora,0.6512963175773621,YES
venezuelana,venezuelana,NOUN,S,Gender=Fem|Number=Sing,colombiana,0.7652791738510132,NO
microphone,microphone,NOUN,S,Gender=Fem|Number=Sing,drum,0.4145998954772949,YES
realizzatore,realizzatore,NOUN,S,Gender=Masc|Number=Sing,ideatore,0.5810921788215637,YES
affiancamento,affiancamento,NOUN,S,Gender=Masc|Number=Sing,affiancare,0.5772233009338379,NO
riassetto,riassetto,NOUN,S,Gender=Masc|Number=Sing,riordino,0.712496280670166,NO
compartimento,compartimento,NOUN,S,Gender=Masc|Number=Sing,vagone,0.5050919055938721,YES
viceammiraglio,viceammiraglio,NOUN,S,Gender=Masc|Number=Sing,contrammiraglio,0.7707054018974304,YES
moltiplicatore,moltiplicatore,NOUN,S,Gender=Masc|Number=Sing,moltiplicato,0.5331950783729553,NO
bovino,bovino,NOUN,S,Gender=Masc|Number=Sing,bovini,0.6978516578674316,NO
psicofisico,psicofisico,NOUN,S,Gender=Masc|Number=Sing,psichico,0.7373623847961426,NO
ammortizzatore,ammortizzatore,NOUN,S,Gender=Masc|Number=Sing,ammortizzatori,0.7064746022224426,NO
occorso,occorso,NOUN,S,Gender=Masc|Number=Sing,avvenuto,0.6079275608062744,NO
lorenzojhwh,lorenzojhwh,NOUN,S,Gender=Fem|Number=Plur,youtube,0.3923473656177521,YES
dicotomia,dicotomia,NOUN,S,Gender=Fem|Number=Sing,contrapposizione,0.6681726574897766,NO
macabro,macabro,NOUN,S,Gender=Masc|Number=Sing,grottesco,0.6760238409042358,NO
olotipo,olotipo,NOUN,S,Gender=Masc|Number=Sing,fossile,0.4141099750995636,NO
на,на,NOUN,PC,Gender=Fem,в,0.8253595232963562,NO
pallet,pallet,NOUN,S,Gender=Masc|Number=Plur,container,0.5335600972175598,NO
armatore,armatore,NOUN,S,Gender=Masc|Number=Sing,marinaio,0.5967289805412292,YES
esorcista,esorcista,NOUN,S,Number=Sing,demonio,0.5163018703460693,YES
sutura,sutura,NOUN,S,Gender=Fem|Number=Sing,chirurgica,0.522390604019165,NO
debolmente,debolmente,NOUN,S,Number=Sing,fortemente,0.5703283548355103,NO
avra,avra,NOUN,S,Gender=Fem|Number=Sing,sara,0.79387366771698,NO
n.1926,n.1926,NOUN,S,Gender=Masc|Number=Plur,n.1927,0.9674872159957886,NO
bandierina,bandierina,NOUN,S,Gender=Fem|Number=Sing,bandiera,0.6821409463882446,YES
bullo,bullo,NOUN,S,Gender=Masc|Number=Sing,bulli,0.6836721301078796,NO
cobalto,cobalto,NOUN,S,Gender=Masc|Number=Sing,blu,0.5921527147293091,NO
sottodistretto,sottodistretto,NOUN,S,Gender=Masc|Number=Sing,distretto,0.3515670597553253,NO
credits,credits,NOUN,S,Number=Plur,credit,0.5009762644767761,NO
vestibolo,vestibolo,NOUN,S,Gender=Masc|Number=Sing,atrio,0.66221022605896,YES
caprone,caprone,NOUN,S,Gender=Fem|Number=Sing,toro,0.4355827271938324,YES
docufilm,docufilm,NOUN,S,Gender=Masc,documentario,0.6887151002883911,YES
proveinchieste,proveinchieste,NOUN,S,Number=Sing,futuroareenewstest,0.6947407722473145,NO
alchimista,alchimista,NOUN,A,Number=Sing,alchimia,0.595333456993103,YES
futuroareenewstest,futuroareenewstest,NOUN,S,,proveinchieste,0.6947407722473145,YES
godo,godo,NOUN,S,Gender=Masc|Number=Sing,godendo,0.6166658401489258,NO
socio,socio,NOUN,S,Gender=Masc|Number=Sing,economico,0.6989108920097351,NO
tagged,tagged,NOUN,S,Gender=Masc|Number=Sing,taggato,0.49596425890922546,NO
apprensione,apprensione,NOUN,S,Gender=Fem|Number=Sing,preoccupazione,0.696117639541626,NO
proletaria,proletaria,NOUN,S,Gender=Fem|Number=Sing,operaia,0.7518723011016846,NO
muscoloso,muscoloso,NOUN,S,Gender=Masc|Number=Sing,magro,0.6084157824516296,NO
staffa,staffa,NOUN,S,Gender=Fem|Number=Sing,maniglia,0.5594459772109985,NO
cassone,cassone,NOUN,S,Gender=Fem|Number=Sing,furgone,0.566581130027771,YES
spiraglio,spiraglio,NOUN,S,Gender=Masc|Number=Sing,varco,0.5886010527610779,NO
smistamento,smistamento,NOUN,S,Gender=Masc|Number=Sing,stoccaggio,0.6017223000526428,YES
ampliò,ampliò,NOUN,S,Gender=Masc|Number=Plur,espanse,0.7097483277320862,NO
fuffa,fuffa,NOUN,S,Gender=Fem|Number=Sing,roba,0.6147239208221436,YES
astio,astio,NOUN,S,Gender=Masc|Number=Sing,risentimento,0.7048503160476685,YES
scorpione,scorpione,NOUN,S,Gender=Fem|Number=Sing,serpente,0.5869471430778503,YES
ingranaggio,ingranaggio,NOUN,S,Gender=Masc|Number=Sing,ingranaggi,0.7051558494567871,YES
consigliò,consigliò,NOUN,S,Gender=Masc|Number=Plur,suggerì,0.8227047324180603,NO
barzelletta,barzelletta,NOUN,S,Gender=Fem|Number=Sing,parodia,0.602104902267456,YES
orchidea,orchidea,NOUN,S,Gender=Fem,orchidee,0.5894815921783447,YES
gif,gif,NOUN,S,Gender=Masc|Number=Sing,animate,0.5420251488685608,NO
nuance,nuance,NOUN,S,Gender=Fem|Number=Sing,tonalità,0.7916181087493896,NO
stealth,stealth,NOUN,S,Gender=Masc|Number=Plur,gameplay,0.5241938233375549,YES
alleò,alleò,NOUN,S,Gender=Masc|Number=Sing,unì,0.6480954885482788,YES
n.1922,n.1922,NOUN,S,Gender=Masc|Number=Sing,n.1921,0.9725773334503174,NO
protection,protection,NOUN,S,,security,0.5700123310089111,YES
obliquo,obliquo,NOUN,S,Gender=Fem,orizzontale,0.6108742952346802,NO
decorated,decorated,NOUN,S,Gender=Masc|Number=Sing,spacious,0.5805001258850098,NO
void,void,NOUN,S,Gender=Masc|Number=Plur,int,0.47439610958099365,NO
larva,larva,NOUN,S,Gender=Fem|Number=Sing,larve,0.7404828071594238,NO
gain,gain,NOUN,S,,loss,0.5399467349052429,NO
chicco,chicco,NOUN,S,Gender=Masc|Number=Sing,chicchi,0.6636403799057007,NO
impiccagione,impiccagione,NOUN,S,Gender=Fem|Number=Sing,fucilazione,0.6581466794013977,NO
viceministro,viceministro,NOUN,S,Gender=Masc|Number=Sing,sottosegretario,0.7795605063438416,NO
infuria,infuria,NOUN,S,Gender=Fem|Number=Sing,arrabbia,0.6477339267730713,NO
strapotere,strapotere,NOUN,V,Gender=Masc|Number=Sing,predominio,0.6354856491088867,YES
propio,propio,NOUN,S,Gender=Masc|Number=Sing,proprio,0.6499834656715393,NO
strozzino,strozzino,NOUN,S,Gender=Masc|Number=Sing,usuraio,0.6020325422286987,YES
markets,markets,NOUN,S,Gender=Masc|Number=Sing,market,0.5418053865432739,YES
birth,birth,NOUN,S,Gender=Masc|Number=Sing,death,0.4003539979457855,YES
rapinatore,rapinatore,NOUN,S,Gender=Masc|Number=Sing,rapinatori,0.703675389289856,NO
anything,anything,NOUN,S,,something,0.5257611274719238,YES
diversificata,diversificata,NOUN,S,Gender=Fem|Number=Sing,variegata,0.7557294368743896,NO
svezzamento,svezzamento,NOUN,S,Gender=Masc|Number=Sing,allattamento,0.5967148542404175,NO
antipapa,antipapa,NOUN,S,Gender=Masc|Number=Sing,papa,0.6211395263671875,YES
granchio,granchio,NOUN,S,Gender=Masc|Number=Sing,polpo,0.5544335842132568,YES
creditizia,creditizia,NOUN,S,Gender=Fem|Number=Sing,bancaria,0.6655261516571045,NO
giovanotto,giovanotto,NOUN,S,Gender=Masc|Number=Sing,ragazzo,0.6969262957572937,YES
perditempo,perditempo,NOUN,S,Gender=Masc|Number=Sing,trattabile,0.5952492356300354,NO
mirror,mirror,NOUN,S,Gender=Masc|Number=Sing,repository,0.4714887738227844,NO
lampadario,lampadario,NOUN,S,Gender=Masc|Number=Sing,lampadari,0.7656638026237488,NO
copy,copy,NOUN,S,Gender=Fem|Number=Sing,copyright,0.48948898911476135,YES
fobia,fobia,NOUN,S,Gender=Fem|Number=Sing,paura,0.5826131701469421,YES
anatre,anatre,NOUN,S,Gender=Masc|Number=Sing,oche,0.6795828342437744,NO
stormo,stormo,NOUN,S,Gender=Masc|Number=Sing,squadrone,0.5764976739883423,YES
blasonatura,blasonatura,NOUN,S,Gender=Fem|Number=Sing,stemma,0.4428236186504364,NO
autocontrollo,autocontrollo,NOUN,S,Gender=Masc|Number=Sing,controllo,0.5641016364097595,YES
guado,guado,NOUN,S,Gender=Masc|Number=Sing,fosso,0.5175595283508301,YES
antiorario,antiorario,NOUN,S,Gender=Masc|Number=Sing,inverso,0.564628541469574,NO
apologia,apologia,NOUN,S,Gender=Fem|Number=Sing,istigazione,0.549525797367096,NO
sfavore,sfavore,NOUN,S,Number=Sing,favore,0.7049927115440369,YES
canora,canora,NOUN,S,Gender=Fem|Number=Sing,musicale,0.5811359286308289,NO
monouso,monouso,NOUN,S,Gender=Masc|Number=Sing,plastica,0.5156958103179932,YES
s.n.c,s.n.c,NOUN,S,Gender=Masc|Number=Plur,snc,0.7463774085044861,NO
lifestyle,lifestyle,NOUN,S,Gender=Masc|Number=Sing,food,0.5781122446060181,YES
rostro,rostro,NOUN,S,Gender=Masc|Number=Sing,becco,0.49506786465644836,YES
maratoneta,maratoneta,NOUN,S,Number=Sing,velocista,0.6621279716491699,YES
maneggio,maneggio,NOUN,S,Gender=Masc|Number=Sing,equitazione,0.5665380954742432,NO
trasformandolo,trasformandolo,NOUN,S,Number=Sing,trasformando,0.7954378724098206,NO
pinguino,pinguino,NOUN,S,Gender=Masc|Number=Sing,pinguini,0.6543292999267578,NO
finanziatore,finanziatore,NOUN,S,Gender=Masc|Number=Sing,finanziatori,0.674362301826477,NO
th,th,NOUN,PC,Gender=Masc,pl,0.4696708619594574,YES
dislocamento,dislocamento,NOUN,S,Gender=Masc|Number=Sing,scafo,0.4915146231651306,YES
simulator,simulator,NOUN,S,Gender=Masc,simulatore,0.5281075239181519,YES
ricongiungimento,ricongiungimento,NOUN,S,Gender=Masc|Number=Sing,ricongiungersi,0.612802267074585,NO
curricula,curricula,NOUN,S,Gender=Fem|Number=Sing,curriculum,0.6889774799346924,NO
contrappunto,contrappunto,NOUN,S,Gender=Masc|Number=Sing,ritmico,0.5289990901947021,NO
forward,forward,NOUN,S,,back,0.5572006106376648,YES
carnefice,carnefice,NOUN,S,Gender=Fem|Number=Plur,vittima,0.6063334345817566,YES
regalino,regalino,NOUN,S,Gender=Masc|Number=Sing,regalo,0.7507163286209106,YES
n.1936,n.1936,NOUN,I,Gender=Masc|Number=Sing,n.1937,0.9694691896438599,NO
om,om,NOUN,V,Gender=Masc,og,0.4981306493282318,NO
osservo,osservo,NOUN,S,Gender=Masc|Number=Sing,guardo,0.7178742289543152,NO
sinonimia,sinonimia,NOUN,S,Gender=Fem|Number=Sing,sinonimi,0.3855190575122833,NO
stefania,stefania,NOUN,S,Gender=Fem|Number=Sing,stefano,0.5610505938529968,NO
caratterista,caratterista,NOUN,S,Number=Sing,attore,0.5666681528091431,YES
monarchico,monarchico,NOUN,S,Gender=Masc|Number=Sing,monarchia,0.6688375473022461,YES
mannaro,mannaro,NOUN,A,Gender=Masc|Number=Sing,vampiro,0.5249509811401367,YES
fuor,fuor,NOUN,S,Gender=Fem|Number=Plur,fuori,0.49473878741264343,NO
firmatario,firmatario,NOUN,S,Gender=Masc|Number=Sing,firmatari,0.6968899369239807,NO
monotonia,monotonia,NOUN,S,Gender=Fem|Number=Sing,noia,0.6915040016174316,NO
suonatore,suonatore,NOUN,S,Gender=Masc|Number=Sing,musicista,0.6153344511985779,YES
poemetto,poemetto,NOUN,S,Gender=Masc|Number=Sing,poema,0.7544905543327332,YES
emulatore,emulatore,NOUN,S,Gender=Masc|Number=Sing,emulazione,0.5593586564064026,NO
soglio,soglio,NOUN,S,Gender=Masc|Number=Sing,trono,0.4822511374950409,NO
aa,aa,NOUN,PC,,tt,0.47748255729675293,NO
malizia,malizia,NOUN,S,Gender=Fem|Number=Sing,cattiveria,0.6200756430625916,NO
precettore,precettore,NOUN,S,Gender=Masc|Number=Sing,mentore,0.5394603610038757,YES
pozzetto,pozzetto,NOUN,S,Gender=Masc|Number=Sing,pozzo,0.5342808961868286,YES
centro,centro,NOUN,S,Gender=Masc|Number=Sing,settentrionale,0.7623988389968872,NO
cartilagine,cartilagine,NOUN,S,Gender=Fem|Number=Sing,ossea,0.5885610580444336,NO
psichedelico,psichedelico,NOUN,S,Gender=Masc|Number=Sing,onirico,0.6238346695899963,NO
sfondamento,sfondamento,NOUN,S,Gender=Masc|Number=Sing,sfondare,0.5547839403152466,NO
disclaimer,disclaimer,NOUN,S,Gender=Fem|Number=Plur,template,0.4961142838001251,NO
feud,feud,NOUN,V,Gender=Fem|Number=Sing,faida,0.5946611166000366,NO
birrificio,birrificio,NOUN,S,Gender=Masc|Number=Sing,birra,0.5747039914131165,YES
grinfie,grinfie,NOUN,SP,Gender=Fem|Number=Plur,fauci,0.5141542553901672,NO
creditizio,creditizio,NOUN,S,Gender=Masc|Number=Sing,bancario,0.6655164361000061,NO
benefattore,benefattore,NOUN,S,Gender=Masc|Number=Sing,filantropo,0.6676778197288513,YES
cavalcavia,cavalcavia,NOUN,B,Gender=Fem|Number=Sing,viadotto,0.6395241618156433,YES
distensione,distensione,NOUN,S,Gender=Fem|Number=Sing,pacificazione,0.6020678877830505,NO
votantonio,votantonio,NOUN,S,Gender=Masc|Number=Sing,dispe,0.4019731879234314,NO
baranggay,baranggay,NOUN,S,Gender=Masc,municipalità,0.5075117349624634,NO
assumo,assumo,NOUN,S,Gender=Masc|Number=Sing,prendo,0.5826824307441711,NO
bimotore,bimotore,NOUN,S,Gender=Masc|Number=Sing,monomotore,0.7650027871131897,NO
fresh,fresh,NOUN,S,Gender=Masc|Number=Plur,clean,0.5355789661407471,NO
fuoricampo,fuoricampo,NOUN,S,Gender=Masc|Number=Sing,lanciatore,0.465599000453949,YES
inquisitore,inquisitore,NOUN,S,Gender=Masc|Number=Sing,eretico,0.5385251045227051,NO
tone,tone,NOUN,S,Gender=Fem|Number=Sing,voice,0.5281198620796204,NO
cda,cda,NOUN,S,Gender=Masc,direttivo,0.5048962235450745,NO
chiosco,chiosco,NOUN,V,Gender=Masc|Number=Sing,ristorante,0.6006110310554504,YES
moltiplica,moltiplica,NOUN,S,Gender=Fem|Number=Sing,moltiplicare,0.6929512023925781,NO
ragnatela,ragnatela,NOUN,S,Gender=Fem|Number=Sing,ragno,0.6265270709991455,NO
doratura,doratura,NOUN,S,Gender=Fem|Number=Sing,dorata,0.4981074333190918,NO
posto,posto,NOUN,S,Gender=Masc|Number=Sing,posto,0.4931785762310028,YES
pamphlet,pamphlet,NOUN,S,Gender=Masc,saggio,0.5571196675300598,YES
monoblocco,monoblocco,NOUN,S,Gender=Masc|Number=Sing,ghisa,0.5503655076026917,NO
condicio,condicio,NOUN,S,Gender=Masc|Number=Sing,par,0.4896388351917267,NO
